date,store_nbr,item_id,unit_sales,onpromotion
2025-10-01,STORE_1,1000,38,False
2025-10-02,STORE_1,1000,34,False
2025-10-03,STORE_1,1000,43,False
2025-10-04,STORE_1,1000,37,False
2025-10-05,STORE_1,1000,27,False
2025-10-06,STORE_1,1000,22,False
2025-10-07,STORE_1,1000,16,False
2025-10-08,STORE_1,1000,38,True
2025-10-09,STORE_1,1000,30,False
2025-10-10,STORE_1,1000,37,False
2025-10-11,STORE_1,1000,50,False
2025-10-12,STORE_1,1000,44,False
2025-10-13,STORE_1,1000,17,False
2025-10-14,STORE_1,1000,33,False
2025-10-15,STORE_1,1000,24,False
2025-10-16,STORE_1,1000,38,False
2025-10-17,STORE_1,1000,47,False
2025-10-18,STORE_1,1000,45,False
2025-10-19,STORE_1,1000,32,False
2025-10-20,STORE_1,1000,27,False
2025-10-21,STORE_1,1000,24,False
2025-10-22,STORE_1,1000,12,False
2025-10-23,STORE_1,1000,26,True
2025-10-24,STORE_1,1000,32,False
2025-10-25,STORE_1,1000,26,False
2025-10-26,STORE_1,1000,28,False
2025-10-27,STORE_1,1000,31,False
2025-10-28,STORE_1,1000,31,False
2025-10-29,STORE_1,1000,30,True
2025-10-30,STORE_1,1000,29,False
2025-10-31,STORE_1,1000,36,False
2025-11-01,STORE_1,1000,64,False
2025-11-02,STORE_1,1000,25,False
2025-11-03,STORE_1,1000,16,False
2025-11-04,STORE_1,1000,25,False
2025-11-05,STORE_1,1000,20,False
2025-11-06,STORE_1,1000,13,False
2025-11-07,STORE_1,1000,25,False
2025-11-08,STORE_1,1000,61,False
2025-11-09,STORE_1,1000,25,False
2025-11-10,STORE_1,1000,14,False
2025-11-11,STORE_1,1000,36,False
2025-11-12,STORE_1,1000,18,False
2025-11-13,STORE_1,1000,48,False
2025-11-14,STORE_1,1000,31,False
2025-11-15,STORE_1,1000,56,False
2025-11-16,STORE_1,1000,30,False
2025-11-17,STORE_1,1000,28,False
2025-11-18,STORE_1,1000,23,False
2025-11-19,STORE_1,1000,23,False
2025-11-20,STORE_1,1000,38,False
2025-11-21,STORE_1,1000,69,True
2025-11-22,STORE_1,1000,55,False
2025-11-23,STORE_1,1000,42,False
2025-11-24,STORE_1,1000,35,False
2025-11-25,STORE_1,1000,53,False
2025-11-26,STORE_1,1000,46,True
2025-11-27,STORE_1,1000,26,False
2025-11-28,STORE_1,1000,48,False
2025-11-29,STORE_1,1000,28,False
2025-11-30,STORE_1,1000,46,False
2025-12-01,STORE_1,1000,29,False
2025-12-02,STORE_1,1000,31,False
2025-12-03,STORE_1,1000,32,False
2025-12-04,STORE_1,1000,38,False
2025-12-05,STORE_1,1000,16,False
2025-12-06,STORE_1,1000,53,False
2025-12-07,STORE_1,1000,38,False
2025-12-08,STORE_1,1000,35,False
2025-12-09,STORE_1,1000,19,False
2025-12-10,STORE_1,1000,30,False
2025-12-11,STORE_1,1000,26,False
2025-12-12,STORE_1,1000,60,False
2025-12-13,STORE_1,1000,73,False
2025-12-14,STORE_1,1000,46,False
2025-12-15,STORE_1,1000,36,False
2025-12-16,STORE_1,1000,28,False
2025-12-17,STORE_1,1000,27,False
2025-12-18,STORE_1,1000,25,False
2025-12-19,STORE_1,1000,43,False
2025-12-20,STORE_1,1000,60,False
2025-12-21,STORE_1,1000,49,False
2025-12-22,STORE_1,1000,32,False
2025-12-23,STORE_1,1000,27,False
2025-12-24,STORE_1,1000,38,False
2025-12-25,STORE_1,1000,27,False
2025-12-26,STORE_1,1000,31,False
2025-12-27,STORE_1,1000,55,False
2025-12-28,STORE_1,1000,48,False
2025-12-29,STORE_1,1000,35,False
2025-12-30,STORE_1,1000,34,False
2025-12-31,STORE_1,1000,15,False
2026-01-01,STORE_1,1000,42,False
2026-01-02,STORE_1,1000,62,False
2026-01-03,STORE_1,1000,47,False
2026-01-04,STORE_1,1000,58,True
2026-01-05,STORE_1,1000,26,False
2026-01-06,STORE_1,1000,18,False
2026-01-07,STORE_1,1000,24,False
2026-01-08,STORE_1,1000,25,True
2026-01-09,STORE_1,1000,48,False
2026-01-10,STORE_1,1000,31,False
2026-01-11,STORE_1,1000,39,False
2026-01-12,STORE_1,1000,40,True
2026-01-13,STORE_1,1000,27,False
2026-01-14,STORE_1,1000,24,False
2026-01-15,STORE_1,1000,39,False
2026-01-16,STORE_1,1000,36,False
2026-01-17,STORE_1,1000,23,False
2026-01-18,STORE_1,1000,19,False
2026-01-19,STORE_1,1000,28,False
2026-01-20,STORE_1,1000,25,False
2026-01-21,STORE_1,1000,10,False
2026-01-22,STORE_1,1000,24,False
2026-01-23,STORE_1,1000,41,False
2026-01-24,STORE_1,1000,32,False
2026-01-25,STORE_1,1000,38,False
2026-01-26,STORE_1,1000,28,False
2026-01-27,STORE_1,1000,22,False
2026-01-28,STORE_1,1000,32,True
2026-01-29,STORE_1,1000,26,False
2026-01-30,STORE_1,1000,0,False
2026-01-31,STORE_1,1000,19,False
2026-02-01,STORE_1,1000,20,False
2026-02-02,STORE_1,1000,21,False
2026-02-03,STORE_1,1000,22,False
2026-02-04,STORE_1,1000,32,False
2026-02-05,STORE_1,1000,27,False
2026-02-06,STORE_1,1000,34,False
2026-02-07,STORE_1,1000,40,False
2026-02-08,STORE_1,1000,27,False
2026-02-09,STORE_1,1000,19,False
2026-02-10,STORE_1,1000,28,False
2026-02-11,STORE_1,1000,16,False
2026-02-12,STORE_1,1000,20,False
2026-02-13,STORE_1,1000,34,False
2026-02-14,STORE_1,1000,48,False
2026-02-15,STORE_1,1000,28,False
2026-02-16,STORE_1,1000,21,False
2026-02-17,STORE_1,1000,22,False
2026-02-18,STORE_1,1000,27,False
2026-02-19,STORE_1,1000,25,False
2026-02-20,STORE_1,1000,44,True
2026-02-21,STORE_1,1000,43,False
2026-02-22,STORE_1,1000,35,False
2026-02-23,STORE_1,1000,38,False
2026-02-24,STORE_1,1000,24,False
2026-02-25,STORE_1,1000,19,False
2026-02-26,STORE_1,1000,27,False
2026-02-27,STORE_1,1000,27,False
2026-02-28,STORE_1,1000,18,False
2026-03-01,STORE_1,1000,28,False
2026-03-02,STORE_1,1000,37,False
2026-03-03,STORE_1,1000,18,False
2026-03-04,STORE_1,1000,32,True
2026-03-05,STORE_1,1000,32,False
2026-03-06,STORE_1,1000,44,False
2026-03-07,STORE_1,1000,39,False
2026-03-08,STORE_1,1000,34,False
2026-03-09,STORE_1,1000,41,True
2026-03-10,STORE_1,1000,26,True
2026-03-11,STORE_1,1000,19,False
2026-03-12,STORE_1,1000,32,False
2026-03-13,STORE_1,1000,44,False
2026-03-14,STORE_1,1000,53,True
2026-03-15,STORE_1,1000,39,False
2026-03-16,STORE_1,1000,23,False
2026-03-17,STORE_1,1000,14,False
2026-03-18,STORE_1,1000,27,True
2026-03-19,STORE_1,1000,30,True
2026-03-20,STORE_1,1000,39,False
2026-03-21,STORE_1,1000,31,True
2026-03-22,STORE_1,1000,33,False
2026-03-23,STORE_1,1000,0,False
2026-03-24,STORE_1,1000,26,False
2026-03-25,STORE_1,1000,20,False
2026-03-26,STORE_1,1000,39,False
2026-03-27,STORE_1,1000,27,False
2026-03-28,STORE_1,1000,37,False
2026-03-29,STORE_1,1000,28,False
2026-03-30,STORE_1,1000,26,False
2026-03-31,STORE_1,1000,33,False
2026-04-01,STORE_1,1000,19,False
2026-04-02,STORE_1,1000,31,False
2026-04-03,STORE_1,1000,40,False
2026-04-04,STORE_1,1000,50,False
2026-04-05,STORE_1,1000,26,False
2026-04-06,STORE_1,1000,20,False
2026-04-07,STORE_1,1000,31,True
2026-04-08,STORE_1,1000,26,False
2026-04-09,STORE_1,1000,33,False
2026-04-10,STORE_1,1000,38,False
2026-04-11,STORE_1,1000,80,True
2026-04-12,STORE_1,1000,29,False
2026-04-13,STORE_1,1000,18,False
2026-04-14,STORE_1,1000,18,False
2026-04-15,STORE_1,1000,33,True
2026-04-16,STORE_1,1000,34,False
2026-04-17,STORE_1,1000,33,False
2026-04-18,STORE_1,1000,44,False
2026-04-19,STORE_1,1000,20,False
2026-04-20,STORE_1,1000,0,False
2026-04-21,STORE_1,1000,32,True
2026-04-22,STORE_1,1000,33,False
2026-04-23,STORE_1,1000,26,False
2026-04-24,STORE_1,1000,13,False
2026-04-25,STORE_1,1000,36,False
2026-04-26,STORE_1,1000,38,False
2026-04-27,STORE_1,1000,17,False
2026-04-28,STORE_1,1000,25,False
2026-04-29,STORE_1,1000,17,False
2026-04-30,STORE_1,1000,40,False
2026-05-01,STORE_1,1000,31,False
2026-05-02,STORE_1,1000,26,False
2026-05-03,STORE_1,1000,28,False
2026-05-04,STORE_1,1000,26,False
2026-05-05,STORE_1,1000,27,False
2026-05-06,STORE_1,1000,33,False
2026-05-07,STORE_1,1000,23,False
2026-05-08,STORE_1,1000,41,False
2026-05-09,STORE_1,1000,22,False
2026-05-10,STORE_1,1000,24,False
2026-05-11,STORE_1,1000,16,False
2026-05-12,STORE_1,1000,19,False
2026-05-13,STORE_1,1000,29,False
2026-05-14,STORE_1,1000,23,False
2026-05-15,STORE_1,1000,31,False
2026-05-16,STORE_1,1000,0,False
2026-05-17,STORE_1,1000,27,False
2026-05-18,STORE_1,1000,0,False
2026-05-19,STORE_1,1000,21,False
2026-05-20,STORE_1,1000,18,False
2026-05-21,STORE_1,1000,39,False
2026-05-22,STORE_1,1000,31,False
2026-05-23,STORE_1,1000,50,True
2026-05-24,STORE_1,1000,23,False
2026-05-25,STORE_1,1000,28,False
2026-05-26,STORE_1,1000,28,False
2026-05-27,STORE_1,1000,26,False
2026-05-28,STORE_1,1000,27,False
2026-05-29,STORE_1,1000,19,False
2026-05-30,STORE_1,1000,35,False
2026-05-31,STORE_1,1000,30,False
2026-06-01,STORE_1,1000,18,False
2026-06-02,STORE_1,1000,25,False
2026-06-03,STORE_1,1000,26,False
2026-06-04,STORE_1,1000,25,False
2026-06-05,STORE_1,1000,35,False
2026-06-06,STORE_1,1000,36,False
2026-06-07,STORE_1,1000,18,False
2026-06-08,STORE_1,1000,28,False
2026-06-09,STORE_1,1000,8,False
2026-06-10,STORE_1,1000,27,False
2026-06-11,STORE_1,1000,18,False
2026-06-12,STORE_1,1000,38,False
2026-06-13,STORE_1,1000,43,False
2026-06-14,STORE_1,1000,35,False
2026-06-15,STORE_1,1000,30,False
2026-06-16,STORE_1,1000,31,False
2026-06-17,STORE_1,1000,22,False
2026-06-18,STORE_1,1000,33,False
2026-06-19,STORE_1,1000,31,False
2026-06-20,STORE_1,1000,42,False
2026-06-21,STORE_1,1000,40,False
2026-06-22,STORE_1,1000,20,False
2026-06-23,STORE_1,1000,10,False
2026-06-24,STORE_1,1000,19,False
2026-06-25,STORE_1,1000,36,False
2026-06-26,STORE_1,1000,26,False
2026-06-27,STORE_1,1000,39,True
2026-06-28,STORE_1,1000,36,False
2026-06-29,STORE_1,1000,29,False
2026-06-30,STORE_1,1000,0,False
2026-07-01,STORE_1,1000,18,False
2026-07-02,STORE_1,1000,0,False
2026-07-03,STORE_1,1000,24,False
2026-07-04,STORE_1,1000,46,False
2026-07-05,STORE_1,1000,24,False
2026-07-06,STORE_1,1000,32,False
2026-07-07,STORE_1,1000,14,False
2026-07-08,STORE_1,1000,34,False
2026-07-09,STORE_1,1000,33,False
2026-07-10,STORE_1,1000,25,False
2026-07-11,STORE_1,1000,40,False
2026-07-12,STORE_1,1000,30,False
2026-07-13,STORE_1,1000,26,False
2026-07-14,STORE_1,1000,28,False
2026-07-15,STORE_1,1000,11,False
2026-07-16,STORE_1,1000,26,True
2026-07-17,STORE_1,1000,36,False
2026-07-18,STORE_1,1000,57,False
2026-07-19,STORE_1,1000,29,False
2026-07-20,STORE_1,1000,25,False
2026-07-21,STORE_1,1000,17,False
2026-07-22,STORE_1,1000,36,False
2026-07-23,STORE_1,1000,21,False
2026-07-24,STORE_1,1000,40,False
2026-07-25,STORE_1,1000,51,False
2026-07-26,STORE_1,1000,38,False
2026-07-27,STORE_1,1000,27,False
2026-07-28,STORE_1,1000,24,False
2026-07-29,STORE_1,1000,17,False
2026-07-30,STORE_1,1000,40,False
2026-07-31,STORE_1,1000,37,False
2026-08-01,STORE_1,1000,39,False
2026-08-02,STORE_1,1000,23,False
2026-08-03,STORE_1,1000,25,False
2026-08-04,STORE_1,1000,23,False
2026-08-05,STORE_1,1000,37,True
2026-08-06,STORE_1,1000,29,False
2026-08-07,STORE_1,1000,33,False
2026-08-08,STORE_1,1000,37,False
2026-08-09,STORE_1,1000,22,False
2026-08-10,STORE_1,1000,27,False
2026-08-11,STORE_1,1000,23,False
2026-08-12,STORE_1,1000,32,False
2026-08-13,STORE_1,1000,28,False
2026-08-14,STORE_1,1000,25,False
2026-08-15,STORE_1,1000,43,False
2026-08-16,STORE_1,1000,41,False
2026-08-17,STORE_1,1000,17,False
2026-08-18,STORE_1,1000,25,False
2026-08-19,STORE_1,1000,0,False
2026-08-20,STORE_1,1000,29,False
2026-08-21,STORE_1,1000,29,False
2026-08-22,STORE_1,1000,61,True
2026-08-23,STORE_1,1000,23,False
2026-08-24,STORE_1,1000,34,False
2026-08-25,STORE_1,1000,25,False
2026-08-26,STORE_1,1000,11,False
2026-08-27,STORE_1,1000,40,True
2026-08-28,STORE_1,1000,45,False
2026-08-29,STORE_1,1000,43,False
2026-08-30,STORE_1,1000,23,False
2026-08-31,STORE_1,1000,20,False
2026-09-01,STORE_1,1000,21,False
2026-09-02,STORE_1,1000,36,False
2026-09-03,STORE_1,1000,0,False
2026-09-04,STORE_1,1000,35,False
2026-09-05,STORE_1,1000,38,False
2026-09-06,STORE_1,1000,35,False
2026-09-07,STORE_1,1000,30,False
2026-09-08,STORE_1,1000,28,True
2026-09-09,STORE_1,1000,31,False
2026-09-10,STORE_1,1000,30,False
2026-09-11,STORE_1,1000,38,False
2026-09-12,STORE_1,1000,20,False
2026-09-13,STORE_1,1000,24,False
2026-09-14,STORE_1,1000,24,False
2026-09-15,STORE_1,1000,19,False
2026-09-16,STORE_1,1000,16,False
2026-09-17,STORE_1,1000,24,False
2026-09-18,STORE_1,1000,37,False
2026-09-19,STORE_1,1000,46,False
2026-09-20,STORE_1,1000,17,False
2026-09-21,STORE_1,1000,25,False
2026-09-22,STORE_1,1000,23,False
2026-09-23,STORE_1,1000,45,True
2026-09-24,STORE_1,1000,19,False
2026-09-25,STORE_1,1000,37,False
2026-09-26,STORE_1,1000,35,False
2026-09-27,STORE_1,1000,18,False
2026-09-28,STORE_1,1000,21,False
2026-09-29,STORE_1,1000,24,False
2026-09-30,STORE_1,1000,31,False
2025-10-01,STORE_1,1001,30,False
2025-10-02,STORE_1,1001,34,False
2025-10-03,STORE_1,1001,42,False
2025-10-04,STORE_1,1001,50,False
2025-10-05,STORE_1,1001,53,False
2025-10-06,STORE_1,1001,34,False
2025-10-07,STORE_1,1001,21,False
2025-10-08,STORE_1,1001,39,False
2025-10-09,STORE_1,1001,37,False
2025-10-10,STORE_1,1001,50,False
2025-10-11,STORE_1,1001,61,True
2025-10-12,STORE_1,1001,11,False
2025-10-13,STORE_1,1001,26,True
2025-10-14,STORE_1,1001,34,False
2025-10-15,STORE_1,1001,26,False
2025-10-16,STORE_1,1001,73,True
2025-10-17,STORE_1,1001,49,False
2025-10-18,STORE_1,1001,51,False
2025-10-19,STORE_1,1001,40,False
2025-10-20,STORE_1,1001,0,False
2025-10-21,STORE_1,1001,28,False
2025-10-22,STORE_1,1001,39,False
2025-10-23,STORE_1,1001,33,False
2025-10-24,STORE_1,1001,47,False
2025-10-25,STORE_1,1001,37,False
2025-10-26,STORE_1,1001,52,False
2025-10-27,STORE_1,1001,20,False
2025-10-28,STORE_1,1001,34,False
2025-10-29,STORE_1,1001,34,False
2025-10-30,STORE_1,1001,39,False
2025-10-31,STORE_1,1001,29,False
2025-11-01,STORE_1,1001,46,False
2025-11-02,STORE_1,1001,50,False
2025-11-03,STORE_1,1001,46,False
2025-11-04,STORE_1,1001,29,False
2025-11-05,STORE_1,1001,38,False
2025-11-06,STORE_1,1001,58,True
2025-11-07,STORE_1,1001,36,False
2025-11-08,STORE_1,1001,66,True
2025-11-09,STORE_1,1001,48,False
2025-11-10,STORE_1,1001,38,False
2025-11-11,STORE_1,1001,0,False
2025-11-12,STORE_1,1001,43,False
2025-11-13,STORE_1,1001,38,True
2025-11-14,STORE_1,1001,45,False
2025-11-15,STORE_1,1001,46,False
2025-11-16,STORE_1,1001,44,False
2025-11-17,STORE_1,1001,35,False
2025-11-18,STORE_1,1001,14,False
2025-11-19,STORE_1,1001,14,False
2025-11-20,STORE_1,1001,46,False
2025-11-21,STORE_1,1001,75,False
2025-11-22,STORE_1,1001,57,False
2025-11-23,STORE_1,1001,0,False
2025-11-24,STORE_1,1001,42,False
2025-11-25,STORE_1,1001,34,False
2025-11-26,STORE_1,1001,49,False
2025-11-27,STORE_1,1001,58,False
2025-11-28,STORE_1,1001,59,False
2025-11-29,STORE_1,1001,51,False
2025-11-30,STORE_1,1001,60,False
2025-12-01,STORE_1,1001,46,False
2025-12-02,STORE_1,1001,37,False
2025-12-03,STORE_1,1001,67,False
2025-12-04,STORE_1,1001,64,True
2025-12-05,STORE_1,1001,60,False
2025-12-06,STORE_1,1001,62,False
2025-12-07,STORE_1,1001,47,False
2025-12-08,STORE_1,1001,35,False
2025-12-09,STORE_1,1001,0,False
2025-12-10,STORE_1,1001,46,False
2025-12-11,STORE_1,1001,45,False
2025-12-12,STORE_1,1001,42,False
2025-12-13,STORE_1,1001,66,True
2025-12-14,STORE_1,1001,71,False
2025-12-15,STORE_1,1001,35,False
2025-12-16,STORE_1,1001,42,False
2025-12-17,STORE_1,1001,46,False
2025-12-18,STORE_1,1001,47,False
2025-12-19,STORE_1,1001,37,False
2025-12-20,STORE_1,1001,76,False
2025-12-21,STORE_1,1001,45,False
2025-12-22,STORE_1,1001,50,False
2025-12-23,STORE_1,1001,72,True
2025-12-24,STORE_1,1001,47,False
2025-12-25,STORE_1,1001,61,False
2025-12-26,STORE_1,1001,67,False
2025-12-27,STORE_1,1001,73,False
2025-12-28,STORE_1,1001,63,False
2025-12-29,STORE_1,1001,33,False
2025-12-30,STORE_1,1001,48,False
2025-12-31,STORE_1,1001,39,False
2026-01-01,STORE_1,1001,43,False
2026-01-02,STORE_1,1001,59,False
2026-01-03,STORE_1,1001,45,False
2026-01-04,STORE_1,1001,31,False
2026-01-05,STORE_1,1001,0,True
2026-01-06,STORE_1,1001,28,False
2026-01-07,STORE_1,1001,30,False
2026-01-08,STORE_1,1001,35,False
2026-01-09,STORE_1,1001,21,False
2026-01-10,STORE_1,1001,60,True
2026-01-11,STORE_1,1001,39,False
2026-01-12,STORE_1,1001,32,False
2026-01-13,STORE_1,1001,29,False
2026-01-14,STORE_1,1001,46,False
2026-01-15,STORE_1,1001,17,False
2026-01-16,STORE_1,1001,45,False
2026-01-17,STORE_1,1001,56,False
2026-01-18,STORE_1,1001,51,False
2026-01-19,STORE_1,1001,33,False
2026-01-20,STORE_1,1001,32,False
2026-01-21,STORE_1,1001,37,False
2026-01-22,STORE_1,1001,35,False
2026-01-23,STORE_1,1001,17,False
2026-01-24,STORE_1,1001,35,False
2026-01-25,STORE_1,1001,38,False
2026-01-26,STORE_1,1001,24,False
2026-01-27,STORE_1,1001,49,False
2026-01-28,STORE_1,1001,29,False
2026-01-29,STORE_1,1001,25,False
2026-01-30,STORE_1,1001,43,False
2026-01-31,STORE_1,1001,49,False
2026-02-01,STORE_1,1001,33,False
2026-02-02,STORE_1,1001,35,False
2026-02-03,STORE_1,1001,20,False
2026-02-04,STORE_1,1001,51,True
2026-02-05,STORE_1,1001,0,False
2026-02-06,STORE_1,1001,61,True
2026-02-07,STORE_1,1001,48,False
2026-02-08,STORE_1,1001,51,False
2026-02-09,STORE_1,1001,38,False
2026-02-10,STORE_1,1001,45,False
2026-02-11,STORE_1,1001,24,False
2026-02-12,STORE_1,1001,26,False
2026-02-13,STORE_1,1001,39,False
2026-02-14,STORE_1,1001,49,False
2026-02-15,STORE_1,1001,34,False
2026-02-16,STORE_1,1001,25,False
2026-02-17,STORE_1,1001,48,True
2026-02-18,STORE_1,1001,33,True
2026-02-19,STORE_1,1001,23,False
2026-02-20,STORE_1,1001,19,False
2026-02-21,STORE_1,1001,66,False
2026-02-22,STORE_1,1001,54,False
2026-02-23,STORE_1,1001,34,True
2026-02-24,STORE_1,1001,36,False
2026-02-25,STORE_1,1001,36,False
2026-02-26,STORE_1,1001,30,False
2026-02-27,STORE_1,1001,31,False
2026-02-28,STORE_1,1001,21,False
2026-03-01,STORE_1,1001,44,False
2026-03-02,STORE_1,1001,32,False
2026-03-03,STORE_1,1001,35,False
2026-03-04,STORE_1,1001,42,False
2026-03-05,STORE_1,1001,51,False
2026-03-06,STORE_1,1001,56,False
2026-03-07,STORE_1,1001,45,False
2026-03-08,STORE_1,1001,39,False
2026-03-09,STORE_1,1001,40,False
2026-03-10,STORE_1,1001,24,False
2026-03-11,STORE_1,1001,26,False
2026-03-12,STORE_1,1001,42,False
2026-03-13,STORE_1,1001,64,False
2026-03-14,STORE_1,1001,62,False
2026-03-15,STORE_1,1001,49,False
2026-03-16,STORE_1,1001,31,False
2026-03-17,STORE_1,1001,24,False
2026-03-18,STORE_1,1001,37,False
2026-03-19,STORE_1,1001,49,False
2026-03-20,STORE_1,1001,40,False
2026-03-21,STORE_1,1001,42,False
2026-03-22,STORE_1,1001,0,False
2026-03-23,STORE_1,1001,45,False
2026-03-24,STORE_1,1001,28,False
2026-03-25,STORE_1,1001,14,False
2026-03-26,STORE_1,1001,43,False
2026-03-27,STORE_1,1001,0,False
2026-03-28,STORE_1,1001,71,True
2026-03-29,STORE_1,1001,49,False
2026-03-30,STORE_1,1001,28,False
2026-03-31,STORE_1,1001,14,False
2026-04-01,STORE_1,1001,39,False
2026-04-02,STORE_1,1001,29,False
2026-04-03,STORE_1,1001,34,False
2026-04-04,STORE_1,1001,24,False
2026-04-05,STORE_1,1001,49,False
2026-04-06,STORE_1,1001,12,False
2026-04-07,STORE_1,1001,39,False
2026-04-08,STORE_1,1001,29,False
2026-04-09,STORE_1,1001,43,False
2026-04-10,STORE_1,1001,49,False
2026-04-11,STORE_1,1001,73,False
2026-04-12,STORE_1,1001,0,False
2026-04-13,STORE_1,1001,20,False
2026-04-14,STORE_1,1001,24,False
2026-04-15,STORE_1,1001,32,False
2026-04-16,STORE_1,1001,37,False
2026-04-17,STORE_1,1001,36,True
2026-04-18,STORE_1,1001,59,False
2026-04-19,STORE_1,1001,30,False
2026-04-20,STORE_1,1001,34,False
2026-04-21,STORE_1,1001,44,False
2026-04-22,STORE_1,1001,37,False
2026-04-23,STORE_1,1001,34,False
2026-04-24,STORE_1,1001,49,False
2026-04-25,STORE_1,1001,43,False
2026-04-26,STORE_1,1001,65,False
2026-04-27,STORE_1,1001,26,False
2026-04-28,STORE_1,1001,29,False
2026-04-29,STORE_1,1001,36,False
2026-04-30,STORE_1,1001,39,False
2026-05-01,STORE_1,1001,50,False
2026-05-02,STORE_1,1001,61,True
2026-05-03,STORE_1,1001,37,False
2026-05-04,STORE_1,1001,18,False
2026-05-05,STORE_1,1001,27,False
2026-05-06,STORE_1,1001,23,False
2026-05-07,STORE_1,1001,47,False
2026-05-08,STORE_1,1001,27,False
2026-05-09,STORE_1,1001,55,False
2026-05-10,STORE_1,1001,41,False
2026-05-11,STORE_1,1001,36,False
2026-05-12,STORE_1,1001,32,False
2026-05-13,STORE_1,1001,42,False
2026-05-14,STORE_1,1001,33,False
2026-05-15,STORE_1,1001,25,False
2026-05-16,STORE_1,1001,65,False
2026-05-17,STORE_1,1001,44,False
2026-05-18,STORE_1,1001,26,False
2026-05-19,STORE_1,1001,26,False
2026-05-20,STORE_1,1001,17,False
2026-05-21,STORE_1,1001,41,False
2026-05-22,STORE_1,1001,51,False
2026-05-23,STORE_1,1001,65,False
2026-05-24,STORE_1,1001,39,False
2026-05-25,STORE_1,1001,27,False
2026-05-26,STORE_1,1001,32,False
2026-05-27,STORE_1,1001,32,False
2026-05-28,STORE_1,1001,32,False
2026-05-29,STORE_1,1001,27,False
2026-05-30,STORE_1,1001,67,False
2026-05-31,STORE_1,1001,64,False
2026-06-01,STORE_1,1001,40,False
2026-06-02,STORE_1,1001,28,False
2026-06-03,STORE_1,1001,35,False
2026-06-04,STORE_1,1001,37,False
2026-06-05,STORE_1,1001,54,False
2026-06-06,STORE_1,1001,58,False
2026-06-07,STORE_1,1001,38,False
2026-06-08,STORE_1,1001,24,True
2026-06-09,STORE_1,1001,29,False
2026-06-10,STORE_1,1001,8,False
2026-06-11,STORE_1,1001,40,True
2026-06-12,STORE_1,1001,29,False
2026-06-13,STORE_1,1001,48,False
2026-06-14,STORE_1,1001,65,False
2026-06-15,STORE_1,1001,29,False
2026-06-16,STORE_1,1001,28,False
2026-06-17,STORE_1,1001,31,False
2026-06-18,STORE_1,1001,49,False
2026-06-19,STORE_1,1001,63,True
2026-06-20,STORE_1,1001,54,False
2026-06-21,STORE_1,1001,33,False
2026-06-22,STORE_1,1001,36,False
2026-06-23,STORE_1,1001,29,True
2026-06-24,STORE_1,1001,20,False
2026-06-25,STORE_1,1001,36,False
2026-06-26,STORE_1,1001,44,False
2026-06-27,STORE_1,1001,47,False
2026-06-28,STORE_1,1001,62,False
2026-06-29,STORE_1,1001,68,True
2026-06-30,STORE_1,1001,34,False
2026-07-01,STORE_1,1001,34,False
2026-07-02,STORE_1,1001,28,False
2026-07-03,STORE_1,1001,29,False
2026-07-04,STORE_1,1001,52,False
2026-07-05,STORE_1,1001,41,False
2026-07-06,STORE_1,1001,23,False
2026-07-07,STORE_1,1001,22,False
2026-07-08,STORE_1,1001,23,False
2026-07-09,STORE_1,1001,25,False
2026-07-10,STORE_1,1001,37,False
2026-07-11,STORE_1,1001,54,False
2026-07-12,STORE_1,1001,46,False
2026-07-13,STORE_1,1001,31,False
2026-07-14,STORE_1,1001,31,False
2026-07-15,STORE_1,1001,36,False
2026-07-16,STORE_1,1001,26,True
2026-07-17,STORE_1,1001,36,False
2026-07-18,STORE_1,1001,46,False
2026-07-19,STORE_1,1001,18,True
2026-07-20,STORE_1,1001,30,False
2026-07-21,STORE_1,1001,38,False
2026-07-22,STORE_1,1001,30,False
2026-07-23,STORE_1,1001,41,False
2026-07-24,STORE_1,1001,48,False
2026-07-25,STORE_1,1001,35,False
2026-07-26,STORE_1,1001,31,False
2026-07-27,STORE_1,1001,18,False
2026-07-28,STORE_1,1001,42,False
2026-07-29,STORE_1,1001,39,False
2026-07-30,STORE_1,1001,34,False
2026-07-31,STORE_1,1001,42,False
2026-08-01,STORE_1,1001,40,False
2026-08-02,STORE_1,1001,45,False
2026-08-03,STORE_1,1001,26,False
2026-08-04,STORE_1,1001,27,False
2026-08-05,STORE_1,1001,38,True
2026-08-06,STORE_1,1001,43,False
2026-08-07,STORE_1,1001,40,False
2026-08-08,STORE_1,1001,40,False
2026-08-09,STORE_1,1001,31,False
2026-08-10,STORE_1,1001,22,False
2026-08-11,STORE_1,1001,36,False
2026-08-12,STORE_1,1001,32,False
2026-08-13,STORE_1,1001,38,False
2026-08-14,STORE_1,1001,28,False
2026-08-15,STORE_1,1001,50,False
2026-08-16,STORE_1,1001,18,False
2026-08-17,STORE_1,1001,41,False
2026-08-18,STORE_1,1001,34,True
2026-08-19,STORE_1,1001,19,False
2026-08-20,STORE_1,1001,44,False
2026-08-21,STORE_1,1001,39,False
2026-08-22,STORE_1,1001,32,False
2026-08-23,STORE_1,1001,33,False
2026-08-24,STORE_1,1001,35,False
2026-08-25,STORE_1,1001,32,False
2026-08-26,STORE_1,1001,23,False
2026-08-27,STORE_1,1001,46,False
2026-08-28,STORE_1,1001,28,False
2026-08-29,STORE_1,1001,67,False
2026-08-30,STORE_1,1001,43,False
2026-08-31,STORE_1,1001,51,True
2026-09-01,STORE_1,1001,30,False
2026-09-02,STORE_1,1001,26,False
2026-09-03,STORE_1,1001,62,False
2026-09-04,STORE_1,1001,48,False
2026-09-05,STORE_1,1001,57,False
2026-09-06,STORE_1,1001,49,False
2026-09-07,STORE_1,1001,33,False
2026-09-08,STORE_1,1001,12,False
2026-09-09,STORE_1,1001,35,False
2026-09-10,STORE_1,1001,24,False
2026-09-11,STORE_1,1001,46,False
2026-09-12,STORE_1,1001,53,False
2026-09-13,STORE_1,1001,23,False
2026-09-14,STORE_1,1001,32,False
2026-09-15,STORE_1,1001,19,False
2026-09-16,STORE_1,1001,12,False
2026-09-17,STORE_1,1001,22,False
2026-09-18,STORE_1,1001,43,False
2026-09-19,STORE_1,1001,48,False
2026-09-20,STORE_1,1001,36,False
2026-09-21,STORE_1,1001,36,False
2026-09-22,STORE_1,1001,28,False
2026-09-23,STORE_1,1001,35,False
2026-09-24,STORE_1,1001,42,False
2026-09-25,STORE_1,1001,71,False
2026-09-26,STORE_1,1001,48,False
2026-09-27,STORE_1,1001,53,False
2026-09-28,STORE_1,1001,34,False
2026-09-29,STORE_1,1001,32,False
2026-09-30,STORE_1,1001,31,False
2025-10-01,STORE_1,1002,35,False
2025-10-02,STORE_1,1002,33,False
2025-10-03,STORE_1,1002,19,False
2025-10-04,STORE_1,1002,78,False
2025-10-05,STORE_1,1002,46,False
2025-10-06,STORE_1,1002,32,False
2025-10-07,STORE_1,1002,13,False
2025-10-08,STORE_1,1002,33,False
2025-10-09,STORE_1,1002,48,True
2025-10-10,STORE_1,1002,54,False
2025-10-11,STORE_1,1002,66,False
2025-10-12,STORE_1,1002,36,False
2025-10-13,STORE_1,1002,43,False
2025-10-14,STORE_1,1002,24,False
2025-10-15,STORE_1,1002,34,False
2025-10-16,STORE_1,1002,36,False
2025-10-17,STORE_1,1002,44,False
2025-10-18,STORE_1,1002,46,False
2025-10-19,STORE_1,1002,28,False
2025-10-20,STORE_1,1002,27,False
2025-10-21,STORE_1,1002,56,True
2025-10-22,STORE_1,1002,22,False
2025-10-23,STORE_1,1002,30,False
2025-10-24,STORE_1,1002,51,False
2025-10-25,STORE_1,1002,64,False
2025-10-26,STORE_1,1002,36,False
2025-10-27,STORE_1,1002,29,False
2025-10-28,STORE_1,1002,37,False
2025-10-29,STORE_1,1002,53,False
2025-10-30,STORE_1,1002,38,False
2025-10-31,STORE_1,1002,38,False
2025-11-01,STORE_1,1002,38,False
2025-11-02,STORE_1,1002,41,False
2025-11-03,STORE_1,1002,41,False
2025-11-04,STORE_1,1002,54,False
2025-11-05,STORE_1,1002,31,False
2025-11-06,STORE_1,1002,38,False
2025-11-07,STORE_1,1002,67,False
2025-11-08,STORE_1,1002,56,False
2025-11-09,STORE_1,1002,45,False
2025-11-10,STORE_1,1002,46,False
2025-11-11,STORE_1,1002,32,False
2025-11-12,STORE_1,1002,25,False
2025-11-13,STORE_1,1002,49,False
2025-11-14,STORE_1,1002,28,False
2025-11-15,STORE_1,1002,66,False
2025-11-16,STORE_1,1002,43,False
2025-11-17,STORE_1,1002,31,False
2025-11-18,STORE_1,1002,29,False
2025-11-19,STORE_1,1002,32,False
2025-11-20,STORE_1,1002,43,False
2025-11-21,STORE_1,1002,68,False
2025-11-22,STORE_1,1002,61,False
2025-11-23,STORE_1,1002,29,False
2025-11-24,STORE_1,1002,44,False
2025-11-25,STORE_1,1002,51,False
2025-11-26,STORE_1,1002,22,False
2025-11-27,STORE_1,1002,49,False
2025-11-28,STORE_1,1002,54,False
2025-11-29,STORE_1,1002,84,False
2025-11-30,STORE_1,1002,52,False
2025-12-01,STORE_1,1002,52,False
2025-12-02,STORE_1,1002,48,False
2025-12-03,STORE_1,1002,51,False
2025-12-04,STORE_1,1002,68,False
2025-12-05,STORE_1,1002,57,False
2025-12-06,STORE_1,1002,69,False
2025-12-07,STORE_1,1002,62,False
2025-12-08,STORE_1,1002,45,False
2025-12-09,STORE_1,1002,39,False
2025-12-10,STORE_1,1002,34,False
2025-12-11,STORE_1,1002,77,True
2025-12-12,STORE_1,1002,41,False
2025-12-13,STORE_1,1002,69,False
2025-12-14,STORE_1,1002,51,False
2025-12-15,STORE_1,1002,37,False
2025-12-16,STORE_1,1002,38,False
2025-12-17,STORE_1,1002,49,False
2025-12-18,STORE_1,1002,0,True
2025-12-19,STORE_1,1002,67,False
2025-12-20,STORE_1,1002,80,False
2025-12-21,STORE_1,1002,94,True
2025-12-22,STORE_1,1002,46,False
2025-12-23,STORE_1,1002,48,False
2025-12-24,STORE_1,1002,46,False
2025-12-25,STORE_1,1002,52,True
2025-12-26,STORE_1,1002,45,False
2025-12-27,STORE_1,1002,81,False
2025-12-28,STORE_1,1002,76,False
2025-12-29,STORE_1,1002,52,False
2025-12-30,STORE_1,1002,37,False
2025-12-31,STORE_1,1002,0,False
2026-01-01,STORE_1,1002,52,False
2026-01-02,STORE_1,1002,64,False
2026-01-03,STORE_1,1002,60,False
2026-01-04,STORE_1,1002,34,False
2026-01-05,STORE_1,1002,15,False
2026-01-06,STORE_1,1002,27,False
2026-01-07,STORE_1,1002,37,False
2026-01-08,STORE_1,1002,27,False
2026-01-09,STORE_1,1002,59,False
2026-01-10,STORE_1,1002,51,False
2026-01-11,STORE_1,1002,64,True
2026-01-12,STORE_1,1002,53,True
2026-01-13,STORE_1,1002,36,False
2026-01-14,STORE_1,1002,9,False
2026-01-15,STORE_1,1002,9,False
2026-01-16,STORE_1,1002,59,False
2026-01-17,STORE_1,1002,33,False
2026-01-18,STORE_1,1002,54,False
2026-01-19,STORE_1,1002,43,False
2026-01-20,STORE_1,1002,22,False
2026-01-21,STORE_1,1002,25,False
2026-01-22,STORE_1,1002,44,False
2026-01-23,STORE_1,1002,46,True
2026-01-24,STORE_1,1002,35,False
2026-01-25,STORE_1,1002,45,True
2026-01-26,STORE_1,1002,27,False
2026-01-27,STORE_1,1002,32,False
2026-01-28,STORE_1,1002,15,False
2026-01-29,STORE_1,1002,20,False
2026-01-30,STORE_1,1002,36,False
2026-01-31,STORE_1,1002,79,False
2026-02-01,STORE_1,1002,46,False
2026-02-02,STORE_1,1002,28,False
2026-02-03,STORE_1,1002,23,False
2026-02-04,STORE_1,1002,23,False
2026-02-05,STORE_1,1002,32,False
2026-02-06,STORE_1,1002,39,False
2026-02-07,STORE_1,1002,49,False
2026-02-08,STORE_1,1002,48,False
2026-02-09,STORE_1,1002,33,False
2026-02-10,STORE_1,1002,38,False
2026-02-11,STORE_1,1002,31,False
2026-02-12,STORE_1,1002,53,False
2026-02-13,STORE_1,1002,56,False
2026-02-14,STORE_1,1002,55,False
2026-02-15,STORE_1,1002,48,False
2026-02-16,STORE_1,1002,29,False
2026-02-17,STORE_1,1002,30,False
2026-02-18,STORE_1,1002,31,False
2026-02-19,STORE_1,1002,30,False
2026-02-20,STORE_1,1002,31,False
2026-02-21,STORE_1,1002,60,False
2026-02-22,STORE_1,1002,0,False
2026-02-23,STORE_1,1002,34,False
2026-02-24,STORE_1,1002,34,False
2026-02-25,STORE_1,1002,29,False
2026-02-26,STORE_1,1002,33,False
2026-02-27,STORE_1,1002,52,False
2026-02-28,STORE_1,1002,34,False
2026-03-01,STORE_1,1002,42,False
2026-03-02,STORE_1,1002,44,False
2026-03-03,STORE_1,1002,21,False
2026-03-04,STORE_1,1002,39,False
2026-03-05,STORE_1,1002,39,False
2026-03-06,STORE_1,1002,39,False
2026-03-07,STORE_1,1002,59,False
2026-03-08,STORE_1,1002,34,False
2026-03-09,STORE_1,1002,33,False
2026-03-10,STORE_1,1002,20,False
2026-03-11,STORE_1,1002,45,True
2026-03-12,STORE_1,1002,45,True
2026-03-13,STORE_1,1002,42,False
2026-03-14,STORE_1,1002,62,False
2026-03-15,STORE_1,1002,45,True
2026-03-16,STORE_1,1002,41,False
2026-03-17,STORE_1,1002,47,False
2026-03-18,STORE_1,1002,22,False
2026-03-19,STORE_1,1002,44,False
2026-03-20,STORE_1,1002,48,False
2026-03-21,STORE_1,1002,63,False
2026-03-22,STORE_1,1002,100,True
2026-03-23,STORE_1,1002,34,False
2026-03-24,STORE_1,1002,28,False
2026-03-25,STORE_1,1002,28,False
2026-03-26,STORE_1,1002,24,False
2026-03-27,STORE_1,1002,50,False
2026-03-28,STORE_1,1002,48,False
2026-03-29,STORE_1,1002,54,True
2026-03-30,STORE_1,1002,32,False
2026-03-31,STORE_1,1002,20,False
2026-04-01,STORE_1,1002,31,False
2026-04-02,STORE_1,1002,32,False
2026-04-03,STORE_1,1002,46,False
2026-04-04,STORE_1,1002,24,False
2026-04-05,STORE_1,1002,47,False
2026-04-06,STORE_1,1002,0,False
2026-04-07,STORE_1,1002,33,False
2026-04-08,STORE_1,1002,40,False
2026-04-09,STORE_1,1002,33,False
2026-04-10,STORE_1,1002,52,False
2026-04-11,STORE_1,1002,61,False
2026-04-12,STORE_1,1002,52,False
2026-04-13,STORE_1,1002,40,False
2026-04-14,STORE_1,1002,25,False
2026-04-15,STORE_1,1002,47,False
2026-04-16,STORE_1,1002,21,False
2026-04-17,STORE_1,1002,56,False
2026-04-18,STORE_1,1002,46,False
2026-04-19,STORE_1,1002,32,False
2026-04-20,STORE_1,1002,35,False
2026-04-21,STORE_1,1002,52,True
2026-04-22,STORE_1,1002,38,False
2026-04-23,STORE_1,1002,38,False
2026-04-24,STORE_1,1002,72,True
2026-04-25,STORE_1,1002,53,False
2026-04-26,STORE_1,1002,44,False
2026-04-27,STORE_1,1002,35,False
2026-04-28,STORE_1,1002,27,False
2026-04-29,STORE_1,1002,43,False
2026-04-30,STORE_1,1002,43,True
2026-05-01,STORE_1,1002,37,False
2026-05-02,STORE_1,1002,56,False
2026-05-03,STORE_1,1002,46,False
2026-05-04,STORE_1,1002,33,False
2026-05-05,STORE_1,1002,53,False
2026-05-06,STORE_1,1002,27,False
2026-05-07,STORE_1,1002,56,True
2026-05-08,STORE_1,1002,48,False
2026-05-09,STORE_1,1002,62,False
2026-05-10,STORE_1,1002,31,False
2026-05-11,STORE_1,1002,39,False
2026-05-12,STORE_1,1002,25,False
2026-05-13,STORE_1,1002,27,False
2026-05-14,STORE_1,1002,28,False
2026-05-15,STORE_1,1002,54,False
2026-05-16,STORE_1,1002,61,False
2026-05-17,STORE_1,1002,57,False
2026-05-18,STORE_1,1002,19,False
2026-05-19,STORE_1,1002,37,True
2026-05-20,STORE_1,1002,31,False
2026-05-21,STORE_1,1002,41,False
2026-05-22,STORE_1,1002,52,False
2026-05-23,STORE_1,1002,60,False
2026-05-24,STORE_1,1002,66,False
2026-05-25,STORE_1,1002,18,False
2026-05-26,STORE_1,1002,18,False
2026-05-27,STORE_1,1002,33,False
2026-05-28,STORE_1,1002,56,False
2026-05-29,STORE_1,1002,55,False
2026-05-30,STORE_1,1002,39,False
2026-05-31,STORE_1,1002,45,False
2026-06-01,STORE_1,1002,32,False
2026-06-02,STORE_1,1002,30,False
2026-06-03,STORE_1,1002,29,False
2026-06-04,STORE_1,1002,38,False
2026-06-05,STORE_1,1002,60,False
2026-06-06,STORE_1,1002,46,False
2026-06-07,STORE_1,1002,50,False
2026-06-08,STORE_1,1002,40,False
2026-06-09,STORE_1,1002,42,False
2026-06-10,STORE_1,1002,26,False
2026-06-11,STORE_1,1002,37,False
2026-06-12,STORE_1,1002,40,True
2026-06-13,STORE_1,1002,42,False
2026-06-14,STORE_1,1002,34,False
2026-06-15,STORE_1,1002,36,False
2026-06-16,STORE_1,1002,36,False
2026-06-17,STORE_1,1002,36,False
2026-06-18,STORE_1,1002,27,False
2026-06-19,STORE_1,1002,66,False
2026-06-20,STORE_1,1002,39,False
2026-06-21,STORE_1,1002,42,False
2026-06-22,STORE_1,1002,56,True
2026-06-23,STORE_1,1002,56,True
2026-06-24,STORE_1,1002,28,False
2026-06-25,STORE_1,1002,30,False
2026-06-26,STORE_1,1002,0,False
2026-06-27,STORE_1,1002,39,False
2026-06-28,STORE_1,1002,50,False
2026-06-29,STORE_1,1002,42,False
2026-06-30,STORE_1,1002,34,False
2026-07-01,STORE_1,1002,43,False
2026-07-02,STORE_1,1002,15,False
2026-07-03,STORE_1,1002,48,False
2026-07-04,STORE_1,1002,59,False
2026-07-05,STORE_1,1002,50,False
2026-07-06,STORE_1,1002,18,False
2026-07-07,STORE_1,1002,35,False
2026-07-08,STORE_1,1002,39,False
2026-07-09,STORE_1,1002,39,False
2026-07-10,STORE_1,1002,32,False
2026-07-11,STORE_1,1002,45,False
2026-07-12,STORE_1,1002,56,False
2026-07-13,STORE_1,1002,43,False
2026-07-14,STORE_1,1002,35,False
2026-07-15,STORE_1,1002,39,False
2026-07-16,STORE_1,1002,47,False
2026-07-17,STORE_1,1002,52,False
2026-07-18,STORE_1,1002,68,False
2026-07-19,STORE_1,1002,56,False
2026-07-20,STORE_1,1002,33,True
2026-07-21,STORE_1,1002,29,False
2026-07-22,STORE_1,1002,26,False
2026-07-23,STORE_1,1002,33,False
2026-07-24,STORE_1,1002,41,False
2026-07-25,STORE_1,1002,53,False
2026-07-26,STORE_1,1002,46,False
2026-07-27,STORE_1,1002,36,False
2026-07-28,STORE_1,1002,48,True
2026-07-29,STORE_1,1002,31,False
2026-07-30,STORE_1,1002,58,False
2026-07-31,STORE_1,1002,52,False
2026-08-01,STORE_1,1002,68,False
2026-08-02,STORE_1,1002,17,False
2026-08-03,STORE_1,1002,15,False
2026-08-04,STORE_1,1002,33,False
2026-08-05,STORE_1,1002,26,False
2026-08-06,STORE_1,1002,40,False
2026-08-07,STORE_1,1002,0,False
2026-08-08,STORE_1,1002,54,False
2026-08-09,STORE_1,1002,52,False
2026-08-10,STORE_1,1002,41,False
2026-08-11,STORE_1,1002,30,False
2026-08-12,STORE_1,1002,32,False
2026-08-13,STORE_1,1002,28,False
2026-08-14,STORE_1,1002,39,False
2026-08-15,STORE_1,1002,62,False
2026-08-16,STORE_1,1002,50,False
2026-08-17,STORE_1,1002,35,False
2026-08-18,STORE_1,1002,14,False
2026-08-19,STORE_1,1002,36,False
2026-08-20,STORE_1,1002,52,False
2026-08-21,STORE_1,1002,35,False
2026-08-22,STORE_1,1002,59,False
2026-08-23,STORE_1,1002,59,False
2026-08-24,STORE_1,1002,33,True
2026-08-25,STORE_1,1002,44,True
2026-08-26,STORE_1,1002,47,False
2026-08-27,STORE_1,1002,14,False
2026-08-28,STORE_1,1002,58,True
2026-08-29,STORE_1,1002,49,False
2026-08-30,STORE_1,1002,26,False
2026-08-31,STORE_1,1002,37,True
2026-09-01,STORE_1,1002,37,False
2026-09-02,STORE_1,1002,33,False
2026-09-03,STORE_1,1002,44,False
2026-09-04,STORE_1,1002,50,False
2026-09-05,STORE_1,1002,37,False
2026-09-06,STORE_1,1002,41,False
2026-09-07,STORE_1,1002,39,False
2026-09-08,STORE_1,1002,40,False
2026-09-09,STORE_1,1002,28,False
2026-09-10,STORE_1,1002,43,False
2026-09-11,STORE_1,1002,27,False
2026-09-12,STORE_1,1002,48,False
2026-09-13,STORE_1,1002,37,False
2026-09-14,STORE_1,1002,47,False
2026-09-15,STORE_1,1002,20,False
2026-09-16,STORE_1,1002,45,False
2026-09-17,STORE_1,1002,31,False
2026-09-18,STORE_1,1002,19,False
2026-09-19,STORE_1,1002,49,False
2026-09-20,STORE_1,1002,38,False
2026-09-21,STORE_1,1002,43,False
2026-09-22,STORE_1,1002,27,False
2026-09-23,STORE_1,1002,49,False
2026-09-24,STORE_1,1002,47,False
2026-09-25,STORE_1,1002,48,False
2026-09-26,STORE_1,1002,40,False
2026-09-27,STORE_1,1002,25,False
2026-09-28,STORE_1,1002,36,False
2026-09-29,STORE_1,1002,31,False
2026-09-30,STORE_1,1002,38,False
2025-10-01,STORE_1,1003,15,False
2025-10-02,STORE_1,1003,21,False
2025-10-03,STORE_1,1003,23,False
2025-10-04,STORE_1,1003,27,False
2025-10-05,STORE_1,1003,20,False
2025-10-06,STORE_1,1003,13,False
2025-10-07,STORE_1,1003,15,False
2025-10-08,STORE_1,1003,0,False
2025-10-09,STORE_1,1003,19,False
2025-10-10,STORE_1,1003,31,False
2025-10-11,STORE_1,1003,27,False
2025-10-12,STORE_1,1003,23,True
2025-10-13,STORE_1,1003,13,False
2025-10-14,STORE_1,1003,24,False
2025-10-15,STORE_1,1003,7,False
2025-10-16,STORE_1,1003,24,False
2025-10-17,STORE_1,1003,0,False
2025-10-18,STORE_1,1003,33,False
2025-10-19,STORE_1,1003,28,False
2025-10-20,STORE_1,1003,25,True
2025-10-21,STORE_1,1003,18,True
2025-10-22,STORE_1,1003,17,False
2025-10-23,STORE_1,1003,19,False
2025-10-24,STORE_1,1003,23,False
2025-10-25,STORE_1,1003,30,False
2025-10-26,STORE_1,1003,20,False
2025-10-27,STORE_1,1003,16,False
2025-10-28,STORE_1,1003,23,False
2025-10-29,STORE_1,1003,16,False
2025-10-30,STORE_1,1003,23,False
2025-10-31,STORE_1,1003,30,False
2025-11-01,STORE_1,1003,27,False
2025-11-02,STORE_1,1003,20,False
2025-11-03,STORE_1,1003,13,False
2025-11-04,STORE_1,1003,9,False
2025-11-05,STORE_1,1003,19,False
2025-11-06,STORE_1,1003,20,False
2025-11-07,STORE_1,1003,28,False
2025-11-08,STORE_1,1003,23,False
2025-11-09,STORE_1,1003,32,False
2025-11-10,STORE_1,1003,19,False
2025-11-11,STORE_1,1003,15,False
2025-11-12,STORE_1,1003,8,False
2025-11-13,STORE_1,1003,17,False
2025-11-14,STORE_1,1003,28,False
2025-11-15,STORE_1,1003,36,False
2025-11-16,STORE_1,1003,21,False
2025-11-17,STORE_1,1003,24,False
2025-11-18,STORE_1,1003,12,False
2025-11-19,STORE_1,1003,18,False
2025-11-20,STORE_1,1003,27,False
2025-11-21,STORE_1,1003,35,False
2025-11-22,STORE_1,1003,35,False
2025-11-23,STORE_1,1003,30,False
2025-11-24,STORE_1,1003,16,False
2025-11-25,STORE_1,1003,27,False
2025-11-26,STORE_1,1003,27,False
2025-11-27,STORE_1,1003,26,False
2025-11-28,STORE_1,1003,38,False
2025-11-29,STORE_1,1003,46,False
2025-11-30,STORE_1,1003,32,False
2025-12-01,STORE_1,1003,33,False
2025-12-02,STORE_1,1003,24,False
2025-12-03,STORE_1,1003,17,False
2025-12-04,STORE_1,1003,26,False
2025-12-05,STORE_1,1003,38,False
2025-12-06,STORE_1,1003,46,False
2025-12-07,STORE_1,1003,29,False
2025-12-08,STORE_1,1003,21,True
2025-12-09,STORE_1,1003,25,False
2025-12-10,STORE_1,1003,12,False
2025-12-11,STORE_1,1003,20,False
2025-12-12,STORE_1,1003,33,True
2025-12-13,STORE_1,1003,42,False
2025-12-14,STORE_1,1003,39,False
2025-12-15,STORE_1,1003,18,False
2025-12-16,STORE_1,1003,21,False
2025-12-17,STORE_1,1003,21,False
2025-12-18,STORE_1,1003,33,False
2025-12-19,STORE_1,1003,30,False
2025-12-20,STORE_1,1003,25,False
2025-12-21,STORE_1,1003,28,False
2025-12-22,STORE_1,1003,38,True
2025-12-23,STORE_1,1003,19,False
2025-12-24,STORE_1,1003,25,False
2025-12-25,STORE_1,1003,28,False
2025-12-26,STORE_1,1003,23,False
2025-12-27,STORE_1,1003,46,False
2025-12-28,STORE_1,1003,39,False
2025-12-29,STORE_1,1003,23,False
2025-12-30,STORE_1,1003,15,False
2025-12-31,STORE_1,1003,22,False
2026-01-01,STORE_1,1003,19,False
2026-01-02,STORE_1,1003,26,False
2026-01-03,STORE_1,1003,0,False
2026-01-04,STORE_1,1003,20,False
2026-01-05,STORE_1,1003,12,False
2026-01-06,STORE_1,1003,14,False
2026-01-07,STORE_1,1003,24,True
2026-01-08,STORE_1,1003,17,False
2026-01-09,STORE_1,1003,0,False
2026-01-10,STORE_1,1003,30,False
2026-01-11,STORE_1,1003,19,False
2026-01-12,STORE_1,1003,15,False
2026-01-13,STORE_1,1003,22,False
2026-01-14,STORE_1,1003,9,False
2026-01-15,STORE_1,1003,24,False
2026-01-16,STORE_1,1003,29,False
2026-01-17,STORE_1,1003,16,False
2026-01-18,STORE_1,1003,12,False
2026-01-19,STORE_1,1003,22,False
2026-01-20,STORE_1,1003,10,False
2026-01-21,STORE_1,1003,16,False
2026-01-22,STORE_1,1003,25,False
2026-01-23,STORE_1,1003,26,False
2026-01-24,STORE_1,1003,28,False
2026-01-25,STORE_1,1003,26,False
2026-01-26,STORE_1,1003,20,False
2026-01-27,STORE_1,1003,16,False
2026-01-28,STORE_1,1003,18,False
2026-01-29,STORE_1,1003,20,False
2026-01-30,STORE_1,1003,23,False
2026-01-31,STORE_1,1003,25,False
2026-02-01,STORE_1,1003,20,False
2026-02-02,STORE_1,1003,17,False
2026-02-03,STORE_1,1003,20,False
2026-02-04,STORE_1,1003,17,False
2026-02-05,STORE_1,1003,10,False
2026-02-06,STORE_1,1003,20,False
2026-02-07,STORE_1,1003,20,False
2026-02-08,STORE_1,1003,31,False
2026-02-09,STORE_1,1003,12,False
2026-02-10,STORE_1,1003,22,False
2026-02-11,STORE_1,1003,16,False
2026-02-12,STORE_1,1003,14,False
2026-02-13,STORE_1,1003,38,False
2026-02-14,STORE_1,1003,20,False
2026-02-15,STORE_1,1003,17,False
2026-02-16,STORE_1,1003,21,False
2026-02-17,STORE_1,1003,20,False
2026-02-18,STORE_1,1003,16,False
2026-02-19,STORE_1,1003,13,False
2026-02-20,STORE_1,1003,21,False
2026-02-21,STORE_1,1003,27,False
2026-02-22,STORE_1,1003,15,False
2026-02-23,STORE_1,1003,18,False
2026-02-24,STORE_1,1003,19,False
2026-02-25,STORE_1,1003,10,False
2026-02-26,STORE_1,1003,23,False
2026-02-27,STORE_1,1003,19,False
2026-02-28,STORE_1,1003,37,False
2026-03-01,STORE_1,1003,25,False
2026-03-02,STORE_1,1003,19,False
2026-03-03,STORE_1,1003,15,False
2026-03-04,STORE_1,1003,28,False
2026-03-05,STORE_1,1003,16,False
2026-03-06,STORE_1,1003,17,False
2026-03-07,STORE_1,1003,22,False
2026-03-08,STORE_1,1003,27,False
2026-03-09,STORE_1,1003,17,False
2026-03-10,STORE_1,1003,15,False
2026-03-11,STORE_1,1003,15,False
2026-03-12,STORE_1,1003,18,False
2026-03-13,STORE_1,1003,20,False
2026-03-14,STORE_1,1003,30,False
2026-03-15,STORE_1,1003,20,False
2026-03-16,STORE_1,1003,14,False
2026-03-17,STORE_1,1003,19,False
2026-03-18,STORE_1,1003,12,False
2026-03-19,STORE_1,1003,19,False
2026-03-20,STORE_1,1003,12,False
2026-03-21,STORE_1,1003,0,False
2026-03-22,STORE_1,1003,23,True
2026-03-23,STORE_1,1003,15,False
2026-03-24,STORE_1,1003,16,False
2026-03-25,STORE_1,1003,25,True
2026-03-26,STORE_1,1003,22,False
2026-03-27,STORE_1,1003,25,False
2026-03-28,STORE_1,1003,19,False
2026-03-29,STORE_1,1003,21,False
2026-03-30,STORE_1,1003,25,False
2026-03-31,STORE_1,1003,26,False
2026-04-01,STORE_1,1003,21,False
2026-04-02,STORE_1,1003,14,False
2026-04-03,STORE_1,1003,22,False
2026-04-04,STORE_1,1003,27,False
2026-04-05,STORE_1,1003,22,False
2026-04-06,STORE_1,1003,27,True
2026-04-07,STORE_1,1003,13,False
2026-04-08,STORE_1,1003,14,False
2026-04-09,STORE_1,1003,22,False
2026-04-10,STORE_1,1003,22,False
2026-04-11,STORE_1,1003,35,False
2026-04-12,STORE_1,1003,36,True
2026-04-13,STORE_1,1003,0,False
2026-04-14,STORE_1,1003,14,False
2026-04-15,STORE_1,1003,10,False
2026-04-16,STORE_1,1003,15,False
2026-04-17,STORE_1,1003,17,False
2026-04-18,STORE_1,1003,29,False
2026-04-19,STORE_1,1003,22,False
2026-04-20,STORE_1,1003,9,False
2026-04-21,STORE_1,1003,11,False
2026-04-22,STORE_1,1003,17,False
2026-04-23,STORE_1,1003,12,False
2026-04-24,STORE_1,1003,18,False
2026-04-25,STORE_1,1003,28,False
2026-04-26,STORE_1,1003,25,False
2026-04-27,STORE_1,1003,16,False
2026-04-28,STORE_1,1003,18,False
2026-04-29,STORE_1,1003,15,False
2026-04-30,STORE_1,1003,14,False
2026-05-01,STORE_1,1003,23,False
2026-05-02,STORE_1,1003,22,False
2026-05-03,STORE_1,1003,21,True
2026-05-04,STORE_1,1003,17,False
2026-05-05,STORE_1,1003,19,False
2026-05-06,STORE_1,1003,10,False
2026-05-07,STORE_1,1003,21,True
2026-05-08,STORE_1,1003,30,False
2026-05-09,STORE_1,1003,18,False
2026-05-10,STORE_1,1003,19,False
2026-05-11,STORE_1,1003,16,False
2026-05-12,STORE_1,1003,17,False
2026-05-13,STORE_1,1003,23,False
2026-05-14,STORE_1,1003,14,False
2026-05-15,STORE_1,1003,19,False
2026-05-16,STORE_1,1003,17,False
2026-05-17,STORE_1,1003,18,False
2026-05-18,STORE_1,1003,20,False
2026-05-19,STORE_1,1003,10,False
2026-05-20,STORE_1,1003,13,False
2026-05-21,STORE_1,1003,24,False
2026-05-22,STORE_1,1003,10,True
2026-05-23,STORE_1,1003,33,True
2026-05-24,STORE_1,1003,30,False
2026-05-25,STORE_1,1003,17,False
2026-05-26,STORE_1,1003,21,True
2026-05-27,STORE_1,1003,28,True
2026-05-28,STORE_1,1003,13,False
2026-05-29,STORE_1,1003,21,False
2026-05-30,STORE_1,1003,12,False
2026-05-31,STORE_1,1003,24,False
2026-06-01,STORE_1,1003,17,False
2026-06-02,STORE_1,1003,10,False
2026-06-03,STORE_1,1003,18,False
2026-06-04,STORE_1,1003,18,False
2026-06-05,STORE_1,1003,31,False
2026-06-06,STORE_1,1003,39,False
2026-06-07,STORE_1,1003,0,False
2026-06-08,STORE_1,1003,16,False
2026-06-09,STORE_1,1003,13,False
2026-06-10,STORE_1,1003,18,False
2026-06-11,STORE_1,1003,21,True
2026-06-12,STORE_1,1003,19,False
2026-06-13,STORE_1,1003,46,True
2026-06-14,STORE_1,1003,23,False
2026-06-15,STORE_1,1003,15,False
2026-06-16,STORE_1,1003,22,False
2026-06-17,STORE_1,1003,22,False
2026-06-18,STORE_1,1003,26,False
2026-06-19,STORE_1,1003,37,False
2026-06-20,STORE_1,1003,21,False
2026-06-21,STORE_1,1003,34,False
2026-06-22,STORE_1,1003,15,False
2026-06-23,STORE_1,1003,18,False
2026-06-24,STORE_1,1003,10,False
2026-06-25,STORE_1,1003,16,False
2026-06-26,STORE_1,1003,29,False
2026-06-27,STORE_1,1003,31,False
2026-06-28,STORE_1,1003,23,True
2026-06-29,STORE_1,1003,21,False
2026-06-30,STORE_1,1003,13,False
2026-07-01,STORE_1,1003,18,False
2026-07-02,STORE_1,1003,16,False
2026-07-03,STORE_1,1003,16,False
2026-07-04,STORE_1,1003,29,False
2026-07-05,STORE_1,1003,20,False
2026-07-06,STORE_1,1003,14,False
2026-07-07,STORE_1,1003,10,False
2026-07-08,STORE_1,1003,18,False
2026-07-09,STORE_1,1003,18,True
2026-07-10,STORE_1,1003,29,False
2026-07-11,STORE_1,1003,27,False
2026-07-12,STORE_1,1003,27,True
2026-07-13,STORE_1,1003,16,False
2026-07-14,STORE_1,1003,14,False
2026-07-15,STORE_1,1003,15,False
2026-07-16,STORE_1,1003,21,False
2026-07-17,STORE_1,1003,31,False
2026-07-18,STORE_1,1003,20,False
2026-07-19,STORE_1,1003,21,False
2026-07-20,STORE_1,1003,21,True
2026-07-21,STORE_1,1003,13,False
2026-07-22,STORE_1,1003,21,False
2026-07-23,STORE_1,1003,30,False
2026-07-24,STORE_1,1003,21,False
2026-07-25,STORE_1,1003,28,False
2026-07-26,STORE_1,1003,32,False
2026-07-27,STORE_1,1003,20,False
2026-07-28,STORE_1,1003,26,True
2026-07-29,STORE_1,1003,13,False
2026-07-30,STORE_1,1003,0,False
2026-07-31,STORE_1,1003,16,False
2026-08-01,STORE_1,1003,23,False
2026-08-02,STORE_1,1003,22,False
2026-08-03,STORE_1,1003,14,False
2026-08-04,STORE_1,1003,11,False
2026-08-05,STORE_1,1003,17,False
2026-08-06,STORE_1,1003,24,False
2026-08-07,STORE_1,1003,29,False
2026-08-08,STORE_1,1003,38,False
2026-08-09,STORE_1,1003,28,False
2026-08-10,STORE_1,1003,25,False
2026-08-11,STORE_1,1003,11,False
2026-08-12,STORE_1,1003,20,False
2026-08-13,STORE_1,1003,18,False
2026-08-14,STORE_1,1003,28,False
2026-08-15,STORE_1,1003,17,False
2026-08-16,STORE_1,1003,22,False
2026-08-17,STORE_1,1003,23,False
2026-08-18,STORE_1,1003,17,False
2026-08-19,STORE_1,1003,14,False
2026-08-20,STORE_1,1003,0,False
2026-08-21,STORE_1,1003,16,False
2026-08-22,STORE_1,1003,27,False
2026-08-23,STORE_1,1003,24,False
2026-08-24,STORE_1,1003,19,False
2026-08-25,STORE_1,1003,17,False
2026-08-26,STORE_1,1003,18,False
2026-08-27,STORE_1,1003,15,False
2026-08-28,STORE_1,1003,0,False
2026-08-29,STORE_1,1003,22,False
2026-08-30,STORE_1,1003,33,True
2026-08-31,STORE_1,1003,25,False
2026-09-01,STORE_1,1003,15,True
2026-09-02,STORE_1,1003,0,False
2026-09-03,STORE_1,1003,26,True
2026-09-04,STORE_1,1003,49,True
2026-09-05,STORE_1,1003,28,False
2026-09-06,STORE_1,1003,23,False
2026-09-07,STORE_1,1003,14,False
2026-09-08,STORE_1,1003,26,False
2026-09-09,STORE_1,1003,10,False
2026-09-10,STORE_1,1003,18,False
2026-09-11,STORE_1,1003,26,False
2026-09-12,STORE_1,1003,22,False
2026-09-13,STORE_1,1003,26,True
2026-09-14,STORE_1,1003,11,False
2026-09-15,STORE_1,1003,18,False
2026-09-16,STORE_1,1003,17,False
2026-09-17,STORE_1,1003,10,False
2026-09-18,STORE_1,1003,24,False
2026-09-19,STORE_1,1003,28,False
2026-09-20,STORE_1,1003,13,False
2026-09-21,STORE_1,1003,19,False
2026-09-22,STORE_1,1003,10,False
2026-09-23,STORE_1,1003,13,False
2026-09-24,STORE_1,1003,12,False
2026-09-25,STORE_1,1003,18,False
2026-09-26,STORE_1,1003,18,False
2026-09-27,STORE_1,1003,27,False
2026-09-28,STORE_1,1003,16,False
2026-09-29,STORE_1,1003,14,False
2026-09-30,STORE_1,1003,21,False
2025-10-01,STORE_1,1004,34,False
2025-10-02,STORE_1,1004,31,False
2025-10-03,STORE_1,1004,47,False
2025-10-04,STORE_1,1004,76,False
2025-10-05,STORE_1,1004,60,False
2025-10-06,STORE_1,1004,49,False
2025-10-07,STORE_1,1004,38,False
2025-10-08,STORE_1,1004,0,False
2025-10-09,STORE_1,1004,46,False
2025-10-10,STORE_1,1004,35,False
2025-10-11,STORE_1,1004,112,True
2025-10-12,STORE_1,1004,82,True
2025-10-13,STORE_1,1004,41,False
2025-10-14,STORE_1,1004,36,True
2025-10-15,STORE_1,1004,39,False
2025-10-16,STORE_1,1004,46,False
2025-10-17,STORE_1,1004,46,False
2025-10-18,STORE_1,1004,18,False
2025-10-19,STORE_1,1004,45,False
2025-10-20,STORE_1,1004,48,False
2025-10-21,STORE_1,1004,34,False
2025-10-22,STORE_1,1004,20,False
2025-10-23,STORE_1,1004,53,False
2025-10-24,STORE_1,1004,43,False
2025-10-25,STORE_1,1004,86,False
2025-10-26,STORE_1,1004,42,False
2025-10-27,STORE_1,1004,31,False
2025-10-28,STORE_1,1004,24,False
2025-10-29,STORE_1,1004,34,False
2025-10-30,STORE_1,1004,40,False
2025-10-31,STORE_1,1004,46,False
2025-11-01,STORE_1,1004,51,False
2025-11-02,STORE_1,1004,70,True
2025-11-03,STORE_1,1004,39,False
2025-11-04,STORE_1,1004,55,False
2025-11-05,STORE_1,1004,101,True
2025-11-06,STORE_1,1004,47,False
2025-11-07,STORE_1,1004,40,False
2025-11-08,STORE_1,1004,52,False
2025-11-09,STORE_1,1004,47,False
2025-11-10,STORE_1,1004,48,False
2025-11-11,STORE_1,1004,34,False
2025-11-12,STORE_1,1004,49,False
2025-11-13,STORE_1,1004,25,False
2025-11-14,STORE_1,1004,55,False
2025-11-15,STORE_1,1004,73,False
2025-11-16,STORE_1,1004,56,False
2025-11-17,STORE_1,1004,52,True
2025-11-18,STORE_1,1004,24,True
2025-11-19,STORE_1,1004,39,False
2025-11-20,STORE_1,1004,52,False
2025-11-21,STORE_1,1004,50,False
2025-11-22,STORE_1,1004,71,False
2025-11-23,STORE_1,1004,90,False
2025-11-24,STORE_1,1004,31,False
2025-11-25,STORE_1,1004,50,False
2025-11-26,STORE_1,1004,48,True
2025-11-27,STORE_1,1004,61,False
2025-11-28,STORE_1,1004,55,False
2025-11-29,STORE_1,1004,25,False
2025-11-30,STORE_1,1004,84,False
2025-12-01,STORE_1,1004,37,False
2025-12-02,STORE_1,1004,46,False
2025-12-03,STORE_1,1004,52,False
2025-12-04,STORE_1,1004,62,False
2025-12-05,STORE_1,1004,70,False
2025-12-06,STORE_1,1004,83,False
2025-12-07,STORE_1,1004,56,True
2025-12-08,STORE_1,1004,42,False
2025-12-09,STORE_1,1004,0,False
2025-12-10,STORE_1,1004,57,False
2025-12-11,STORE_1,1004,42,False
2025-12-12,STORE_1,1004,73,False
2025-12-13,STORE_1,1004,114,False
2025-12-14,STORE_1,1004,62,False
2025-12-15,STORE_1,1004,49,False
2025-12-16,STORE_1,1004,28,False
2025-12-17,STORE_1,1004,36,False
2025-12-18,STORE_1,1004,44,False
2025-12-19,STORE_1,1004,79,False
2025-12-20,STORE_1,1004,60,False
2025-12-21,STORE_1,1004,34,False
2025-12-22,STORE_1,1004,55,False
2025-12-23,STORE_1,1004,38,False
2025-12-24,STORE_1,1004,31,False
2025-12-25,STORE_1,1004,65,False
2025-12-26,STORE_1,1004,63,False
2025-12-27,STORE_1,1004,87,False
2025-12-28,STORE_1,1004,39,False
2025-12-29,STORE_1,1004,0,False
2025-12-30,STORE_1,1004,23,False
2025-12-31,STORE_1,1004,45,False
2026-01-01,STORE_1,1004,56,False
2026-01-02,STORE_1,1004,85,False
2026-01-03,STORE_1,1004,78,False
2026-01-04,STORE_1,1004,74,True
2026-01-05,STORE_1,1004,65,False
2026-01-06,STORE_1,1004,39,False
2026-01-07,STORE_1,1004,56,False
2026-01-08,STORE_1,1004,25,False
2026-01-09,STORE_1,1004,48,False
2026-01-10,STORE_1,1004,40,False
2026-01-11,STORE_1,1004,41,False
2026-01-12,STORE_1,1004,35,False
2026-01-13,STORE_1,1004,54,False
2026-01-14,STORE_1,1004,39,False
2026-01-15,STORE_1,1004,54,False
2026-01-16,STORE_1,1004,47,False
2026-01-17,STORE_1,1004,51,False
2026-01-18,STORE_1,1004,0,False
2026-01-19,STORE_1,1004,76,True
2026-01-20,STORE_1,1004,49,False
2026-01-21,STORE_1,1004,40,False
2026-01-22,STORE_1,1004,40,False
2026-01-23,STORE_1,1004,54,False
2026-01-24,STORE_1,1004,40,False
2026-01-25,STORE_1,1004,55,False
2026-01-26,STORE_1,1004,51,False
2026-01-27,STORE_1,1004,49,False
2026-01-28,STORE_1,1004,23,False
2026-01-29,STORE_1,1004,54,False
2026-01-30,STORE_1,1004,35,False
2026-01-31,STORE_1,1004,27,False
2026-02-01,STORE_1,1004,63,False
2026-02-02,STORE_1,1004,33,False
2026-02-03,STORE_1,1004,45,False
2026-02-04,STORE_1,1004,46,False
2026-02-05,STORE_1,1004,50,False
2026-02-06,STORE_1,1004,65,True
2026-02-07,STORE_1,1004,45,False
2026-02-08,STORE_1,1004,52,False
2026-02-09,STORE_1,1004,38,False
2026-02-10,STORE_1,1004,46,False
2026-02-11,STORE_1,1004,44,False
2026-02-12,STORE_1,1004,56,False
2026-02-13,STORE_1,1004,37,False
2026-02-14,STORE_1,1004,84,False
2026-02-15,STORE_1,1004,54,False
2026-02-16,STORE_1,1004,28,False
2026-02-17,STORE_1,1004,23,False
2026-02-18,STORE_1,1004,50,True
2026-02-19,STORE_1,1004,47,False
2026-02-20,STORE_1,1004,53,False
2026-02-21,STORE_1,1004,49,False
2026-02-22,STORE_1,1004,0,False
2026-02-23,STORE_1,1004,23,False
2026-02-24,STORE_1,1004,50,False
2026-02-25,STORE_1,1004,25,False
2026-02-26,STORE_1,1004,41,False
2026-02-27,STORE_1,1004,51,False
2026-02-28,STORE_1,1004,87,True
2026-03-01,STORE_1,1004,60,False
2026-03-02,STORE_1,1004,46,False
2026-03-03,STORE_1,1004,37,False
2026-03-04,STORE_1,1004,37,False
2026-03-05,STORE_1,1004,39,False
2026-03-06,STORE_1,1004,84,True
2026-03-07,STORE_1,1004,68,False
2026-03-08,STORE_1,1004,34,False
2026-03-09,STORE_1,1004,22,False
2026-03-10,STORE_1,1004,34,False
2026-03-11,STORE_1,1004,42,False
2026-03-12,STORE_1,1004,33,False
2026-03-13,STORE_1,1004,44,True
2026-03-14,STORE_1,1004,80,False
2026-03-15,STORE_1,1004,58,False
2026-03-16,STORE_1,1004,43,False
2026-03-17,STORE_1,1004,42,False
2026-03-18,STORE_1,1004,46,True
2026-03-19,STORE_1,1004,22,False
2026-03-20,STORE_1,1004,55,False
2026-03-21,STORE_1,1004,39,False
2026-03-22,STORE_1,1004,74,False
2026-03-23,STORE_1,1004,37,False
2026-03-24,STORE_1,1004,54,False
2026-03-25,STORE_1,1004,40,False
2026-03-26,STORE_1,1004,36,False
2026-03-27,STORE_1,1004,71,False
2026-03-28,STORE_1,1004,66,False
2026-03-29,STORE_1,1004,79,False
2026-03-30,STORE_1,1004,26,True
2026-03-31,STORE_1,1004,45,False
2026-04-01,STORE_1,1004,25,False
2026-04-02,STORE_1,1004,43,False
2026-04-03,STORE_1,1004,31,False
2026-04-04,STORE_1,1004,71,False
2026-04-05,STORE_1,1004,57,False
2026-04-06,STORE_1,1004,32,False
2026-04-07,STORE_1,1004,0,False
2026-04-08,STORE_1,1004,39,False
2026-04-09,STORE_1,1004,52,False
2026-04-10,STORE_1,1004,44,False
2026-04-11,STORE_1,1004,55,False
2026-04-12,STORE_1,1004,41,False
2026-04-13,STORE_1,1004,48,False
2026-04-14,STORE_1,1004,54,False
2026-04-15,STORE_1,1004,29,False
2026-04-16,STORE_1,1004,49,False
2026-04-17,STORE_1,1004,69,False
2026-04-18,STORE_1,1004,58,False
2026-04-19,STORE_1,1004,33,False
2026-04-20,STORE_1,1004,51,False
2026-04-21,STORE_1,1004,24,False
2026-04-22,STORE_1,1004,54,False
2026-04-23,STORE_1,1004,35,False
2026-04-24,STORE_1,1004,33,False
2026-04-25,STORE_1,1004,54,False
2026-04-26,STORE_1,1004,49,False
2026-04-27,STORE_1,1004,40,False
2026-04-28,STORE_1,1004,42,False
2026-04-29,STORE_1,1004,41,False
2026-04-30,STORE_1,1004,63,False
2026-05-01,STORE_1,1004,53,False
2026-05-02,STORE_1,1004,65,False
2026-05-03,STORE_1,1004,53,False
2026-05-04,STORE_1,1004,23,False
2026-05-05,STORE_1,1004,26,False
2026-05-06,STORE_1,1004,56,True
2026-05-07,STORE_1,1004,48,False
2026-05-08,STORE_1,1004,35,False
2026-05-09,STORE_1,1004,44,False
2026-05-10,STORE_1,1004,40,False
2026-05-11,STORE_1,1004,32,False
2026-05-12,STORE_1,1004,45,True
2026-05-13,STORE_1,1004,41,False
2026-05-14,STORE_1,1004,47,False
2026-05-15,STORE_1,1004,85,True
2026-05-16,STORE_1,1004,30,False
2026-05-17,STORE_1,1004,48,True
2026-05-18,STORE_1,1004,36,False
2026-05-19,STORE_1,1004,25,False
2026-05-20,STORE_1,1004,29,False
2026-05-21,STORE_1,1004,34,False
2026-05-22,STORE_1,1004,50,False
2026-05-23,STORE_1,1004,68,False
2026-05-24,STORE_1,1004,45,False
2026-05-25,STORE_1,1004,44,False
2026-05-26,STORE_1,1004,37,False
2026-05-27,STORE_1,1004,30,False
2026-05-28,STORE_1,1004,47,False
2026-05-29,STORE_1,1004,57,False
2026-05-30,STORE_1,1004,70,False
2026-05-31,STORE_1,1004,60,False
2026-06-01,STORE_1,1004,51,False
2026-06-02,STORE_1,1004,42,False
2026-06-03,STORE_1,1004,40,False
2026-06-04,STORE_1,1004,50,False
2026-06-05,STORE_1,1004,48,False
2026-06-06,STORE_1,1004,53,False
2026-06-07,STORE_1,1004,68,False
2026-06-08,STORE_1,1004,33,False
2026-06-09,STORE_1,1004,29,False
2026-06-10,STORE_1,1004,44,False
2026-06-11,STORE_1,1004,38,False
2026-06-12,STORE_1,1004,65,False
2026-06-13,STORE_1,1004,79,False
2026-06-14,STORE_1,1004,41,False
2026-06-15,STORE_1,1004,45,False
2026-06-16,STORE_1,1004,31,False
2026-06-17,STORE_1,1004,37,False
2026-06-18,STORE_1,1004,47,False
2026-06-19,STORE_1,1004,47,False
2026-06-20,STORE_1,1004,64,False
2026-06-21,STORE_1,1004,48,False
2026-06-22,STORE_1,1004,47,False
2026-06-23,STORE_1,1004,44,False
2026-06-24,STORE_1,1004,34,False
2026-06-25,STORE_1,1004,47,False
2026-06-26,STORE_1,1004,68,False
2026-06-27,STORE_1,1004,46,False
2026-06-28,STORE_1,1004,48,False
2026-06-29,STORE_1,1004,42,False
2026-06-30,STORE_1,1004,27,False
2026-07-01,STORE_1,1004,56,False
2026-07-02,STORE_1,1004,39,False
2026-07-03,STORE_1,1004,0,False
2026-07-04,STORE_1,1004,52,False
2026-07-05,STORE_1,1004,68,False
2026-07-06,STORE_1,1004,45,False
2026-07-07,STORE_1,1004,34,False
2026-07-08,STORE_1,1004,28,False
2026-07-09,STORE_1,1004,42,False
2026-07-10,STORE_1,1004,43,False
2026-07-11,STORE_1,1004,64,False
2026-07-12,STORE_1,1004,16,False
2026-07-13,STORE_1,1004,40,False
2026-07-14,STORE_1,1004,40,False
2026-07-15,STORE_1,1004,35,False
2026-07-16,STORE_1,1004,40,False
2026-07-17,STORE_1,1004,47,False
2026-07-18,STORE_1,1004,58,False
2026-07-19,STORE_1,1004,68,False
2026-07-20,STORE_1,1004,47,False
2026-07-21,STORE_1,1004,35,False
2026-07-22,STORE_1,1004,35,False
2026-07-23,STORE_1,1004,61,True
2026-07-24,STORE_1,1004,38,False
2026-07-25,STORE_1,1004,92,False
2026-07-26,STORE_1,1004,39,False
2026-07-27,STORE_1,1004,41,False
2026-07-28,STORE_1,1004,35,False
2026-07-29,STORE_1,1004,36,False
2026-07-30,STORE_1,1004,41,False
2026-07-31,STORE_1,1004,78,False
2026-08-01,STORE_1,1004,24,False
2026-08-02,STORE_1,1004,82,False
2026-08-03,STORE_1,1004,30,False
2026-08-04,STORE_1,1004,29,False
2026-08-05,STORE_1,1004,35,False
2026-08-06,STORE_1,1004,22,False
2026-08-07,STORE_1,1004,53,False
2026-08-08,STORE_1,1004,65,False
2026-08-09,STORE_1,1004,58,False
2026-08-10,STORE_1,1004,54,False
2026-08-11,STORE_1,1004,26,False
2026-08-12,STORE_1,1004,54,False
2026-08-13,STORE_1,1004,48,False
2026-08-14,STORE_1,1004,39,False
2026-08-15,STORE_1,1004,41,False
2026-08-16,STORE_1,1004,54,False
2026-08-17,STORE_1,1004,41,False
2026-08-18,STORE_1,1004,39,False
2026-08-19,STORE_1,1004,52,False
2026-08-20,STORE_1,1004,56,False
2026-08-21,STORE_1,1004,54,False
2026-08-22,STORE_1,1004,75,True
2026-08-23,STORE_1,1004,34,False
2026-08-24,STORE_1,1004,15,False
2026-08-25,STORE_1,1004,42,False
2026-08-26,STORE_1,1004,25,False
2026-08-27,STORE_1,1004,35,False
2026-08-28,STORE_1,1004,62,False
2026-08-29,STORE_1,1004,37,False
2026-08-30,STORE_1,1004,0,False
2026-08-31,STORE_1,1004,62,False
2026-09-01,STORE_1,1004,26,False
2026-09-02,STORE_1,1004,24,False
2026-09-03,STORE_1,1004,68,False
2026-09-04,STORE_1,1004,35,False
2026-09-05,STORE_1,1004,56,False
2026-09-06,STORE_1,1004,41,False
2026-09-07,STORE_1,1004,42,False
2026-09-08,STORE_1,1004,33,False
2026-09-09,STORE_1,1004,44,False
2026-09-10,STORE_1,1004,52,False
2026-09-11,STORE_1,1004,34,False
2026-09-12,STORE_1,1004,55,True
2026-09-13,STORE_1,1004,53,False
2026-09-14,STORE_1,1004,60,True
2026-09-15,STORE_1,1004,40,False
2026-09-16,STORE_1,1004,52,False
2026-09-17,STORE_1,1004,39,False
2026-09-18,STORE_1,1004,56,False
2026-09-19,STORE_1,1004,78,False
2026-09-20,STORE_1,1004,65,False
2026-09-21,STORE_1,1004,37,False
2026-09-22,STORE_1,1004,72,True
2026-09-23,STORE_1,1004,34,False
2026-09-24,STORE_1,1004,53,False
2026-09-25,STORE_1,1004,94,True
2026-09-26,STORE_1,1004,47,False
2026-09-27,STORE_1,1004,65,False
2026-09-28,STORE_1,1004,34,False
2026-09-29,STORE_1,1004,29,False
2026-09-30,STORE_1,1004,48,True
2025-10-01,STORE_1,1005,29,False
2025-10-02,STORE_1,1005,42,False
2025-10-03,STORE_1,1005,52,False
2025-10-04,STORE_1,1005,75,False
2025-10-05,STORE_1,1005,42,False
2025-10-06,STORE_1,1005,28,False
2025-10-07,STORE_1,1005,36,False
2025-10-08,STORE_1,1005,41,False
2025-10-09,STORE_1,1005,41,False
2025-10-10,STORE_1,1005,68,False
2025-10-11,STORE_1,1005,80,True
2025-10-12,STORE_1,1005,49,False
2025-10-13,STORE_1,1005,21,False
2025-10-14,STORE_1,1005,25,False
2025-10-15,STORE_1,1005,41,False
2025-10-16,STORE_1,1005,40,True
2025-10-17,STORE_1,1005,56,False
2025-10-18,STORE_1,1005,45,False
2025-10-19,STORE_1,1005,70,False
2025-10-20,STORE_1,1005,29,False
2025-10-21,STORE_1,1005,34,False
2025-10-22,STORE_1,1005,0,False
2025-10-23,STORE_1,1005,25,False
2025-10-24,STORE_1,1005,47,False
2025-10-25,STORE_1,1005,47,False
2025-10-26,STORE_1,1005,46,False
2025-10-27,STORE_1,1005,34,False
2025-10-28,STORE_1,1005,29,False
2025-10-29,STORE_1,1005,39,False
2025-10-30,STORE_1,1005,35,False
2025-10-31,STORE_1,1005,58,False
2025-11-01,STORE_1,1005,54,False
2025-11-02,STORE_1,1005,57,False
2025-11-03,STORE_1,1005,30,False
2025-11-04,STORE_1,1005,36,True
2025-11-05,STORE_1,1005,34,False
2025-11-06,STORE_1,1005,37,False
2025-11-07,STORE_1,1005,47,False
2025-11-08,STORE_1,1005,38,False
2025-11-09,STORE_1,1005,15,False
2025-11-10,STORE_1,1005,40,True
2025-11-11,STORE_1,1005,40,False
2025-11-12,STORE_1,1005,32,False
2025-11-13,STORE_1,1005,39,False
2025-11-14,STORE_1,1005,28,False
2025-11-15,STORE_1,1005,66,False
2025-11-16,STORE_1,1005,45,True
2025-11-17,STORE_1,1005,40,False
2025-11-18,STORE_1,1005,38,False
2025-11-19,STORE_1,1005,39,False
2025-11-20,STORE_1,1005,58,False
2025-11-21,STORE_1,1005,51,False
2025-11-22,STORE_1,1005,65,False
2025-11-23,STORE_1,1005,23,False
2025-11-24,STORE_1,1005,63,False
2025-11-25,STORE_1,1005,49,False
2025-11-26,STORE_1,1005,38,False
2025-11-27,STORE_1,1005,41,False
2025-11-28,STORE_1,1005,82,False
2025-11-29,STORE_1,1005,59,False
2025-11-30,STORE_1,1005,49,False
2025-12-01,STORE_1,1005,34,False
2025-12-02,STORE_1,1005,60,True
2025-12-03,STORE_1,1005,57,True
2025-12-04,STORE_1,1005,64,False
2025-12-05,STORE_1,1005,70,False
2025-12-06,STORE_1,1005,53,False
2025-12-07,STORE_1,1005,79,False
2025-12-08,STORE_1,1005,34,False
2025-12-09,STORE_1,1005,42,False
2025-12-10,STORE_1,1005,72,True
2025-12-11,STORE_1,1005,69,False
2025-12-12,STORE_1,1005,66,False
2025-12-13,STORE_1,1005,70,False
2025-12-14,STORE_1,1005,53,False
2025-12-15,STORE_1,1005,50,False
2025-12-16,STORE_1,1005,36,False
2025-12-17,STORE_1,1005,50,False
2025-12-18,STORE_1,1005,65,False
2025-12-19,STORE_1,1005,43,False
2025-12-20,STORE_1,1005,81,False
2025-12-21,STORE_1,1005,55,False
2025-12-22,STORE_1,1005,33,False
2025-12-23,STORE_1,1005,42,False
2025-12-24,STORE_1,1005,58,False
2025-12-25,STORE_1,1005,52,False
2025-12-26,STORE_1,1005,50,False
2025-12-27,STORE_1,1005,52,False
2025-12-28,STORE_1,1005,65,False
2025-12-29,STORE_1,1005,22,False
2025-12-30,STORE_1,1005,57,False
2025-12-31,STORE_1,1005,0,False
2026-01-01,STORE_1,1005,81,False
2026-01-02,STORE_1,1005,70,False
2026-01-03,STORE_1,1005,50,False
2026-01-04,STORE_1,1005,69,False
2026-01-05,STORE_1,1005,43,False
2026-01-06,STORE_1,1005,54,True
2026-01-07,STORE_1,1005,38,False
2026-01-08,STORE_1,1005,19,False
2026-01-09,STORE_1,1005,39,False
2026-01-10,STORE_1,1005,63,False
2026-01-11,STORE_1,1005,61,False
2026-01-12,STORE_1,1005,0,False
2026-01-13,STORE_1,1005,41,False
2026-01-14,STORE_1,1005,32,False
2026-01-15,STORE_1,1005,42,False
2026-01-16,STORE_1,1005,47,False
2026-01-17,STORE_1,1005,56,False
2026-01-18,STORE_1,1005,59,False
2026-01-19,STORE_1,1005,51,False
2026-01-20,STORE_1,1005,47,False
2026-01-21,STORE_1,1005,64,False
2026-01-22,STORE_1,1005,32,False
2026-01-23,STORE_1,1005,54,False
2026-01-24,STORE_1,1005,46,False
2026-01-25,STORE_1,1005,58,False
2026-01-26,STORE_1,1005,27,False
2026-01-27,STORE_1,1005,44,False
2026-01-28,STORE_1,1005,37,False
2026-01-29,STORE_1,1005,0,False
2026-01-30,STORE_1,1005,57,False
2026-01-31,STORE_1,1005,43,False
2026-02-01,STORE_1,1005,37,False
2026-02-02,STORE_1,1005,35,False
2026-02-03,STORE_1,1005,37,False
2026-02-04,STORE_1,1005,48,False
2026-02-05,STORE_1,1005,35,False
2026-02-06,STORE_1,1005,26,False
2026-02-07,STORE_1,1005,69,False
2026-02-08,STORE_1,1005,58,False
2026-02-09,STORE_1,1005,32,False
2026-02-10,STORE_1,1005,43,False
2026-02-11,STORE_1,1005,27,False
2026-02-12,STORE_1,1005,33,False
2026-02-13,STORE_1,1005,39,False
2026-02-14,STORE_1,1005,71,False
2026-02-15,STORE_1,1005,31,False
2026-02-16,STORE_1,1005,71,True
2026-02-17,STORE_1,1005,30,False
2026-02-18,STORE_1,1005,0,False
2026-02-19,STORE_1,1005,35,False
2026-02-20,STORE_1,1005,22,True
2026-02-21,STORE_1,1005,49,False
2026-02-22,STORE_1,1005,64,False
2026-02-23,STORE_1,1005,29,False
2026-02-24,STORE_1,1005,37,False
2026-02-25,STORE_1,1005,39,True
2026-02-26,STORE_1,1005,40,False
2026-02-27,STORE_1,1005,51,True
2026-02-28,STORE_1,1005,52,False
2026-03-01,STORE_1,1005,47,True
2026-03-02,STORE_1,1005,35,False
2026-03-03,STORE_1,1005,35,False
2026-03-04,STORE_1,1005,38,False
2026-03-05,STORE_1,1005,42,False
2026-03-06,STORE_1,1005,50,False
2026-03-07,STORE_1,1005,0,False
2026-03-08,STORE_1,1005,0,False
2026-03-09,STORE_1,1005,41,True
2026-03-10,STORE_1,1005,59,False
2026-03-11,STORE_1,1005,36,False
2026-03-12,STORE_1,1005,40,False
2026-03-13,STORE_1,1005,44,False
2026-03-14,STORE_1,1005,62,False
2026-03-15,STORE_1,1005,25,False
2026-03-16,STORE_1,1005,25,False
2026-03-17,STORE_1,1005,42,False
2026-03-18,STORE_1,1005,28,False
2026-03-19,STORE_1,1005,35,False
2026-03-20,STORE_1,1005,46,False
2026-03-21,STORE_1,1005,71,False
2026-03-22,STORE_1,1005,40,False
2026-03-23,STORE_1,1005,38,False
2026-03-24,STORE_1,1005,14,False
2026-03-25,STORE_1,1005,40,False
2026-03-26,STORE_1,1005,28,False
2026-03-27,STORE_1,1005,31,False
2026-03-28,STORE_1,1005,45,False
2026-03-29,STORE_1,1005,41,False
2026-03-30,STORE_1,1005,53,False
2026-03-31,STORE_1,1005,36,False
2026-04-01,STORE_1,1005,30,False
2026-04-02,STORE_1,1005,49,False
2026-04-03,STORE_1,1005,47,False
2026-04-04,STORE_1,1005,65,False
2026-04-05,STORE_1,1005,38,False
2026-04-06,STORE_1,1005,51,False
2026-04-07,STORE_1,1005,15,False
2026-04-08,STORE_1,1005,34,False
2026-04-09,STORE_1,1005,26,False
2026-04-10,STORE_1,1005,53,False
2026-04-11,STORE_1,1005,45,False
2026-04-12,STORE_1,1005,41,False
2026-04-13,STORE_1,1005,41,False
2026-04-14,STORE_1,1005,47,False
2026-04-15,STORE_1,1005,47,False
2026-04-16,STORE_1,1005,30,False
2026-04-17,STORE_1,1005,73,True
2026-04-18,STORE_1,1005,41,False
2026-04-19,STORE_1,1005,45,False
2026-04-20,STORE_1,1005,29,False
2026-04-21,STORE_1,1005,33,False
2026-04-22,STORE_1,1005,30,False
2026-04-23,STORE_1,1005,39,False
2026-04-24,STORE_1,1005,67,False
2026-04-25,STORE_1,1005,65,False
2026-04-26,STORE_1,1005,43,False
2026-04-27,STORE_1,1005,46,False
2026-04-28,STORE_1,1005,36,False
2026-04-29,STORE_1,1005,46,False
2026-04-30,STORE_1,1005,25,False
2026-05-01,STORE_1,1005,37,False
2026-05-02,STORE_1,1005,57,False
2026-05-03,STORE_1,1005,37,True
2026-05-04,STORE_1,1005,20,False
2026-05-05,STORE_1,1005,36,False
2026-05-06,STORE_1,1005,43,False
2026-05-07,STORE_1,1005,0,False
2026-05-08,STORE_1,1005,32,False
2026-05-09,STORE_1,1005,60,False
2026-05-10,STORE_1,1005,45,False
2026-05-11,STORE_1,1005,36,False
2026-05-12,STORE_1,1005,37,False
2026-05-13,STORE_1,1005,0,False
2026-05-14,STORE_1,1005,44,True
2026-05-15,STORE_1,1005,32,False
2026-05-16,STORE_1,1005,0,False
2026-05-17,STORE_1,1005,73,False
2026-05-18,STORE_1,1005,38,True
2026-05-19,STORE_1,1005,36,False
2026-05-20,STORE_1,1005,45,False
2026-05-21,STORE_1,1005,49,False
2026-05-22,STORE_1,1005,49,False
2026-05-23,STORE_1,1005,89,False
2026-05-24,STORE_1,1005,49,False
2026-05-25,STORE_1,1005,63,True
2026-05-26,STORE_1,1005,38,False
2026-05-27,STORE_1,1005,31,False
2026-05-28,STORE_1,1005,43,False
2026-05-29,STORE_1,1005,49,False
2026-05-30,STORE_1,1005,83,True
2026-05-31,STORE_1,1005,64,False
2026-06-01,STORE_1,1005,39,False
2026-06-02,STORE_1,1005,48,False
2026-06-03,STORE_1,1005,29,False
2026-06-04,STORE_1,1005,42,False
2026-06-05,STORE_1,1005,43,False
2026-06-06,STORE_1,1005,58,False
2026-06-07,STORE_1,1005,28,False
2026-06-08,STORE_1,1005,24,False
2026-06-09,STORE_1,1005,27,False
2026-06-10,STORE_1,1005,42,False
2026-06-11,STORE_1,1005,30,False
2026-06-12,STORE_1,1005,46,False
2026-06-13,STORE_1,1005,56,True
2026-06-14,STORE_1,1005,56,False
2026-06-15,STORE_1,1005,34,False
2026-06-16,STORE_1,1005,19,False
2026-06-17,STORE_1,1005,42,False
2026-06-18,STORE_1,1005,42,False
2026-06-19,STORE_1,1005,50,False
2026-06-20,STORE_1,1005,39,False
2026-06-21,STORE_1,1005,47,False
2026-06-22,STORE_1,1005,48,False
2026-06-23,STORE_1,1005,36,False
2026-06-24,STORE_1,1005,22,False
2026-06-25,STORE_1,1005,0,False
2026-06-26,STORE_1,1005,38,False
2026-06-27,STORE_1,1005,40,False
2026-06-28,STORE_1,1005,71,True
2026-06-29,STORE_1,1005,27,False
2026-06-30,STORE_1,1005,33,False
2026-07-01,STORE_1,1005,33,False
2026-07-02,STORE_1,1005,41,False
2026-07-03,STORE_1,1005,61,False
2026-07-04,STORE_1,1005,45,False
2026-07-05,STORE_1,1005,65,False
2026-07-06,STORE_1,1005,38,False
2026-07-07,STORE_1,1005,40,False
2026-07-08,STORE_1,1005,41,False
2026-07-09,STORE_1,1005,42,False
2026-07-10,STORE_1,1005,55,False
2026-07-11,STORE_1,1005,12,False
2026-07-12,STORE_1,1005,62,True
2026-07-13,STORE_1,1005,50,False
2026-07-14,STORE_1,1005,22,False
2026-07-15,STORE_1,1005,39,False
2026-07-16,STORE_1,1005,43,False
2026-07-17,STORE_1,1005,19,False
2026-07-18,STORE_1,1005,66,False
2026-07-19,STORE_1,1005,54,False
2026-07-20,STORE_1,1005,47,False
2026-07-21,STORE_1,1005,37,False
2026-07-22,STORE_1,1005,30,True
2026-07-23,STORE_1,1005,37,False
2026-07-24,STORE_1,1005,68,False
2026-07-25,STORE_1,1005,51,False
2026-07-26,STORE_1,1005,49,False
2026-07-27,STORE_1,1005,43,False
2026-07-28,STORE_1,1005,36,False
2026-07-29,STORE_1,1005,52,False
2026-07-30,STORE_1,1005,40,False
2026-07-31,STORE_1,1005,56,False
2026-08-01,STORE_1,1005,58,False
2026-08-02,STORE_1,1005,60,False
2026-08-03,STORE_1,1005,31,False
2026-08-04,STORE_1,1005,50,False
2026-08-05,STORE_1,1005,40,True
2026-08-06,STORE_1,1005,11,False
2026-08-07,STORE_1,1005,83,False
2026-08-08,STORE_1,1005,40,False
2026-08-09,STORE_1,1005,46,False
2026-08-10,STORE_1,1005,52,False
2026-08-11,STORE_1,1005,29,False
2026-08-12,STORE_1,1005,29,False
2026-08-13,STORE_1,1005,22,False
2026-08-14,STORE_1,1005,51,True
2026-08-15,STORE_1,1005,38,False
2026-08-16,STORE_1,1005,33,False
2026-08-17,STORE_1,1005,30,False
2026-08-18,STORE_1,1005,28,False
2026-08-19,STORE_1,1005,35,False
2026-08-20,STORE_1,1005,31,False
2026-08-21,STORE_1,1005,40,False
2026-08-22,STORE_1,1005,52,False
2026-08-23,STORE_1,1005,56,False
2026-08-24,STORE_1,1005,31,False
2026-08-25,STORE_1,1005,33,False
2026-08-26,STORE_1,1005,36,False
2026-08-27,STORE_1,1005,30,False
2026-08-28,STORE_1,1005,45,False
2026-08-29,STORE_1,1005,45,False
2026-08-30,STORE_1,1005,55,False
2026-08-31,STORE_1,1005,42,False
2026-09-01,STORE_1,1005,27,False
2026-09-02,STORE_1,1005,34,False
2026-09-03,STORE_1,1005,45,False
2026-09-04,STORE_1,1005,0,False
2026-09-05,STORE_1,1005,73,False
2026-09-06,STORE_1,1005,54,False
2026-09-07,STORE_1,1005,25,False
2026-09-08,STORE_1,1005,34,False
2026-09-09,STORE_1,1005,30,False
2026-09-10,STORE_1,1005,32,False
2026-09-11,STORE_1,1005,30,False
2026-09-12,STORE_1,1005,47,False
2026-09-13,STORE_1,1005,48,False
2026-09-14,STORE_1,1005,29,False
2026-09-15,STORE_1,1005,36,False
2026-09-16,STORE_1,1005,34,False
2026-09-17,STORE_1,1005,60,True
2026-09-18,STORE_1,1005,27,False
2026-09-19,STORE_1,1005,65,False
2026-09-20,STORE_1,1005,50,False
2026-09-21,STORE_1,1005,28,False
2026-09-22,STORE_1,1005,37,False
2026-09-23,STORE_1,1005,40,True
2026-09-24,STORE_1,1005,55,False
2026-09-25,STORE_1,1005,45,False
2026-09-26,STORE_1,1005,57,False
2026-09-27,STORE_1,1005,35,False
2026-09-28,STORE_1,1005,32,False
2026-09-29,STORE_1,1005,43,False
2026-09-30,STORE_1,1005,26,False
2025-10-01,STORE_1,1006,21,False
2025-10-02,STORE_1,1006,33,False
2025-10-03,STORE_1,1006,42,False
2025-10-04,STORE_1,1006,57,False
2025-10-05,STORE_1,1006,27,False
2025-10-06,STORE_1,1006,17,False
2025-10-07,STORE_1,1006,28,False
2025-10-08,STORE_1,1006,41,False
2025-10-09,STORE_1,1006,38,True
2025-10-10,STORE_1,1006,31,False
2025-10-11,STORE_1,1006,43,False
2025-10-12,STORE_1,1006,69,True
2025-10-13,STORE_1,1006,30,False
2025-10-14,STORE_1,1006,16,False
2025-10-15,STORE_1,1006,28,False
2025-10-16,STORE_1,1006,36,False
2025-10-17,STORE_1,1006,8,False
2025-10-18,STORE_1,1006,43,False
2025-10-19,STORE_1,1006,28,False
2025-10-20,STORE_1,1006,34,False
2025-10-21,STORE_1,1006,24,False
2025-10-22,STORE_1,1006,31,False
2025-10-23,STORE_1,1006,31,False
2025-10-24,STORE_1,1006,34,False
2025-10-25,STORE_1,1006,66,False
2025-10-26,STORE_1,1006,50,True
2025-10-27,STORE_1,1006,25,False
2025-10-28,STORE_1,1006,26,False
2025-10-29,STORE_1,1006,11,False
2025-10-30,STORE_1,1006,30,False
2025-10-31,STORE_1,1006,43,True
2025-11-01,STORE_1,1006,60,False
2025-11-02,STORE_1,1006,43,False
2025-11-03,STORE_1,1006,25,False
2025-11-04,STORE_1,1006,35,False
2025-11-05,STORE_1,1006,19,False
2025-11-06,STORE_1,1006,23,False
2025-11-07,STORE_1,1006,23,False
2025-11-08,STORE_1,1006,21,False
2025-11-09,STORE_1,1006,47,False
2025-11-10,STORE_1,1006,26,True
2025-11-11,STORE_1,1006,19,False
2025-11-12,STORE_1,1006,0,False
2025-11-13,STORE_1,1006,38,False
2025-11-14,STORE_1,1006,48,True
2025-11-15,STORE_1,1006,42,False
2025-11-16,STORE_1,1006,50,True
2025-11-17,STORE_1,1006,18,False
2025-11-18,STORE_1,1006,23,False
2025-11-19,STORE_1,1006,17,False
2025-11-20,STORE_1,1006,47,False
2025-11-21,STORE_1,1006,40,False
2025-11-22,STORE_1,1006,44,False
2025-11-23,STORE_1,1006,72,False
2025-11-24,STORE_1,1006,0,False
2025-11-25,STORE_1,1006,36,False
2025-11-26,STORE_1,1006,25,False
2025-11-27,STORE_1,1006,36,False
2025-11-28,STORE_1,1006,58,False
2025-11-29,STORE_1,1006,41,False
2025-11-30,STORE_1,1006,50,False
2025-12-01,STORE_1,1006,34,False
2025-12-02,STORE_1,1006,31,False
2025-12-03,STORE_1,1006,51,False
2025-12-04,STORE_1,1006,53,False
2025-12-05,STORE_1,1006,32,False
2025-12-06,STORE_1,1006,45,False
2025-12-07,STORE_1,1006,46,False
2025-12-08,STORE_1,1006,48,False
2025-12-09,STORE_1,1006,22,True
2025-12-10,STORE_1,1006,37,False
2025-12-11,STORE_1,1006,62,False
2025-12-12,STORE_1,1006,61,False
2025-12-13,STORE_1,1006,50,False
2025-12-14,STORE_1,1006,0,False
2025-12-15,STORE_1,1006,41,False
2025-12-16,STORE_1,1006,25,False
2025-12-17,STORE_1,1006,37,False
2025-12-18,STORE_1,1006,40,False
2025-12-19,STORE_1,1006,63,False
2025-12-20,STORE_1,1006,69,False
2025-12-21,STORE_1,1006,31,False
2025-12-22,STORE_1,1006,47,False
2025-12-23,STORE_1,1006,37,False
2025-12-24,STORE_1,1006,46,False
2025-12-25,STORE_1,1006,31,False
2025-12-26,STORE_1,1006,58,False
2025-12-27,STORE_1,1006,47,False
2025-12-28,STORE_1,1006,27,False
2025-12-29,STORE_1,1006,28,False
2025-12-30,STORE_1,1006,30,False
2025-12-31,STORE_1,1006,30,False
2026-01-01,STORE_1,1006,60,False
2026-01-02,STORE_1,1006,55,False
2026-01-03,STORE_1,1006,53,False
2026-01-04,STORE_1,1006,28,False
2026-01-05,STORE_1,1006,15,False
2026-01-06,STORE_1,1006,40,False
2026-01-07,STORE_1,1006,13,False
2026-01-08,STORE_1,1006,24,False
2026-01-09,STORE_1,1006,45,False
2026-01-10,STORE_1,1006,45,True
2026-01-11,STORE_1,1006,32,False
2026-01-12,STORE_1,1006,26,False
2026-01-13,STORE_1,1006,25,False
2026-01-14,STORE_1,1006,35,False
2026-01-15,STORE_1,1006,28,False
2026-01-16,STORE_1,1006,41,False
2026-01-17,STORE_1,1006,56,False
2026-01-18,STORE_1,1006,41,False
2026-01-19,STORE_1,1006,0,False
2026-01-20,STORE_1,1006,39,False
2026-01-21,STORE_1,1006,41,True
2026-01-22,STORE_1,1006,27,False
2026-01-23,STORE_1,1006,24,False
2026-01-24,STORE_1,1006,38,False
2026-01-25,STORE_1,1006,40,False
2026-01-26,STORE_1,1006,26,False
2026-01-27,STORE_1,1006,27,False
2026-01-28,STORE_1,1006,26,False
2026-01-29,STORE_1,1006,26,False
2026-01-30,STORE_1,1006,41,False
2026-01-31,STORE_1,1006,26,False
2026-02-01,STORE_1,1006,28,False
2026-02-02,STORE_1,1006,34,False
2026-02-03,STORE_1,1006,17,False
2026-02-04,STORE_1,1006,28,False
2026-02-05,STORE_1,1006,28,False
2026-02-06,STORE_1,1006,35,True
2026-02-07,STORE_1,1006,35,False
2026-02-08,STORE_1,1006,32,False
2026-02-09,STORE_1,1006,25,False
2026-02-10,STORE_1,1006,26,False
2026-02-11,STORE_1,1006,34,False
2026-02-12,STORE_1,1006,40,False
2026-02-13,STORE_1,1006,51,False
2026-02-14,STORE_1,1006,0,False
2026-02-15,STORE_1,1006,23,False
2026-02-16,STORE_1,1006,22,False
2026-02-17,STORE_1,1006,19,False
2026-02-18,STORE_1,1006,22,False
2026-02-19,STORE_1,1006,17,False
2026-02-20,STORE_1,1006,53,False
2026-02-21,STORE_1,1006,33,False
2026-02-22,STORE_1,1006,36,False
2026-02-23,STORE_1,1006,31,False
2026-02-24,STORE_1,1006,27,True
2026-02-25,STORE_1,1006,0,False
2026-02-26,STORE_1,1006,29,False
2026-02-27,STORE_1,1006,40,False
2026-02-28,STORE_1,1006,0,False
2026-03-01,STORE_1,1006,43,False
2026-03-02,STORE_1,1006,26,False
2026-03-03,STORE_1,1006,29,False
2026-03-04,STORE_1,1006,34,False
2026-03-05,STORE_1,1006,41,False
2026-03-06,STORE_1,1006,39,False
2026-03-07,STORE_1,1006,41,False
2026-03-08,STORE_1,1006,36,False
2026-03-09,STORE_1,1006,28,False
2026-03-10,STORE_1,1006,22,False
2026-03-11,STORE_1,1006,23,False
2026-03-12,STORE_1,1006,0,False
2026-03-13,STORE_1,1006,46,False
2026-03-14,STORE_1,1006,33,False
2026-03-15,STORE_1,1006,73,True
2026-03-16,STORE_1,1006,31,False
2026-03-17,STORE_1,1006,26,False
2026-03-18,STORE_1,1006,26,False
2026-03-19,STORE_1,1006,49,False
2026-03-20,STORE_1,1006,29,False
2026-03-21,STORE_1,1006,62,False
2026-03-22,STORE_1,1006,35,False
2026-03-23,STORE_1,1006,0,False
2026-03-24,STORE_1,1006,32,False
2026-03-25,STORE_1,1006,26,False
2026-03-26,STORE_1,1006,30,False
2026-03-27,STORE_1,1006,39,False
2026-03-28,STORE_1,1006,62,False
2026-03-29,STORE_1,1006,43,False
2026-03-30,STORE_1,1006,23,False
2026-03-31,STORE_1,1006,28,False
2026-04-01,STORE_1,1006,26,False
2026-04-02,STORE_1,1006,27,False
2026-04-03,STORE_1,1006,44,False
2026-04-04,STORE_1,1006,60,True
2026-04-05,STORE_1,1006,36,False
2026-04-06,STORE_1,1006,18,False
2026-04-07,STORE_1,1006,24,False
2026-04-08,STORE_1,1006,31,False
2026-04-09,STORE_1,1006,35,False
2026-04-10,STORE_1,1006,11,False
2026-04-11,STORE_1,1006,56,False
2026-04-12,STORE_1,1006,37,False
2026-04-13,STORE_1,1006,23,False
2026-04-14,STORE_1,1006,18,False
2026-04-15,STORE_1,1006,27,False
2026-04-16,STORE_1,1006,42,False
2026-04-17,STORE_1,1006,30,False
2026-04-18,STORE_1,1006,53,True
2026-04-19,STORE_1,1006,34,True
2026-04-20,STORE_1,1006,29,False
2026-04-21,STORE_1,1006,22,False
2026-04-22,STORE_1,1006,20,False
2026-04-23,STORE_1,1006,49,False
2026-04-24,STORE_1,1006,38,False
2026-04-25,STORE_1,1006,33,False
2026-04-26,STORE_1,1006,34,False
2026-04-27,STORE_1,1006,38,False
2026-04-28,STORE_1,1006,22,False
2026-04-29,STORE_1,1006,27,False
2026-04-30,STORE_1,1006,55,False
2026-05-01,STORE_1,1006,41,False
2026-05-02,STORE_1,1006,44,False
2026-05-03,STORE_1,1006,26,False
2026-05-04,STORE_1,1006,32,False
2026-05-05,STORE_1,1006,30,False
2026-05-06,STORE_1,1006,35,False
2026-05-07,STORE_1,1006,22,False
2026-05-08,STORE_1,1006,37,False
2026-05-09,STORE_1,1006,38,False
2026-05-10,STORE_1,1006,31,True
2026-05-11,STORE_1,1006,18,False
2026-05-12,STORE_1,1006,22,True
2026-05-13,STORE_1,1006,33,False
2026-05-14,STORE_1,1006,28,False
2026-05-15,STORE_1,1006,40,True
2026-05-16,STORE_1,1006,54,False
2026-05-17,STORE_1,1006,44,False
2026-05-18,STORE_1,1006,38,False
2026-05-19,STORE_1,1006,33,False
2026-05-20,STORE_1,1006,28,False
2026-05-21,STORE_1,1006,34,False
2026-05-22,STORE_1,1006,48,False
2026-05-23,STORE_1,1006,38,False
2026-05-24,STORE_1,1006,30,False
2026-05-25,STORE_1,1006,22,False
2026-05-26,STORE_1,1006,21,False
2026-05-27,STORE_1,1006,34,False
2026-05-28,STORE_1,1006,37,False
2026-05-29,STORE_1,1006,49,False
2026-05-30,STORE_1,1006,80,False
2026-05-31,STORE_1,1006,39,False
2026-06-01,STORE_1,1006,27,False
2026-06-02,STORE_1,1006,38,False
2026-06-03,STORE_1,1006,34,False
2026-06-04,STORE_1,1006,30,True
2026-06-05,STORE_1,1006,41,False
2026-06-06,STORE_1,1006,54,False
2026-06-07,STORE_1,1006,41,False
2026-06-08,STORE_1,1006,27,False
2026-06-09,STORE_1,1006,13,False
2026-06-10,STORE_1,1006,23,False
2026-06-11,STORE_1,1006,40,False
2026-06-12,STORE_1,1006,46,True
2026-06-13,STORE_1,1006,45,False
2026-06-14,STORE_1,1006,67,True
2026-06-15,STORE_1,1006,31,False
2026-06-16,STORE_1,1006,32,False
2026-06-17,STORE_1,1006,31,False
2026-06-18,STORE_1,1006,25,False
2026-06-19,STORE_1,1006,57,False
2026-06-20,STORE_1,1006,34,False
2026-06-21,STORE_1,1006,58,False
2026-06-22,STORE_1,1006,38,False
2026-06-23,STORE_1,1006,26,False
2026-06-24,STORE_1,1006,34,True
2026-06-25,STORE_1,1006,39,False
2026-06-26,STORE_1,1006,54,False
2026-06-27,STORE_1,1006,45,False
2026-06-28,STORE_1,1006,48,False
2026-06-29,STORE_1,1006,21,False
2026-06-30,STORE_1,1006,30,False
2026-07-01,STORE_1,1006,28,False
2026-07-02,STORE_1,1006,37,False
2026-07-03,STORE_1,1006,20,False
2026-07-04,STORE_1,1006,51,False
2026-07-05,STORE_1,1006,30,False
2026-07-06,STORE_1,1006,28,False
2026-07-07,STORE_1,1006,40,False
2026-07-08,STORE_1,1006,32,False
2026-07-09,STORE_1,1006,47,True
2026-07-10,STORE_1,1006,56,False
2026-07-11,STORE_1,1006,32,False
2026-07-12,STORE_1,1006,44,False
2026-07-13,STORE_1,1006,36,False
2026-07-14,STORE_1,1006,28,False
2026-07-15,STORE_1,1006,14,False
2026-07-16,STORE_1,1006,26,False
2026-07-17,STORE_1,1006,53,False
2026-07-18,STORE_1,1006,43,False
2026-07-19,STORE_1,1006,39,False
2026-07-20,STORE_1,1006,22,False
2026-07-21,STORE_1,1006,0,False
2026-07-22,STORE_1,1006,36,True
2026-07-23,STORE_1,1006,30,False
2026-07-24,STORE_1,1006,40,False
2026-07-25,STORE_1,1006,40,False
2026-07-26,STORE_1,1006,54,False
2026-07-27,STORE_1,1006,41,False
2026-07-28,STORE_1,1006,38,False
2026-07-29,STORE_1,1006,30,False
2026-07-30,STORE_1,1006,26,False
2026-07-31,STORE_1,1006,48,False
2026-08-01,STORE_1,1006,82,True
2026-08-02,STORE_1,1006,34,False
2026-08-03,STORE_1,1006,37,False
2026-08-04,STORE_1,1006,22,False
2026-08-05,STORE_1,1006,39,False
2026-08-06,STORE_1,1006,21,False
2026-08-07,STORE_1,1006,30,False
2026-08-08,STORE_1,1006,62,False
2026-08-09,STORE_1,1006,21,False
2026-08-10,STORE_1,1006,30,False
2026-08-11,STORE_1,1006,29,False
2026-08-12,STORE_1,1006,32,False
2026-08-13,STORE_1,1006,17,False
2026-08-14,STORE_1,1006,36,False
2026-08-15,STORE_1,1006,29,False
2026-08-16,STORE_1,1006,38,False
2026-08-17,STORE_1,1006,17,False
2026-08-18,STORE_1,1006,0,False
2026-08-19,STORE_1,1006,32,False
2026-08-20,STORE_1,1006,41,False
2026-08-21,STORE_1,1006,48,False
2026-08-22,STORE_1,1006,26,False
2026-08-23,STORE_1,1006,45,False
2026-08-24,STORE_1,1006,19,False
2026-08-25,STORE_1,1006,18,False
2026-08-26,STORE_1,1006,28,False
2026-08-27,STORE_1,1006,26,False
2026-08-28,STORE_1,1006,40,False
2026-08-29,STORE_1,1006,69,False
2026-08-30,STORE_1,1006,39,False
2026-08-31,STORE_1,1006,35,False
2026-09-01,STORE_1,1006,22,False
2026-09-02,STORE_1,1006,27,False
2026-09-03,STORE_1,1006,35,False
2026-09-04,STORE_1,1006,63,True
2026-09-05,STORE_1,1006,57,False
2026-09-06,STORE_1,1006,21,False
2026-09-07,STORE_1,1006,42,True
2026-09-08,STORE_1,1006,21,False
2026-09-09,STORE_1,1006,21,False
2026-09-10,STORE_1,1006,36,False
2026-09-11,STORE_1,1006,52,False
2026-09-12,STORE_1,1006,54,False
2026-09-13,STORE_1,1006,34,False
2026-09-14,STORE_1,1006,27,False
2026-09-15,STORE_1,1006,30,False
2026-09-16,STORE_1,1006,38,False
2026-09-17,STORE_1,1006,38,False
2026-09-18,STORE_1,1006,34,False
2026-09-19,STORE_1,1006,40,False
2026-09-20,STORE_1,1006,34,True
2026-09-21,STORE_1,1006,34,False
2026-09-22,STORE_1,1006,31,False
2026-09-23,STORE_1,1006,28,False
2026-09-24,STORE_1,1006,38,False
2026-09-25,STORE_1,1006,58,False
2026-09-26,STORE_1,1006,33,False
2026-09-27,STORE_1,1006,34,False
2026-09-28,STORE_1,1006,26,False
2026-09-29,STORE_1,1006,32,False
2026-09-30,STORE_1,1006,24,False
2025-10-01,STORE_1,1007,34,False
2025-10-02,STORE_1,1007,44,False
2025-10-03,STORE_1,1007,0,False
2025-10-04,STORE_1,1007,55,False
2025-10-05,STORE_1,1007,52,False
2025-10-06,STORE_1,1007,37,False
2025-10-07,STORE_1,1007,24,False
2025-10-08,STORE_1,1007,16,False
2025-10-09,STORE_1,1007,27,False
2025-10-10,STORE_1,1007,54,False
2025-10-11,STORE_1,1007,38,False
2025-10-12,STORE_1,1007,64,False
2025-10-13,STORE_1,1007,44,False
2025-10-14,STORE_1,1007,25,False
2025-10-15,STORE_1,1007,34,False
2025-10-16,STORE_1,1007,33,False
2025-10-17,STORE_1,1007,51,False
2025-10-18,STORE_1,1007,65,True
2025-10-19,STORE_1,1007,64,False
2025-10-20,STORE_1,1007,39,False
2025-10-21,STORE_1,1007,27,False
2025-10-22,STORE_1,1007,47,False
2025-10-23,STORE_1,1007,38,False
2025-10-24,STORE_1,1007,60,False
2025-10-25,STORE_1,1007,94,True
2025-10-26,STORE_1,1007,44,False
2025-10-27,STORE_1,1007,31,False
2025-10-28,STORE_1,1007,42,False
2025-10-29,STORE_1,1007,40,False
2025-10-30,STORE_1,1007,29,False
2025-10-31,STORE_1,1007,51,False
2025-11-01,STORE_1,1007,66,False
2025-11-02,STORE_1,1007,34,False
2025-11-03,STORE_1,1007,37,False
2025-11-04,STORE_1,1007,37,False
2025-11-05,STORE_1,1007,38,False
2025-11-06,STORE_1,1007,32,False
2025-11-07,STORE_1,1007,45,False
2025-11-08,STORE_1,1007,95,True
2025-11-09,STORE_1,1007,46,True
2025-11-10,STORE_1,1007,36,False
2025-11-11,STORE_1,1007,37,False
2025-11-12,STORE_1,1007,29,False
2025-11-13,STORE_1,1007,54,False
2025-11-14,STORE_1,1007,44,False
2025-11-15,STORE_1,1007,73,True
2025-11-16,STORE_1,1007,74,False
2025-11-17,STORE_1,1007,41,False
2025-11-18,STORE_1,1007,29,False
2025-11-19,STORE_1,1007,39,False
2025-11-20,STORE_1,1007,64,False
2025-11-21,STORE_1,1007,75,False
2025-11-22,STORE_1,1007,130,True
2025-11-23,STORE_1,1007,73,False
2025-11-24,STORE_1,1007,19,False
2025-11-25,STORE_1,1007,56,False
2025-11-26,STORE_1,1007,53,False
2025-11-27,STORE_1,1007,27,False
2025-11-28,STORE_1,1007,93,False
2025-11-29,STORE_1,1007,36,False
2025-11-30,STORE_1,1007,52,True
2025-12-01,STORE_1,1007,43,True
2025-12-02,STORE_1,1007,50,False
2025-12-03,STORE_1,1007,44,False
2025-12-04,STORE_1,1007,64,True
2025-12-05,STORE_1,1007,70,False
2025-12-06,STORE_1,1007,67,False
2025-12-07,STORE_1,1007,74,False
2025-12-08,STORE_1,1007,50,False
2025-12-09,STORE_1,1007,36,False
2025-12-10,STORE_1,1007,40,False
2025-12-11,STORE_1,1007,52,False
2025-12-12,STORE_1,1007,59,False
2025-12-13,STORE_1,1007,42,False
2025-12-14,STORE_1,1007,62,False
2025-12-15,STORE_1,1007,40,False
2025-12-16,STORE_1,1007,39,False
2025-12-17,STORE_1,1007,35,False
2025-12-18,STORE_1,1007,71,False
2025-12-19,STORE_1,1007,74,False
2025-12-20,STORE_1,1007,105,False
2025-12-21,STORE_1,1007,109,True
2025-12-22,STORE_1,1007,72,False
2025-12-23,STORE_1,1007,39,False
2025-12-24,STORE_1,1007,25,False
2025-12-25,STORE_1,1007,66,False
2025-12-26,STORE_1,1007,65,False
2025-12-27,STORE_1,1007,76,False
2025-12-28,STORE_1,1007,65,False
2025-12-29,STORE_1,1007,37,False
2025-12-30,STORE_1,1007,9,False
2025-12-31,STORE_1,1007,76,False
2026-01-01,STORE_1,1007,0,True
2026-01-02,STORE_1,1007,57,False
2026-01-03,STORE_1,1007,62,False
2026-01-04,STORE_1,1007,54,False
2026-01-05,STORE_1,1007,64,False
2026-01-06,STORE_1,1007,35,False
2026-01-07,STORE_1,1007,30,False
2026-01-08,STORE_1,1007,26,False
2026-01-09,STORE_1,1007,50,False
2026-01-10,STORE_1,1007,56,False
2026-01-11,STORE_1,1007,65,True
2026-01-12,STORE_1,1007,19,False
2026-01-13,STORE_1,1007,40,False
2026-01-14,STORE_1,1007,41,False
2026-01-15,STORE_1,1007,45,False
2026-01-16,STORE_1,1007,27,False
2026-01-17,STORE_1,1007,45,False
2026-01-18,STORE_1,1007,50,False
2026-01-19,STORE_1,1007,45,False
2026-01-20,STORE_1,1007,26,False
2026-01-21,STORE_1,1007,28,False
2026-01-22,STORE_1,1007,0,False
2026-01-23,STORE_1,1007,7,False
2026-01-24,STORE_1,1007,63,False
2026-01-25,STORE_1,1007,67,False
2026-01-26,STORE_1,1007,0,False
2026-01-27,STORE_1,1007,29,False
2026-01-28,STORE_1,1007,34,False
2026-01-29,STORE_1,1007,51,False
2026-01-30,STORE_1,1007,49,False
2026-01-31,STORE_1,1007,91,False
2026-02-01,STORE_1,1007,47,False
2026-02-02,STORE_1,1007,47,False
2026-02-03,STORE_1,1007,31,False
2026-02-04,STORE_1,1007,25,False
2026-02-05,STORE_1,1007,39,False
2026-02-06,STORE_1,1007,56,False
2026-02-07,STORE_1,1007,45,False
2026-02-08,STORE_1,1007,58,False
2026-02-09,STORE_1,1007,31,False
2026-02-10,STORE_1,1007,25,False
2026-02-11,STORE_1,1007,56,False
2026-02-12,STORE_1,1007,32,False
2026-02-13,STORE_1,1007,43,False
2026-02-14,STORE_1,1007,65,False
2026-02-15,STORE_1,1007,42,False
2026-02-16,STORE_1,1007,27,False
2026-02-17,STORE_1,1007,29,False
2026-02-18,STORE_1,1007,52,False
2026-02-19,STORE_1,1007,67,True
2026-02-20,STORE_1,1007,44,False
2026-02-21,STORE_1,1007,82,True
2026-02-22,STORE_1,1007,41,False
2026-02-23,STORE_1,1007,0,True
2026-02-24,STORE_1,1007,47,True
2026-02-25,STORE_1,1007,58,False
2026-02-26,STORE_1,1007,34,False
2026-02-27,STORE_1,1007,52,False
2026-02-28,STORE_1,1007,44,False
2026-03-01,STORE_1,1007,23,False
2026-03-02,STORE_1,1007,28,False
2026-03-03,STORE_1,1007,21,False
2026-03-04,STORE_1,1007,33,False
2026-03-05,STORE_1,1007,44,False
2026-03-06,STORE_1,1007,58,False
2026-03-07,STORE_1,1007,75,False
2026-03-08,STORE_1,1007,45,False
2026-03-09,STORE_1,1007,45,False
2026-03-10,STORE_1,1007,21,False
2026-03-11,STORE_1,1007,33,False
2026-03-12,STORE_1,1007,39,False
2026-03-13,STORE_1,1007,66,False
2026-03-14,STORE_1,1007,72,False
2026-03-15,STORE_1,1007,51,False
2026-03-16,STORE_1,1007,21,False
2026-03-17,STORE_1,1007,45,False
2026-03-18,STORE_1,1007,53,False
2026-03-19,STORE_1,1007,64,False
2026-03-20,STORE_1,1007,0,False
2026-03-21,STORE_1,1007,37,False
2026-03-22,STORE_1,1007,40,False
2026-03-23,STORE_1,1007,47,False
2026-03-24,STORE_1,1007,45,True
2026-03-25,STORE_1,1007,53,True
2026-03-26,STORE_1,1007,43,False
2026-03-27,STORE_1,1007,60,False
2026-03-28,STORE_1,1007,67,False
2026-03-29,STORE_1,1007,68,False
2026-03-30,STORE_1,1007,50,True
2026-03-31,STORE_1,1007,48,False
2026-04-01,STORE_1,1007,39,False
2026-04-02,STORE_1,1007,0,False
2026-04-03,STORE_1,1007,47,False
2026-04-04,STORE_1,1007,79,False
2026-04-05,STORE_1,1007,46,False
2026-04-06,STORE_1,1007,42,False
2026-04-07,STORE_1,1007,47,False
2026-04-08,STORE_1,1007,0,False
2026-04-09,STORE_1,1007,38,False
2026-04-10,STORE_1,1007,53,False
2026-04-11,STORE_1,1007,57,False
2026-04-12,STORE_1,1007,42,False
2026-04-13,STORE_1,1007,51,False
2026-04-14,STORE_1,1007,23,False
2026-04-15,STORE_1,1007,27,False
2026-04-16,STORE_1,1007,48,False
2026-04-17,STORE_1,1007,51,False
2026-04-18,STORE_1,1007,46,False
2026-04-19,STORE_1,1007,45,False
2026-04-20,STORE_1,1007,25,False
2026-04-21,STORE_1,1007,52,True
2026-04-22,STORE_1,1007,19,False
2026-04-23,STORE_1,1007,46,False
2026-04-24,STORE_1,1007,65,False
2026-04-25,STORE_1,1007,67,False
2026-04-26,STORE_1,1007,57,False
2026-04-27,STORE_1,1007,15,False
2026-04-28,STORE_1,1007,18,False
2026-04-29,STORE_1,1007,33,False
2026-04-30,STORE_1,1007,30,False
2026-05-01,STORE_1,1007,31,False
2026-05-02,STORE_1,1007,50,False
2026-05-03,STORE_1,1007,64,False
2026-05-04,STORE_1,1007,52,False
2026-05-05,STORE_1,1007,27,False
2026-05-06,STORE_1,1007,65,True
2026-05-07,STORE_1,1007,41,False
2026-05-08,STORE_1,1007,49,False
2026-05-09,STORE_1,1007,55,False
2026-05-10,STORE_1,1007,39,False
2026-05-11,STORE_1,1007,23,False
2026-05-12,STORE_1,1007,46,False
2026-05-13,STORE_1,1007,35,False
2026-05-14,STORE_1,1007,15,False
2026-05-15,STORE_1,1007,47,False
2026-05-16,STORE_1,1007,58,False
2026-05-17,STORE_1,1007,21,False
2026-05-18,STORE_1,1007,49,True
2026-05-19,STORE_1,1007,21,False
2026-05-20,STORE_1,1007,50,False
2026-05-21,STORE_1,1007,26,False
2026-05-22,STORE_1,1007,49,False
2026-05-23,STORE_1,1007,18,True
2026-05-24,STORE_1,1007,34,False
2026-05-25,STORE_1,1007,34,False
2026-05-26,STORE_1,1007,19,False
2026-05-27,STORE_1,1007,42,False
2026-05-28,STORE_1,1007,0,False
2026-05-29,STORE_1,1007,37,False
2026-05-30,STORE_1,1007,34,False
2026-05-31,STORE_1,1007,43,False
2026-06-01,STORE_1,1007,20,False
2026-06-02,STORE_1,1007,22,False
2026-06-03,STORE_1,1007,23,False
2026-06-04,STORE_1,1007,40,False
2026-06-05,STORE_1,1007,60,False
2026-06-06,STORE_1,1007,117,True
2026-06-07,STORE_1,1007,50,False
2026-06-08,STORE_1,1007,30,False
2026-06-09,STORE_1,1007,38,False
2026-06-10,STORE_1,1007,69,True
2026-06-11,STORE_1,1007,26,False
2026-06-12,STORE_1,1007,59,False
2026-06-13,STORE_1,1007,67,False
2026-06-14,STORE_1,1007,55,False
2026-06-15,STORE_1,1007,29,False
2026-06-16,STORE_1,1007,23,False
2026-06-17,STORE_1,1007,34,False
2026-06-18,STORE_1,1007,46,False
2026-06-19,STORE_1,1007,43,False
2026-06-20,STORE_1,1007,52,False
2026-06-21,STORE_1,1007,39,False
2026-06-22,STORE_1,1007,37,False
2026-06-23,STORE_1,1007,34,False
2026-06-24,STORE_1,1007,50,False
2026-06-25,STORE_1,1007,46,False
2026-06-26,STORE_1,1007,35,False
2026-06-27,STORE_1,1007,40,False
2026-06-28,STORE_1,1007,54,False
2026-06-29,STORE_1,1007,36,False
2026-06-30,STORE_1,1007,51,False
2026-07-01,STORE_1,1007,54,False
2026-07-02,STORE_1,1007,31,False
2026-07-03,STORE_1,1007,54,False
2026-07-04,STORE_1,1007,40,False
2026-07-05,STORE_1,1007,54,False
2026-07-06,STORE_1,1007,52,False
2026-07-07,STORE_1,1007,35,False
2026-07-08,STORE_1,1007,32,False
2026-07-09,STORE_1,1007,44,False
2026-07-10,STORE_1,1007,62,False
2026-07-11,STORE_1,1007,69,False
2026-07-12,STORE_1,1007,42,False
2026-07-13,STORE_1,1007,30,False
2026-07-14,STORE_1,1007,46,True
2026-07-15,STORE_1,1007,57,False
2026-07-16,STORE_1,1007,32,False
2026-07-17,STORE_1,1007,75,True
2026-07-18,STORE_1,1007,61,False
2026-07-19,STORE_1,1007,30,False
2026-07-20,STORE_1,1007,31,False
2026-07-21,STORE_1,1007,0,False
2026-07-22,STORE_1,1007,44,False
2026-07-23,STORE_1,1007,37,False
2026-07-24,STORE_1,1007,31,False
2026-07-25,STORE_1,1007,62,False
2026-07-26,STORE_1,1007,61,True
2026-07-27,STORE_1,1007,37,False
2026-07-28,STORE_1,1007,21,False
2026-07-29,STORE_1,1007,35,False
2026-07-30,STORE_1,1007,19,False
2026-07-31,STORE_1,1007,67,False
2026-08-01,STORE_1,1007,60,False
2026-08-02,STORE_1,1007,45,False
2026-08-03,STORE_1,1007,31,False
2026-08-04,STORE_1,1007,28,False
2026-08-05,STORE_1,1007,47,False
2026-08-06,STORE_1,1007,36,False
2026-08-07,STORE_1,1007,39,False
2026-08-08,STORE_1,1007,52,False
2026-08-09,STORE_1,1007,69,False
2026-08-10,STORE_1,1007,32,False
2026-08-11,STORE_1,1007,42,False
2026-08-12,STORE_1,1007,30,False
2026-08-13,STORE_1,1007,35,False
2026-08-14,STORE_1,1007,56,False
2026-08-15,STORE_1,1007,18,False
2026-08-16,STORE_1,1007,69,False
2026-08-17,STORE_1,1007,19,False
2026-08-18,STORE_1,1007,23,False
2026-08-19,STORE_1,1007,38,False
2026-08-20,STORE_1,1007,43,False
2026-08-21,STORE_1,1007,50,False
2026-08-22,STORE_1,1007,40,False
2026-08-23,STORE_1,1007,55,False
2026-08-24,STORE_1,1007,32,False
2026-08-25,STORE_1,1007,21,False
2026-08-26,STORE_1,1007,36,False
2026-08-27,STORE_1,1007,37,False
2026-08-28,STORE_1,1007,60,False
2026-08-29,STORE_1,1007,52,False
2026-08-30,STORE_1,1007,44,False
2026-08-31,STORE_1,1007,38,True
2026-09-01,STORE_1,1007,46,False
2026-09-02,STORE_1,1007,37,False
2026-09-03,STORE_1,1007,39,False
2026-09-04,STORE_1,1007,67,False
2026-09-05,STORE_1,1007,70,False
2026-09-06,STORE_1,1007,38,False
2026-09-07,STORE_1,1007,44,False
2026-09-08,STORE_1,1007,40,False
2026-09-09,STORE_1,1007,35,False
2026-09-10,STORE_1,1007,48,False
2026-09-11,STORE_1,1007,68,False
2026-09-12,STORE_1,1007,56,False
2026-09-13,STORE_1,1007,46,False
2026-09-14,STORE_1,1007,35,False
2026-09-15,STORE_1,1007,28,False
2026-09-16,STORE_1,1007,35,False
2026-09-17,STORE_1,1007,38,False
2026-09-18,STORE_1,1007,47,False
2026-09-19,STORE_1,1007,53,False
2026-09-20,STORE_1,1007,33,False
2026-09-21,STORE_1,1007,46,False
2026-09-22,STORE_1,1007,0,False
2026-09-23,STORE_1,1007,46,False
2026-09-24,STORE_1,1007,52,False
2026-09-25,STORE_1,1007,43,False
2026-09-26,STORE_1,1007,59,False
2026-09-27,STORE_1,1007,54,False
2026-09-28,STORE_1,1007,30,False
2026-09-29,STORE_1,1007,41,False
2026-09-30,STORE_1,1007,35,False
2025-10-01,STORE_1,1008,12,False
2025-10-02,STORE_1,1008,12,False
2025-10-03,STORE_1,1008,17,False
2025-10-04,STORE_1,1008,14,False
2025-10-05,STORE_1,1008,11,False
2025-10-06,STORE_1,1008,15,False
2025-10-07,STORE_1,1008,16,False
2025-10-08,STORE_1,1008,13,True
2025-10-09,STORE_1,1008,21,False
2025-10-10,STORE_1,1008,16,False
2025-10-11,STORE_1,1008,12,False
2025-10-12,STORE_1,1008,21,False
2025-10-13,STORE_1,1008,13,False
2025-10-14,STORE_1,1008,17,False
2025-10-15,STORE_1,1008,12,False
2025-10-16,STORE_1,1008,10,False
2025-10-17,STORE_1,1008,11,False
2025-10-18,STORE_1,1008,20,False
2025-10-19,STORE_1,1008,17,False
2025-10-20,STORE_1,1008,12,False
2025-10-21,STORE_1,1008,14,False
2025-10-22,STORE_1,1008,17,False
2025-10-23,STORE_1,1008,0,False
2025-10-24,STORE_1,1008,9,False
2025-10-25,STORE_1,1008,10,False
2025-10-26,STORE_1,1008,10,False
2025-10-27,STORE_1,1008,12,False
2025-10-28,STORE_1,1008,19,True
2025-10-29,STORE_1,1008,9,False
2025-10-30,STORE_1,1008,15,False
2025-10-31,STORE_1,1008,20,False
2025-11-01,STORE_1,1008,21,False
2025-11-02,STORE_1,1008,24,False
2025-11-03,STORE_1,1008,17,False
2025-11-04,STORE_1,1008,14,False
2025-11-05,STORE_1,1008,16,False
2025-11-06,STORE_1,1008,17,False
2025-11-07,STORE_1,1008,19,False
2025-11-08,STORE_1,1008,0,False
2025-11-09,STORE_1,1008,19,True
2025-11-10,STORE_1,1008,14,True
2025-11-11,STORE_1,1008,13,False
2025-11-12,STORE_1,1008,11,False
2025-11-13,STORE_1,1008,11,False
2025-11-14,STORE_1,1008,9,False
2025-11-15,STORE_1,1008,21,False
2025-11-16,STORE_1,1008,15,True
2025-11-17,STORE_1,1008,8,False
2025-11-18,STORE_1,1008,20,True
2025-11-19,STORE_1,1008,10,False
2025-11-20,STORE_1,1008,17,False
2025-11-21,STORE_1,1008,24,False
2025-11-22,STORE_1,1008,37,False
2025-11-23,STORE_1,1008,27,False
2025-11-24,STORE_1,1008,12,False
2025-11-25,STORE_1,1008,19,False
2025-11-26,STORE_1,1008,16,False
2025-11-27,STORE_1,1008,17,False
2025-11-28,STORE_1,1008,20,False
2025-11-29,STORE_1,1008,18,False
2025-11-30,STORE_1,1008,30,False
2025-12-01,STORE_1,1008,12,False
2025-12-02,STORE_1,1008,9,False
2025-12-03,STORE_1,1008,21,False
2025-12-04,STORE_1,1008,26,False
2025-12-05,STORE_1,1008,22,False
2025-12-06,STORE_1,1008,8,False
2025-12-07,STORE_1,1008,20,False
2025-12-08,STORE_1,1008,20,False
2025-12-09,STORE_1,1008,20,False
2025-12-10,STORE_1,1008,12,False
2025-12-11,STORE_1,1008,17,False
2025-12-12,STORE_1,1008,24,False
2025-12-13,STORE_1,1008,31,False
2025-12-14,STORE_1,1008,25,False
2025-12-15,STORE_1,1008,18,False
2025-12-16,STORE_1,1008,0,False
2025-12-17,STORE_1,1008,16,False
2025-12-18,STORE_1,1008,26,False
2025-12-19,STORE_1,1008,22,False
2025-12-20,STORE_1,1008,34,False
2025-12-21,STORE_1,1008,24,True
2025-12-22,STORE_1,1008,16,False
2025-12-23,STORE_1,1008,15,False
2025-12-24,STORE_1,1008,14,False
2025-12-25,STORE_1,1008,24,False
2025-12-26,STORE_1,1008,21,False
2025-12-27,STORE_1,1008,26,False
2025-12-28,STORE_1,1008,24,False
2025-12-29,STORE_1,1008,27,False
2025-12-30,STORE_1,1008,23,True
2025-12-31,STORE_1,1008,0,False
2026-01-01,STORE_1,1008,10,False
2026-01-02,STORE_1,1008,22,False
2026-01-03,STORE_1,1008,16,False
2026-01-04,STORE_1,1008,0,False
2026-01-05,STORE_1,1008,10,False
2026-01-06,STORE_1,1008,17,False
2026-01-07,STORE_1,1008,10,False
2026-01-08,STORE_1,1008,15,True
2026-01-09,STORE_1,1008,21,False
2026-01-10,STORE_1,1008,14,False
2026-01-11,STORE_1,1008,16,False
2026-01-12,STORE_1,1008,12,False
2026-01-13,STORE_1,1008,13,False
2026-01-14,STORE_1,1008,16,False
2026-01-15,STORE_1,1008,23,False
2026-01-16,STORE_1,1008,18,False
2026-01-17,STORE_1,1008,16,False
2026-01-18,STORE_1,1008,13,False
2026-01-19,STORE_1,1008,10,False
2026-01-20,STORE_1,1008,13,False
2026-01-21,STORE_1,1008,6,False
2026-01-22,STORE_1,1008,10,False
2026-01-23,STORE_1,1008,24,True
2026-01-24,STORE_1,1008,23,False
2026-01-25,STORE_1,1008,22,True
2026-01-26,STORE_1,1008,15,False
2026-01-27,STORE_1,1008,15,False
2026-01-28,STORE_1,1008,11,False
2026-01-29,STORE_1,1008,18,False
2026-01-30,STORE_1,1008,11,False
2026-01-31,STORE_1,1008,13,False
2026-02-01,STORE_1,1008,15,False
2026-02-02,STORE_1,1008,7,False
2026-02-03,STORE_1,1008,13,False
2026-02-04,STORE_1,1008,11,False
2026-02-05,STORE_1,1008,13,False
2026-02-06,STORE_1,1008,5,False
2026-02-07,STORE_1,1008,19,False
2026-02-08,STORE_1,1008,15,False
2026-02-09,STORE_1,1008,10,False
2026-02-10,STORE_1,1008,13,False
2026-02-11,STORE_1,1008,11,False
2026-02-12,STORE_1,1008,14,False
2026-02-13,STORE_1,1008,19,False
2026-02-14,STORE_1,1008,25,False
2026-02-15,STORE_1,1008,20,False
2026-02-16,STORE_1,1008,11,False
2026-02-17,STORE_1,1008,21,True
2026-02-18,STORE_1,1008,9,False
2026-02-19,STORE_1,1008,13,False
2026-02-20,STORE_1,1008,12,True
2026-02-21,STORE_1,1008,10,False
2026-02-22,STORE_1,1008,16,False
2026-02-23,STORE_1,1008,12,False
2026-02-24,STORE_1,1008,14,False
2026-02-25,STORE_1,1008,10,False
2026-02-26,STORE_1,1008,29,True
2026-02-27,STORE_1,1008,22,False
2026-02-28,STORE_1,1008,17,False
2026-03-01,STORE_1,1008,15,False
2026-03-02,STORE_1,1008,16,False
2026-03-03,STORE_1,1008,11,False
2026-03-04,STORE_1,1008,13,False
2026-03-05,STORE_1,1008,9,False
2026-03-06,STORE_1,1008,17,False
2026-03-07,STORE_1,1008,16,False
2026-03-08,STORE_1,1008,11,False
2026-03-09,STORE_1,1008,23,True
2026-03-10,STORE_1,1008,12,False
2026-03-11,STORE_1,1008,16,False
2026-03-12,STORE_1,1008,13,False
2026-03-13,STORE_1,1008,23,False
2026-03-14,STORE_1,1008,16,False
2026-03-15,STORE_1,1008,18,False
2026-03-16,STORE_1,1008,15,True
2026-03-17,STORE_1,1008,10,False
2026-03-18,STORE_1,1008,8,False
2026-03-19,STORE_1,1008,13,False
2026-03-20,STORE_1,1008,18,False
2026-03-21,STORE_1,1008,23,False
2026-03-22,STORE_1,1008,15,False
2026-03-23,STORE_1,1008,9,False
2026-03-24,STORE_1,1008,11,False
2026-03-25,STORE_1,1008,12,False
2026-03-26,STORE_1,1008,8,False
2026-03-27,STORE_1,1008,15,False
2026-03-28,STORE_1,1008,14,False
2026-03-29,STORE_1,1008,21,False
2026-03-30,STORE_1,1008,0,True
2026-03-31,STORE_1,1008,6,False
2026-04-01,STORE_1,1008,20,False
2026-04-02,STORE_1,1008,13,False
2026-04-03,STORE_1,1008,16,False
2026-04-04,STORE_1,1008,23,False
2026-04-05,STORE_1,1008,12,False
2026-04-06,STORE_1,1008,14,False
2026-04-07,STORE_1,1008,7,False
2026-04-08,STORE_1,1008,10,False
2026-04-09,STORE_1,1008,22,False
2026-04-10,STORE_1,1008,19,False
2026-04-11,STORE_1,1008,22,False
2026-04-12,STORE_1,1008,10,False
2026-04-13,STORE_1,1008,11,False
2026-04-14,STORE_1,1008,14,False
2026-04-15,STORE_1,1008,17,False
2026-04-16,STORE_1,1008,13,False
2026-04-17,STORE_1,1008,12,False
2026-04-18,STORE_1,1008,17,False
2026-04-19,STORE_1,1008,14,False
2026-04-20,STORE_1,1008,11,False
2026-04-21,STORE_1,1008,9,False
2026-04-22,STORE_1,1008,8,False
2026-04-23,STORE_1,1008,10,False
2026-04-24,STORE_1,1008,15,False
2026-04-25,STORE_1,1008,23,False
2026-04-26,STORE_1,1008,17,True
2026-04-27,STORE_1,1008,10,False
2026-04-28,STORE_1,1008,8,False
2026-04-29,STORE_1,1008,13,False
2026-04-30,STORE_1,1008,26,True
2026-05-01,STORE_1,1008,14,False
2026-05-02,STORE_1,1008,10,True
2026-05-03,STORE_1,1008,15,False
2026-05-04,STORE_1,1008,7,False
2026-05-05,STORE_1,1008,14,True
2026-05-06,STORE_1,1008,14,False
2026-05-07,STORE_1,1008,20,False
2026-05-08,STORE_1,1008,14,False
2026-05-09,STORE_1,1008,12,False
2026-05-10,STORE_1,1008,12,False
2026-05-11,STORE_1,1008,14,False
2026-05-12,STORE_1,1008,11,False
2026-05-13,STORE_1,1008,12,False
2026-05-14,STORE_1,1008,16,False
2026-05-15,STORE_1,1008,14,False
2026-05-16,STORE_1,1008,19,False
2026-05-17,STORE_1,1008,14,False
2026-05-18,STORE_1,1008,18,False
2026-05-19,STORE_1,1008,15,True
2026-05-20,STORE_1,1008,16,False
2026-05-21,STORE_1,1008,11,False
2026-05-22,STORE_1,1008,30,True
2026-05-23,STORE_1,1008,22,False
2026-05-24,STORE_1,1008,16,False
2026-05-25,STORE_1,1008,8,False
2026-05-26,STORE_1,1008,9,False
2026-05-27,STORE_1,1008,25,True
2026-05-28,STORE_1,1008,13,False
2026-05-29,STORE_1,1008,24,False
2026-05-30,STORE_1,1008,14,False
2026-05-31,STORE_1,1008,13,False
2026-06-01,STORE_1,1008,10,False
2026-06-02,STORE_1,1008,10,False
2026-06-03,STORE_1,1008,10,False
2026-06-04,STORE_1,1008,12,False
2026-06-05,STORE_1,1008,16,False
2026-06-06,STORE_1,1008,11,False
2026-06-07,STORE_1,1008,14,False
2026-06-08,STORE_1,1008,12,False
2026-06-09,STORE_1,1008,13,False
2026-06-10,STORE_1,1008,16,False
2026-06-11,STORE_1,1008,16,False
2026-06-12,STORE_1,1008,19,False
2026-06-13,STORE_1,1008,19,False
2026-06-14,STORE_1,1008,17,False
2026-06-15,STORE_1,1008,0,False
2026-06-16,STORE_1,1008,11,False
2026-06-17,STORE_1,1008,10,False
2026-06-18,STORE_1,1008,10,False
2026-06-19,STORE_1,1008,22,False
2026-06-20,STORE_1,1008,25,False
2026-06-21,STORE_1,1008,5,False
2026-06-22,STORE_1,1008,8,False
2026-06-23,STORE_1,1008,12,False
2026-06-24,STORE_1,1008,9,False
2026-06-25,STORE_1,1008,14,False
2026-06-26,STORE_1,1008,15,False
2026-06-27,STORE_1,1008,19,False
2026-06-28,STORE_1,1008,27,True
2026-06-29,STORE_1,1008,11,False
2026-06-30,STORE_1,1008,0,False
2026-07-01,STORE_1,1008,4,False
2026-07-02,STORE_1,1008,18,False
2026-07-03,STORE_1,1008,25,False
2026-07-04,STORE_1,1008,13,False
2026-07-05,STORE_1,1008,16,False
2026-07-06,STORE_1,1008,17,False
2026-07-07,STORE_1,1008,13,False
2026-07-08,STORE_1,1008,8,False
2026-07-09,STORE_1,1008,14,False
2026-07-10,STORE_1,1008,19,False
2026-07-11,STORE_1,1008,20,False
2026-07-12,STORE_1,1008,20,False
2026-07-13,STORE_1,1008,16,False
2026-07-14,STORE_1,1008,11,False
2026-07-15,STORE_1,1008,15,False
2026-07-16,STORE_1,1008,12,False
2026-07-17,STORE_1,1008,18,False
2026-07-18,STORE_1,1008,18,False
2026-07-19,STORE_1,1008,14,False
2026-07-20,STORE_1,1008,13,False
2026-07-21,STORE_1,1008,8,False
2026-07-22,STORE_1,1008,15,False
2026-07-23,STORE_1,1008,12,False
2026-07-24,STORE_1,1008,21,False
2026-07-25,STORE_1,1008,15,False
2026-07-26,STORE_1,1008,14,False
2026-07-27,STORE_1,1008,9,False
2026-07-28,STORE_1,1008,8,False
2026-07-29,STORE_1,1008,10,False
2026-07-30,STORE_1,1008,11,False
2026-07-31,STORE_1,1008,13,False
2026-08-01,STORE_1,1008,19,False
2026-08-02,STORE_1,1008,18,False
2026-08-03,STORE_1,1008,14,False
2026-08-04,STORE_1,1008,7,False
2026-08-05,STORE_1,1008,11,False
2026-08-06,STORE_1,1008,12,False
2026-08-07,STORE_1,1008,23,False
2026-08-08,STORE_1,1008,18,False
2026-08-09,STORE_1,1008,16,False
2026-08-10,STORE_1,1008,8,False
2026-08-11,STORE_1,1008,9,False
2026-08-12,STORE_1,1008,8,False
2026-08-13,STORE_1,1008,14,False
2026-08-14,STORE_1,1008,23,False
2026-08-15,STORE_1,1008,23,True
2026-08-16,STORE_1,1008,15,False
2026-08-17,STORE_1,1008,6,False
2026-08-18,STORE_1,1008,12,False
2026-08-19,STORE_1,1008,0,False
2026-08-20,STORE_1,1008,20,False
2026-08-21,STORE_1,1008,23,False
2026-08-22,STORE_1,1008,28,False
2026-08-23,STORE_1,1008,19,False
2026-08-24,STORE_1,1008,11,False
2026-08-25,STORE_1,1008,10,False
2026-08-26,STORE_1,1008,10,False
2026-08-27,STORE_1,1008,5,False
2026-08-28,STORE_1,1008,27,True
2026-08-29,STORE_1,1008,37,True
2026-08-30,STORE_1,1008,25,False
2026-08-31,STORE_1,1008,13,False
2026-09-01,STORE_1,1008,8,False
2026-09-02,STORE_1,1008,17,False
2026-09-03,STORE_1,1008,15,False
2026-09-04,STORE_1,1008,26,False
2026-09-05,STORE_1,1008,27,False
2026-09-06,STORE_1,1008,14,False
2026-09-07,STORE_1,1008,9,False
2026-09-08,STORE_1,1008,8,False
2026-09-09,STORE_1,1008,10,False
2026-09-10,STORE_1,1008,12,False
2026-09-11,STORE_1,1008,16,False
2026-09-12,STORE_1,1008,23,False
2026-09-13,STORE_1,1008,14,False
2026-09-14,STORE_1,1008,12,False
2026-09-15,STORE_1,1008,7,False
2026-09-16,STORE_1,1008,10,False
2026-09-17,STORE_1,1008,21,True
2026-09-18,STORE_1,1008,10,False
2026-09-19,STORE_1,1008,18,False
2026-09-20,STORE_1,1008,13,False
2026-09-21,STORE_1,1008,11,False
2026-09-22,STORE_1,1008,9,False
2026-09-23,STORE_1,1008,14,False
2026-09-24,STORE_1,1008,14,False
2026-09-25,STORE_1,1008,22,False
2026-09-26,STORE_1,1008,23,False
2026-09-27,STORE_1,1008,0,False
2026-09-28,STORE_1,1008,16,False
2026-09-29,STORE_1,1008,11,False
2026-09-30,STORE_1,1008,12,False
2025-10-01,STORE_1,1009,26,False
2025-10-02,STORE_1,1009,26,False
2025-10-03,STORE_1,1009,40,False
2025-10-04,STORE_1,1009,40,False
2025-10-05,STORE_1,1009,26,False
2025-10-06,STORE_1,1009,22,False
2025-10-07,STORE_1,1009,17,False
2025-10-08,STORE_1,1009,27,False
2025-10-09,STORE_1,1009,26,False
2025-10-10,STORE_1,1009,22,False
2025-10-11,STORE_1,1009,42,False
2025-10-12,STORE_1,1009,25,False
2025-10-13,STORE_1,1009,25,False
2025-10-14,STORE_1,1009,0,False
2025-10-15,STORE_1,1009,17,False
2025-10-16,STORE_1,1009,22,False
2025-10-17,STORE_1,1009,16,False
2025-10-18,STORE_1,1009,28,False
2025-10-19,STORE_1,1009,0,False
2025-10-20,STORE_1,1009,14,False
2025-10-21,STORE_1,1009,18,False
2025-10-22,STORE_1,1009,27,False
2025-10-23,STORE_1,1009,26,False
2025-10-24,STORE_1,1009,34,True
2025-10-25,STORE_1,1009,35,False
2025-10-26,STORE_1,1009,30,False
2025-10-27,STORE_1,1009,26,False
2025-10-28,STORE_1,1009,20,False
2025-10-29,STORE_1,1009,20,False
2025-10-30,STORE_1,1009,16,False
2025-10-31,STORE_1,1009,18,False
2025-11-01,STORE_1,1009,33,False
2025-11-02,STORE_1,1009,29,False
2025-11-03,STORE_1,1009,23,False
2025-11-04,STORE_1,1009,15,False
2025-11-05,STORE_1,1009,18,False
2025-11-06,STORE_1,1009,24,False
2025-11-07,STORE_1,1009,25,False
2025-11-08,STORE_1,1009,52,False
2025-11-09,STORE_1,1009,22,False
2025-11-10,STORE_1,1009,23,False
2025-11-11,STORE_1,1009,23,False
2025-11-12,STORE_1,1009,25,False
2025-11-13,STORE_1,1009,20,False
2025-11-14,STORE_1,1009,33,False
2025-11-15,STORE_1,1009,35,False
2025-11-16,STORE_1,1009,30,False
2025-11-17,STORE_1,1009,21,False
2025-11-18,STORE_1,1009,23,False
2025-11-19,STORE_1,1009,22,False
2025-11-20,STORE_1,1009,20,False
2025-11-21,STORE_1,1009,39,False
2025-11-22,STORE_1,1009,45,False
2025-11-23,STORE_1,1009,41,False
2025-11-24,STORE_1,1009,28,False
2025-11-25,STORE_1,1009,37,False
2025-11-26,STORE_1,1009,26,False
2025-11-27,STORE_1,1009,50,True
2025-11-28,STORE_1,1009,41,False
2025-11-29,STORE_1,1009,48,False
2025-11-30,STORE_1,1009,33,False
2025-12-01,STORE_1,1009,24,False
2025-12-02,STORE_1,1009,26,False
2025-12-03,STORE_1,1009,22,False
2025-12-04,STORE_1,1009,23,False
2025-12-05,STORE_1,1009,32,False
2025-12-06,STORE_1,1009,52,False
2025-12-07,STORE_1,1009,66,True
2025-12-08,STORE_1,1009,25,False
2025-12-09,STORE_1,1009,30,False
2025-12-10,STORE_1,1009,40,True
2025-12-11,STORE_1,1009,31,True
2025-12-12,STORE_1,1009,44,False
2025-12-13,STORE_1,1009,42,False
2025-12-14,STORE_1,1009,24,False
2025-12-15,STORE_1,1009,24,False
2025-12-16,STORE_1,1009,16,False
2025-12-17,STORE_1,1009,38,True
2025-12-18,STORE_1,1009,35,False
2025-12-19,STORE_1,1009,43,False
2025-12-20,STORE_1,1009,33,False
2025-12-21,STORE_1,1009,0,False
2025-12-22,STORE_1,1009,30,False
2025-12-23,STORE_1,1009,31,False
2025-12-24,STORE_1,1009,34,False
2025-12-25,STORE_1,1009,25,False
2025-12-26,STORE_1,1009,48,False
2025-12-27,STORE_1,1009,42,False
2025-12-28,STORE_1,1009,32,False
2025-12-29,STORE_1,1009,20,False
2025-12-30,STORE_1,1009,23,True
2025-12-31,STORE_1,1009,18,False
2026-01-01,STORE_1,1009,36,False
2026-01-02,STORE_1,1009,28,False
2026-01-03,STORE_1,1009,24,False
2026-01-04,STORE_1,1009,27,False
2026-01-05,STORE_1,1009,29,False
2026-01-06,STORE_1,1009,26,False
2026-01-07,STORE_1,1009,39,True
2026-01-08,STORE_1,1009,20,False
2026-01-09,STORE_1,1009,32,False
2026-01-10,STORE_1,1009,37,False
2026-01-11,STORE_1,1009,29,False
2026-01-12,STORE_1,1009,24,False
2026-01-13,STORE_1,1009,21,False
2026-01-14,STORE_1,1009,17,False
2026-01-15,STORE_1,1009,21,False
2026-01-16,STORE_1,1009,37,False
2026-01-17,STORE_1,1009,28,False
2026-01-18,STORE_1,1009,26,False
2026-01-19,STORE_1,1009,23,False
2026-01-20,STORE_1,1009,27,False
2026-01-21,STORE_1,1009,26,False
2026-01-22,STORE_1,1009,18,False
2026-01-23,STORE_1,1009,31,False
2026-01-24,STORE_1,1009,34,False
2026-01-25,STORE_1,1009,25,False
2026-01-26,STORE_1,1009,21,False
2026-01-27,STORE_1,1009,16,False
2026-01-28,STORE_1,1009,29,True
2026-01-29,STORE_1,1009,25,False
2026-01-30,STORE_1,1009,23,False
2026-01-31,STORE_1,1009,25,False
2026-02-01,STORE_1,1009,26,False
2026-02-02,STORE_1,1009,18,False
2026-02-03,STORE_1,1009,13,False
2026-02-04,STORE_1,1009,15,False
2026-02-05,STORE_1,1009,8,False
2026-02-06,STORE_1,1009,39,False
2026-02-07,STORE_1,1009,43,False
2026-02-08,STORE_1,1009,31,False
2026-02-09,STORE_1,1009,15,False
2026-02-10,STORE_1,1009,20,False
2026-02-11,STORE_1,1009,18,False
2026-02-12,STORE_1,1009,22,False
2026-02-13,STORE_1,1009,41,False
2026-02-14,STORE_1,1009,28,False
2026-02-15,STORE_1,1009,18,False
2026-02-16,STORE_1,1009,19,False
2026-02-17,STORE_1,1009,22,False
2026-02-18,STORE_1,1009,27,False
2026-02-19,STORE_1,1009,26,False
2026-02-20,STORE_1,1009,38,False
2026-02-21,STORE_1,1009,15,False
2026-02-22,STORE_1,1009,27,False
2026-02-23,STORE_1,1009,21,False
2026-02-24,STORE_1,1009,13,False
2026-02-25,STORE_1,1009,17,False
2026-02-26,STORE_1,1009,20,False
2026-02-27,STORE_1,1009,28,False
2026-02-28,STORE_1,1009,28,False
2026-03-01,STORE_1,1009,35,False
2026-03-02,STORE_1,1009,24,False
2026-03-03,STORE_1,1009,12,False
2026-03-04,STORE_1,1009,19,False
2026-03-05,STORE_1,1009,17,False
2026-03-06,STORE_1,1009,19,False
2026-03-07,STORE_1,1009,33,True
2026-03-08,STORE_1,1009,23,False
2026-03-09,STORE_1,1009,36,True
2026-03-10,STORE_1,1009,12,False
2026-03-11,STORE_1,1009,0,False
2026-03-12,STORE_1,1009,22,False
2026-03-13,STORE_1,1009,0,False
2026-03-14,STORE_1,1009,0,False
2026-03-15,STORE_1,1009,26,False
2026-03-16,STORE_1,1009,25,False
2026-03-17,STORE_1,1009,19,False
2026-03-18,STORE_1,1009,28,False
2026-03-19,STORE_1,1009,17,False
2026-03-20,STORE_1,1009,27,False
2026-03-21,STORE_1,1009,27,False
2026-03-22,STORE_1,1009,28,False
2026-03-23,STORE_1,1009,16,False
2026-03-24,STORE_1,1009,24,False
2026-03-25,STORE_1,1009,29,True
2026-03-26,STORE_1,1009,21,False
2026-03-27,STORE_1,1009,30,False
2026-03-28,STORE_1,1009,36,False
2026-03-29,STORE_1,1009,28,False
2026-03-30,STORE_1,1009,23,False
2026-03-31,STORE_1,1009,18,False
2026-04-01,STORE_1,1009,17,False
2026-04-02,STORE_1,1009,31,False
2026-04-03,STORE_1,1009,21,False
2026-04-04,STORE_1,1009,41,False
2026-04-05,STORE_1,1009,21,False
2026-04-06,STORE_1,1009,16,False
2026-04-07,STORE_1,1009,20,True
2026-04-08,STORE_1,1009,26,False
2026-04-09,STORE_1,1009,30,False
2026-04-10,STORE_1,1009,0,True
2026-04-11,STORE_1,1009,23,False
2026-04-12,STORE_1,1009,16,False
2026-04-13,STORE_1,1009,22,False
2026-04-14,STORE_1,1009,21,True
2026-04-15,STORE_1,1009,22,False
2026-04-16,STORE_1,1009,29,False
2026-04-17,STORE_1,1009,29,False
2026-04-18,STORE_1,1009,29,False
2026-04-19,STORE_1,1009,27,False
2026-04-20,STORE_1,1009,21,False
2026-04-21,STORE_1,1009,16,False
2026-04-22,STORE_1,1009,27,False
2026-04-23,STORE_1,1009,17,False
2026-04-24,STORE_1,1009,11,False
2026-04-25,STORE_1,1009,40,False
2026-04-26,STORE_1,1009,27,False
2026-04-27,STORE_1,1009,33,True
2026-04-28,STORE_1,1009,24,False
2026-04-29,STORE_1,1009,20,False
2026-04-30,STORE_1,1009,23,True
2026-05-01,STORE_1,1009,21,False
2026-05-02,STORE_1,1009,30,False
2026-05-03,STORE_1,1009,0,False
2026-05-04,STORE_1,1009,11,False
2026-05-05,STORE_1,1009,9,False
2026-05-06,STORE_1,1009,20,False
2026-05-07,STORE_1,1009,18,False
2026-05-08,STORE_1,1009,23,False
2026-05-09,STORE_1,1009,26,False
2026-05-10,STORE_1,1009,18,False
2026-05-11,STORE_1,1009,21,False
2026-05-12,STORE_1,1009,19,False
2026-05-13,STORE_1,1009,19,False
2026-05-14,STORE_1,1009,14,False
2026-05-15,STORE_1,1009,31,False
2026-05-16,STORE_1,1009,37,True
2026-05-17,STORE_1,1009,23,False
2026-05-18,STORE_1,1009,23,False
2026-05-19,STORE_1,1009,18,False
2026-05-20,STORE_1,1009,13,False
2026-05-21,STORE_1,1009,25,False
2026-05-22,STORE_1,1009,51,False
2026-05-23,STORE_1,1009,21,False
2026-05-24,STORE_1,1009,20,False
2026-05-25,STORE_1,1009,18,False
2026-05-26,STORE_1,1009,12,False
2026-05-27,STORE_1,1009,22,False
2026-05-28,STORE_1,1009,27,False
2026-05-29,STORE_1,1009,30,False
2026-05-30,STORE_1,1009,33,False
2026-05-31,STORE_1,1009,31,False
2026-06-01,STORE_1,1009,42,True
2026-06-02,STORE_1,1009,21,False
2026-06-03,STORE_1,1009,17,False
2026-06-04,STORE_1,1009,21,False
2026-06-05,STORE_1,1009,18,False
2026-06-06,STORE_1,1009,34,False
2026-06-07,STORE_1,1009,30,False
2026-06-08,STORE_1,1009,24,False
2026-06-09,STORE_1,1009,21,False
2026-06-10,STORE_1,1009,19,False
2026-06-11,STORE_1,1009,23,False
2026-06-12,STORE_1,1009,52,True
2026-06-13,STORE_1,1009,37,False
2026-06-14,STORE_1,1009,34,False
2026-06-15,STORE_1,1009,24,False
2026-06-16,STORE_1,1009,13,False
2026-06-17,STORE_1,1009,15,False
2026-06-18,STORE_1,1009,23,False
2026-06-19,STORE_1,1009,28,False
2026-06-20,STORE_1,1009,32,False
2026-06-21,STORE_1,1009,24,False
2026-06-22,STORE_1,1009,22,False
2026-06-23,STORE_1,1009,23,False
2026-06-24,STORE_1,1009,18,False
2026-06-25,STORE_1,1009,22,False
2026-06-26,STORE_1,1009,42,False
2026-06-27,STORE_1,1009,42,True
2026-06-28,STORE_1,1009,23,False
2026-06-29,STORE_1,1009,17,False
2026-06-30,STORE_1,1009,23,False
2026-07-01,STORE_1,1009,28,False
2026-07-02,STORE_1,1009,21,False
2026-07-03,STORE_1,1009,31,False
2026-07-04,STORE_1,1009,32,False
2026-07-05,STORE_1,1009,15,False
2026-07-06,STORE_1,1009,19,False
2026-07-07,STORE_1,1009,10,False
2026-07-08,STORE_1,1009,18,False
2026-07-09,STORE_1,1009,22,False
2026-07-10,STORE_1,1009,33,False
2026-07-11,STORE_1,1009,34,False
2026-07-12,STORE_1,1009,25,True
2026-07-13,STORE_1,1009,23,False
2026-07-14,STORE_1,1009,8,False
2026-07-15,STORE_1,1009,20,False
2026-07-16,STORE_1,1009,5,False
2026-07-17,STORE_1,1009,28,False
2026-07-18,STORE_1,1009,37,False
2026-07-19,STORE_1,1009,19,False
2026-07-20,STORE_1,1009,21,False
2026-07-21,STORE_1,1009,15,False
2026-07-22,STORE_1,1009,17,False
2026-07-23,STORE_1,1009,20,False
2026-07-24,STORE_1,1009,28,False
2026-07-25,STORE_1,1009,39,False
2026-07-26,STORE_1,1009,28,False
2026-07-27,STORE_1,1009,26,False
2026-07-28,STORE_1,1009,19,False
2026-07-29,STORE_1,1009,37,False
2026-07-30,STORE_1,1009,21,False
2026-07-31,STORE_1,1009,26,False
2026-08-01,STORE_1,1009,51,True
2026-08-02,STORE_1,1009,14,False
2026-08-03,STORE_1,1009,12,False
2026-08-04,STORE_1,1009,22,False
2026-08-05,STORE_1,1009,16,False
2026-08-06,STORE_1,1009,20,False
2026-08-07,STORE_1,1009,34,False
2026-08-08,STORE_1,1009,40,False
2026-08-09,STORE_1,1009,34,False
2026-08-10,STORE_1,1009,24,False
2026-08-11,STORE_1,1009,18,False
2026-08-12,STORE_1,1009,19,False
2026-08-13,STORE_1,1009,20,False
2026-08-14,STORE_1,1009,34,True
2026-08-15,STORE_1,1009,27,False
2026-08-16,STORE_1,1009,36,False
2026-08-17,STORE_1,1009,20,True
2026-08-18,STORE_1,1009,25,False
2026-08-19,STORE_1,1009,13,False
2026-08-20,STORE_1,1009,39,True
2026-08-21,STORE_1,1009,26,False
2026-08-22,STORE_1,1009,30,False
2026-08-23,STORE_1,1009,30,False
2026-08-24,STORE_1,1009,19,False
2026-08-25,STORE_1,1009,15,False
2026-08-26,STORE_1,1009,21,True
2026-08-27,STORE_1,1009,20,False
2026-08-28,STORE_1,1009,0,False
2026-08-29,STORE_1,1009,27,False
2026-08-30,STORE_1,1009,13,False
2026-08-31,STORE_1,1009,24,True
2026-09-01,STORE_1,1009,22,False
2026-09-02,STORE_1,1009,14,False
2026-09-03,STORE_1,1009,24,False
2026-09-04,STORE_1,1009,43,True
2026-09-05,STORE_1,1009,36,False
2026-09-06,STORE_1,1009,23,False
2026-09-07,STORE_1,1009,21,False
2026-09-08,STORE_1,1009,16,False
2026-09-09,STORE_1,1009,28,False
2026-09-10,STORE_1,1009,26,False
2026-09-11,STORE_1,1009,30,False
2026-09-12,STORE_1,1009,42,False
2026-09-13,STORE_1,1009,25,False
2026-09-14,STORE_1,1009,20,False
2026-09-15,STORE_1,1009,32,False
2026-09-16,STORE_1,1009,20,False
2026-09-17,STORE_1,1009,24,False
2026-09-18,STORE_1,1009,0,False
2026-09-19,STORE_1,1009,30,False
2026-09-20,STORE_1,1009,40,False
2026-09-21,STORE_1,1009,23,False
2026-09-22,STORE_1,1009,17,False
2026-09-23,STORE_1,1009,12,False
2026-09-24,STORE_1,1009,20,False
2026-09-25,STORE_1,1009,20,False
2026-09-26,STORE_1,1009,25,False
2026-09-27,STORE_1,1009,20,False
2026-09-28,STORE_1,1009,25,False
2026-09-29,STORE_1,1009,12,False
2026-09-30,STORE_1,1009,25,False
2025-10-01,STORE_1,1010,9,False
2025-10-02,STORE_1,1010,17,False
2025-10-03,STORE_1,1010,19,False
2025-10-04,STORE_1,1010,21,False
2025-10-05,STORE_1,1010,22,False
2025-10-06,STORE_1,1010,16,False
2025-10-07,STORE_1,1010,8,False
2025-10-08,STORE_1,1010,25,True
2025-10-09,STORE_1,1010,20,True
2025-10-10,STORE_1,1010,20,False
2025-10-11,STORE_1,1010,21,False
2025-10-12,STORE_1,1010,13,False
2025-10-13,STORE_1,1010,10,False
2025-10-14,STORE_1,1010,17,True
2025-10-15,STORE_1,1010,11,False
2025-10-16,STORE_1,1010,15,False
2025-10-17,STORE_1,1010,18,False
2025-10-18,STORE_1,1010,19,False
2025-10-19,STORE_1,1010,21,False
2025-10-20,STORE_1,1010,16,False
2025-10-21,STORE_1,1010,16,False
2025-10-22,STORE_1,1010,17,False
2025-10-23,STORE_1,1010,0,False
2025-10-24,STORE_1,1010,14,False
2025-10-25,STORE_1,1010,18,False
2025-10-26,STORE_1,1010,11,False
2025-10-27,STORE_1,1010,14,False
2025-10-28,STORE_1,1010,12,False
2025-10-29,STORE_1,1010,20,False
2025-10-30,STORE_1,1010,10,False
2025-10-31,STORE_1,1010,18,False
2025-11-01,STORE_1,1010,40,True
2025-11-02,STORE_1,1010,15,False
2025-11-03,STORE_1,1010,16,False
2025-11-04,STORE_1,1010,8,False
2025-11-05,STORE_1,1010,5,False
2025-11-06,STORE_1,1010,0,True
2025-11-07,STORE_1,1010,11,False
2025-11-08,STORE_1,1010,19,False
2025-11-09,STORE_1,1010,18,False
2025-11-10,STORE_1,1010,22,False
2025-11-11,STORE_1,1010,17,False
2025-11-12,STORE_1,1010,8,False
2025-11-13,STORE_1,1010,9,False
2025-11-14,STORE_1,1010,16,False
2025-11-15,STORE_1,1010,31,False
2025-11-16,STORE_1,1010,10,False
2025-11-17,STORE_1,1010,11,False
2025-11-18,STORE_1,1010,11,False
2025-11-19,STORE_1,1010,15,False
2025-11-20,STORE_1,1010,24,False
2025-11-21,STORE_1,1010,29,False
2025-11-22,STORE_1,1010,38,True
2025-11-23,STORE_1,1010,27,False
2025-11-24,STORE_1,1010,16,False
2025-11-25,STORE_1,1010,11,False
2025-11-26,STORE_1,1010,18,False
2025-11-27,STORE_1,1010,18,False
2025-11-28,STORE_1,1010,24,False
2025-11-29,STORE_1,1010,33,False
2025-11-30,STORE_1,1010,10,False
2025-12-01,STORE_1,1010,28,False
2025-12-02,STORE_1,1010,23,False
2025-12-03,STORE_1,1010,17,False
2025-12-04,STORE_1,1010,16,False
2025-12-05,STORE_1,1010,26,False
2025-12-06,STORE_1,1010,27,False
2025-12-07,STORE_1,1010,33,False
2025-12-08,STORE_1,1010,26,False
2025-12-09,STORE_1,1010,20,False
2025-12-10,STORE_1,1010,13,False
2025-12-11,STORE_1,1010,20,False
2025-12-12,STORE_1,1010,28,False
2025-12-13,STORE_1,1010,28,False
2025-12-14,STORE_1,1010,23,False
2025-12-15,STORE_1,1010,19,False
2025-12-16,STORE_1,1010,28,True
2025-12-17,STORE_1,1010,15,False
2025-12-18,STORE_1,1010,31,False
2025-12-19,STORE_1,1010,28,False
2025-12-20,STORE_1,1010,31,False
2025-12-21,STORE_1,1010,43,True
2025-12-22,STORE_1,1010,19,False
2025-12-23,STORE_1,1010,18,False
2025-12-24,STORE_1,1010,17,False
2025-12-25,STORE_1,1010,22,False
2025-12-26,STORE_1,1010,26,False
2025-12-27,STORE_1,1010,22,False
2025-12-28,STORE_1,1010,27,False
2025-12-29,STORE_1,1010,25,False
2025-12-30,STORE_1,1010,24,False
2025-12-31,STORE_1,1010,22,False
2026-01-01,STORE_1,1010,15,False
2026-01-02,STORE_1,1010,32,False
2026-01-03,STORE_1,1010,23,False
2026-01-04,STORE_1,1010,24,True
2026-01-05,STORE_1,1010,15,False
2026-01-06,STORE_1,1010,8,False
2026-01-07,STORE_1,1010,9,False
2026-01-08,STORE_1,1010,22,False
2026-01-09,STORE_1,1010,20,False
2026-01-10,STORE_1,1010,10,False
2026-01-11,STORE_1,1010,19,False
2026-01-12,STORE_1,1010,10,False
2026-01-13,STORE_1,1010,16,False
2026-01-14,STORE_1,1010,17,False
2026-01-15,STORE_1,1010,18,False
2026-01-16,STORE_1,1010,20,False
2026-01-17,STORE_1,1010,29,False
2026-01-18,STORE_1,1010,24,False
2026-01-19,STORE_1,1010,21,True
2026-01-20,STORE_1,1010,17,False
2026-01-21,STORE_1,1010,15,False
2026-01-22,STORE_1,1010,17,False
2026-01-23,STORE_1,1010,23,False
2026-01-24,STORE_1,1010,31,False
2026-01-25,STORE_1,1010,11,False
2026-01-26,STORE_1,1010,22,False
2026-01-27,STORE_1,1010,13,False
2026-01-28,STORE_1,1010,16,False
2026-01-29,STORE_1,1010,13,False
2026-01-30,STORE_1,1010,26,False
2026-01-31,STORE_1,1010,21,False
2026-02-01,STORE_1,1010,23,False
2026-02-02,STORE_1,1010,15,False
2026-02-03,STORE_1,1010,17,False
2026-02-04,STORE_1,1010,18,False
2026-02-05,STORE_1,1010,18,False
2026-02-06,STORE_1,1010,0,False
2026-02-07,STORE_1,1010,18,False
2026-02-08,STORE_1,1010,15,False
2026-02-09,STORE_1,1010,22,True
2026-02-10,STORE_1,1010,9,False
2026-02-11,STORE_1,1010,14,False
2026-02-12,STORE_1,1010,18,False
2026-02-13,STORE_1,1010,7,False
2026-02-14,STORE_1,1010,21,False
2026-02-15,STORE_1,1010,18,True
2026-02-16,STORE_1,1010,12,False
2026-02-17,STORE_1,1010,9,False
2026-02-18,STORE_1,1010,17,False
2026-02-19,STORE_1,1010,19,False
2026-02-20,STORE_1,1010,32,True
2026-02-21,STORE_1,1010,37,True
2026-02-22,STORE_1,1010,15,False
2026-02-23,STORE_1,1010,13,False
2026-02-24,STORE_1,1010,10,False
2026-02-25,STORE_1,1010,16,False
2026-02-26,STORE_1,1010,18,False
2026-02-27,STORE_1,1010,27,False
2026-02-28,STORE_1,1010,28,False
2026-03-01,STORE_1,1010,22,False
2026-03-02,STORE_1,1010,13,False
2026-03-03,STORE_1,1010,12,False
2026-03-04,STORE_1,1010,0,False
2026-03-05,STORE_1,1010,17,False
2026-03-06,STORE_1,1010,16,False
2026-03-07,STORE_1,1010,24,False
2026-03-08,STORE_1,1010,17,False
2026-03-09,STORE_1,1010,14,False
2026-03-10,STORE_1,1010,11,False
2026-03-11,STORE_1,1010,10,False
2026-03-12,STORE_1,1010,24,False
2026-03-13,STORE_1,1010,19,False
2026-03-14,STORE_1,1010,14,False
2026-03-15,STORE_1,1010,15,False
2026-03-16,STORE_1,1010,13,False
2026-03-17,STORE_1,1010,15,False
2026-03-18,STORE_1,1010,11,False
2026-03-19,STORE_1,1010,15,False
2026-03-20,STORE_1,1010,21,False
2026-03-21,STORE_1,1010,24,False
2026-03-22,STORE_1,1010,17,False
2026-03-23,STORE_1,1010,20,False
2026-03-24,STORE_1,1010,15,False
2026-03-25,STORE_1,1010,16,False
2026-03-26,STORE_1,1010,18,False
2026-03-27,STORE_1,1010,25,False
2026-03-28,STORE_1,1010,23,False
2026-03-29,STORE_1,1010,13,False
2026-03-30,STORE_1,1010,15,False
2026-03-31,STORE_1,1010,15,False
2026-04-01,STORE_1,1010,18,False
2026-04-02,STORE_1,1010,11,False
2026-04-03,STORE_1,1010,15,False
2026-04-04,STORE_1,1010,22,False
2026-04-05,STORE_1,1010,21,False
2026-04-06,STORE_1,1010,9,False
2026-04-07,STORE_1,1010,9,False
2026-04-08,STORE_1,1010,21,True
2026-04-09,STORE_1,1010,17,True
2026-04-10,STORE_1,1010,24,False
2026-04-11,STORE_1,1010,25,False
2026-04-12,STORE_1,1010,15,False
2026-04-13,STORE_1,1010,0,False
2026-04-14,STORE_1,1010,0,False
2026-04-15,STORE_1,1010,15,False
2026-04-16,STORE_1,1010,15,False
2026-04-17,STORE_1,1010,17,False
2026-04-18,STORE_1,1010,34,True
2026-04-19,STORE_1,1010,13,False
2026-04-20,STORE_1,1010,19,False
2026-04-21,STORE_1,1010,0,False
2026-04-22,STORE_1,1010,15,False
2026-04-23,STORE_1,1010,12,False
2026-04-24,STORE_1,1010,26,False
2026-04-25,STORE_1,1010,18,False
2026-04-26,STORE_1,1010,15,False
2026-04-27,STORE_1,1010,13,False
2026-04-28,STORE_1,1010,15,True
2026-04-29,STORE_1,1010,15,False
2026-04-30,STORE_1,1010,16,False
2026-05-01,STORE_1,1010,20,False
2026-05-02,STORE_1,1010,23,False
2026-05-03,STORE_1,1010,12,False
2026-05-04,STORE_1,1010,16,False
2026-05-05,STORE_1,1010,0,False
2026-05-06,STORE_1,1010,24,False
2026-05-07,STORE_1,1010,20,False
2026-05-08,STORE_1,1010,14,False
2026-05-09,STORE_1,1010,0,False
2026-05-10,STORE_1,1010,20,False
2026-05-11,STORE_1,1010,13,False
2026-05-12,STORE_1,1010,12,False
2026-05-13,STORE_1,1010,17,False
2026-05-14,STORE_1,1010,18,False
2026-05-15,STORE_1,1010,22,False
2026-05-16,STORE_1,1010,31,False
2026-05-17,STORE_1,1010,19,False
2026-05-18,STORE_1,1010,11,False
2026-05-19,STORE_1,1010,0,False
2026-05-20,STORE_1,1010,0,False
2026-05-21,STORE_1,1010,14,False
2026-05-22,STORE_1,1010,16,False
2026-05-23,STORE_1,1010,24,False
2026-05-24,STORE_1,1010,20,False
2026-05-25,STORE_1,1010,16,False
2026-05-26,STORE_1,1010,13,False
2026-05-27,STORE_1,1010,14,False
2026-05-28,STORE_1,1010,12,False
2026-05-29,STORE_1,1010,22,False
2026-05-30,STORE_1,1010,8,False
2026-05-31,STORE_1,1010,20,False
2026-06-01,STORE_1,1010,13,False
2026-06-02,STORE_1,1010,16,True
2026-06-03,STORE_1,1010,19,True
2026-06-04,STORE_1,1010,12,False
2026-06-05,STORE_1,1010,14,False
2026-06-06,STORE_1,1010,34,False
2026-06-07,STORE_1,1010,24,False
2026-06-08,STORE_1,1010,18,False
2026-06-09,STORE_1,1010,0,False
2026-06-10,STORE_1,1010,19,False
2026-06-11,STORE_1,1010,15,False
2026-06-12,STORE_1,1010,16,False
2026-06-13,STORE_1,1010,27,False
2026-06-14,STORE_1,1010,19,False
2026-06-15,STORE_1,1010,9,False
2026-06-16,STORE_1,1010,12,False
2026-06-17,STORE_1,1010,16,True
2026-06-18,STORE_1,1010,22,False
2026-06-19,STORE_1,1010,28,False
2026-06-20,STORE_1,1010,22,False
2026-06-21,STORE_1,1010,16,False
2026-06-22,STORE_1,1010,12,False
2026-06-23,STORE_1,1010,13,False
2026-06-24,STORE_1,1010,12,False
2026-06-25,STORE_1,1010,12,False
2026-06-26,STORE_1,1010,0,True
2026-06-27,STORE_1,1010,30,False
2026-06-28,STORE_1,1010,22,False
2026-06-29,STORE_1,1010,12,False
2026-06-30,STORE_1,1010,0,False
2026-07-01,STORE_1,1010,7,False
2026-07-02,STORE_1,1010,21,False
2026-07-03,STORE_1,1010,18,False
2026-07-04,STORE_1,1010,42,True
2026-07-05,STORE_1,1010,24,False
2026-07-06,STORE_1,1010,11,False
2026-07-07,STORE_1,1010,9,False
2026-07-08,STORE_1,1010,12,False
2026-07-09,STORE_1,1010,17,False
2026-07-10,STORE_1,1010,23,False
2026-07-11,STORE_1,1010,28,False
2026-07-12,STORE_1,1010,18,False
2026-07-13,STORE_1,1010,14,False
2026-07-14,STORE_1,1010,13,False
2026-07-15,STORE_1,1010,17,True
2026-07-16,STORE_1,1010,18,False
2026-07-17,STORE_1,1010,15,False
2026-07-18,STORE_1,1010,20,False
2026-07-19,STORE_1,1010,17,False
2026-07-20,STORE_1,1010,15,False
2026-07-21,STORE_1,1010,12,False
2026-07-22,STORE_1,1010,18,False
2026-07-23,STORE_1,1010,18,False
2026-07-24,STORE_1,1010,0,False
2026-07-25,STORE_1,1010,40,True
2026-07-26,STORE_1,1010,19,False
2026-07-27,STORE_1,1010,13,False
2026-07-28,STORE_1,1010,16,False
2026-07-29,STORE_1,1010,10,False
2026-07-30,STORE_1,1010,15,False
2026-07-31,STORE_1,1010,26,False
2026-08-01,STORE_1,1010,23,False
2026-08-02,STORE_1,1010,32,True
2026-08-03,STORE_1,1010,9,False
2026-08-04,STORE_1,1010,17,False
2026-08-05,STORE_1,1010,10,False
2026-08-06,STORE_1,1010,14,False
2026-08-07,STORE_1,1010,23,False
2026-08-08,STORE_1,1010,16,False
2026-08-09,STORE_1,1010,15,False
2026-08-10,STORE_1,1010,9,False
2026-08-11,STORE_1,1010,15,False
2026-08-12,STORE_1,1010,11,False
2026-08-13,STORE_1,1010,15,False
2026-08-14,STORE_1,1010,21,False
2026-08-15,STORE_1,1010,23,False
2026-08-16,STORE_1,1010,19,False
2026-08-17,STORE_1,1010,15,False
2026-08-18,STORE_1,1010,9,False
2026-08-19,STORE_1,1010,13,False
2026-08-20,STORE_1,1010,16,False
2026-08-21,STORE_1,1010,38,True
2026-08-22,STORE_1,1010,0,False
2026-08-23,STORE_1,1010,15,False
2026-08-24,STORE_1,1010,15,False
2026-08-25,STORE_1,1010,15,False
2026-08-26,STORE_1,1010,12,False
2026-08-27,STORE_1,1010,19,False
2026-08-28,STORE_1,1010,27,False
2026-08-29,STORE_1,1010,22,False
2026-08-30,STORE_1,1010,14,False
2026-08-31,STORE_1,1010,10,False
2026-09-01,STORE_1,1010,10,True
2026-09-02,STORE_1,1010,0,False
2026-09-03,STORE_1,1010,0,False
2026-09-04,STORE_1,1010,18,False
2026-09-05,STORE_1,1010,18,False
2026-09-06,STORE_1,1010,9,False
2026-09-07,STORE_1,1010,14,False
2026-09-08,STORE_1,1010,14,False
2026-09-09,STORE_1,1010,11,False
2026-09-10,STORE_1,1010,14,False
2026-09-11,STORE_1,1010,24,True
2026-09-12,STORE_1,1010,21,False
2026-09-13,STORE_1,1010,21,False
2026-09-14,STORE_1,1010,15,False
2026-09-15,STORE_1,1010,13,False
2026-09-16,STORE_1,1010,15,False
2026-09-17,STORE_1,1010,20,False
2026-09-18,STORE_1,1010,24,False
2026-09-19,STORE_1,1010,20,False
2026-09-20,STORE_1,1010,25,False
2026-09-21,STORE_1,1010,12,False
2026-09-22,STORE_1,1010,13,False
2026-09-23,STORE_1,1010,15,False
2026-09-24,STORE_1,1010,14,False
2026-09-25,STORE_1,1010,26,False
2026-09-26,STORE_1,1010,20,False
2026-09-27,STORE_1,1010,17,False
2026-09-28,STORE_1,1010,17,False
2026-09-29,STORE_1,1010,12,False
2026-09-30,STORE_1,1010,10,False
2025-10-01,STORE_1,1011,9,False
2025-10-02,STORE_1,1011,10,False
2025-10-03,STORE_1,1011,13,False
2025-10-04,STORE_1,1011,16,False
2025-10-05,STORE_1,1011,10,False
2025-10-06,STORE_1,1011,10,True
2025-10-07,STORE_1,1011,6,False
2025-10-08,STORE_1,1011,7,False
2025-10-09,STORE_1,1011,9,False
2025-10-10,STORE_1,1011,12,False
2025-10-11,STORE_1,1011,13,False
2025-10-12,STORE_1,1011,1,False
2025-10-13,STORE_1,1011,9,False
2025-10-14,STORE_1,1011,11,False
2025-10-15,STORE_1,1011,11,False
2025-10-16,STORE_1,1011,12,False
2025-10-17,STORE_1,1011,9,False
2025-10-18,STORE_1,1011,20,False
2025-10-19,STORE_1,1011,16,False
2025-10-20,STORE_1,1011,12,False
2025-10-21,STORE_1,1011,9,False
2025-10-22,STORE_1,1011,11,False
2025-10-23,STORE_1,1011,8,False
2025-10-24,STORE_1,1011,16,True
2025-10-25,STORE_1,1011,16,False
2025-10-26,STORE_1,1011,11,False
2025-10-27,STORE_1,1011,8,False
2025-10-28,STORE_1,1011,8,False
2025-10-29,STORE_1,1011,9,True
2025-10-30,STORE_1,1011,10,False
2025-10-31,STORE_1,1011,8,False
2025-11-01,STORE_1,1011,17,False
2025-11-02,STORE_1,1011,13,False
2025-11-03,STORE_1,1011,11,False
2025-11-04,STORE_1,1011,3,False
2025-11-05,STORE_1,1011,10,False
2025-11-06,STORE_1,1011,10,False
2025-11-07,STORE_1,1011,13,False
2025-11-08,STORE_1,1011,19,False
2025-11-09,STORE_1,1011,11,False
2025-11-10,STORE_1,1011,11,False
2025-11-11,STORE_1,1011,5,False
2025-11-12,STORE_1,1011,9,False
2025-11-13,STORE_1,1011,14,False
2025-11-14,STORE_1,1011,20,False
2025-11-15,STORE_1,1011,10,False
2025-11-16,STORE_1,1011,11,False
2025-11-17,STORE_1,1011,7,False
2025-11-18,STORE_1,1011,10,True
2025-11-19,STORE_1,1011,11,False
2025-11-20,STORE_1,1011,12,False
2025-11-21,STORE_1,1011,11,False
2025-11-22,STORE_1,1011,13,False
2025-11-23,STORE_1,1011,18,True
2025-11-24,STORE_1,1011,11,False
2025-11-25,STORE_1,1011,10,False
2025-11-26,STORE_1,1011,15,True
2025-11-27,STORE_1,1011,14,False
2025-11-28,STORE_1,1011,22,False
2025-11-29,STORE_1,1011,26,False
2025-11-30,STORE_1,1011,16,False
2025-12-01,STORE_1,1011,19,False
2025-12-02,STORE_1,1011,18,True
2025-12-03,STORE_1,1011,16,False
2025-12-04,STORE_1,1011,14,False
2025-12-05,STORE_1,1011,20,False
2025-12-06,STORE_1,1011,23,False
2025-12-07,STORE_1,1011,15,False
2025-12-08,STORE_1,1011,9,False
2025-12-09,STORE_1,1011,16,False
2025-12-10,STORE_1,1011,14,False
2025-12-11,STORE_1,1011,13,False
2025-12-12,STORE_1,1011,11,False
2025-12-13,STORE_1,1011,8,False
2025-12-14,STORE_1,1011,17,False
2025-12-15,STORE_1,1011,0,False
2025-12-16,STORE_1,1011,6,False
2025-12-17,STORE_1,1011,18,False
2025-12-18,STORE_1,1011,16,False
2025-12-19,STORE_1,1011,17,False
2025-12-20,STORE_1,1011,17,False
2025-12-21,STORE_1,1011,21,False
2025-12-22,STORE_1,1011,15,False
2025-12-23,STORE_1,1011,15,False
2025-12-24,STORE_1,1011,15,True
2025-12-25,STORE_1,1011,13,False
2025-12-26,STORE_1,1011,21,False
2025-12-27,STORE_1,1011,12,False
2025-12-28,STORE_1,1011,9,False
2025-12-29,STORE_1,1011,8,False
2025-12-30,STORE_1,1011,13,True
2025-12-31,STORE_1,1011,5,True
2026-01-01,STORE_1,1011,15,False
2026-01-02,STORE_1,1011,24,False
2026-01-03,STORE_1,1011,13,False
2026-01-04,STORE_1,1011,16,False
2026-01-05,STORE_1,1011,10,False
2026-01-06,STORE_1,1011,0,False
2026-01-07,STORE_1,1011,12,False
2026-01-08,STORE_1,1011,11,False
2026-01-09,STORE_1,1011,15,False
2026-01-10,STORE_1,1011,14,False
2026-01-11,STORE_1,1011,15,False
2026-01-12,STORE_1,1011,7,False
2026-01-13,STORE_1,1011,9,False
2026-01-14,STORE_1,1011,20,True
2026-01-15,STORE_1,1011,22,True
2026-01-16,STORE_1,1011,12,False
2026-01-17,STORE_1,1011,14,False
2026-01-18,STORE_1,1011,14,False
2026-01-19,STORE_1,1011,8,False
2026-01-20,STORE_1,1011,10,False
2026-01-21,STORE_1,1011,10,False
2026-01-22,STORE_1,1011,5,False
2026-01-23,STORE_1,1011,7,False
2026-01-24,STORE_1,1011,10,False
2026-01-25,STORE_1,1011,8,False
2026-01-26,STORE_1,1011,9,False
2026-01-27,STORE_1,1011,5,False
2026-01-28,STORE_1,1011,4,False
2026-01-29,STORE_1,1011,9,False
2026-01-30,STORE_1,1011,17,False
2026-01-31,STORE_1,1011,14,False
2026-02-01,STORE_1,1011,13,False
2026-02-02,STORE_1,1011,12,False
2026-02-03,STORE_1,1011,6,False
2026-02-04,STORE_1,1011,14,False
2026-02-05,STORE_1,1011,7,False
2026-02-06,STORE_1,1011,11,False
2026-02-07,STORE_1,1011,20,False
2026-02-08,STORE_1,1011,11,False
2026-02-09,STORE_1,1011,14,False
2026-02-10,STORE_1,1011,12,False
2026-02-11,STORE_1,1011,8,False
2026-02-12,STORE_1,1011,14,False
2026-02-13,STORE_1,1011,7,False
2026-02-14,STORE_1,1011,14,False
2026-02-15,STORE_1,1011,13,False
2026-02-16,STORE_1,1011,8,False
2026-02-17,STORE_1,1011,7,False
2026-02-18,STORE_1,1011,9,False
2026-02-19,STORE_1,1011,14,False
2026-02-20,STORE_1,1011,19,False
2026-02-21,STORE_1,1011,28,True
2026-02-22,STORE_1,1011,11,False
2026-02-23,STORE_1,1011,6,False
2026-02-24,STORE_1,1011,10,False
2026-02-25,STORE_1,1011,11,False
2026-02-26,STORE_1,1011,10,False
2026-02-27,STORE_1,1011,20,False
2026-02-28,STORE_1,1011,9,False
2026-03-01,STORE_1,1011,17,False
2026-03-02,STORE_1,1011,11,False
2026-03-03,STORE_1,1011,7,False
2026-03-04,STORE_1,1011,11,False
2026-03-05,STORE_1,1011,7,False
2026-03-06,STORE_1,1011,18,True
2026-03-07,STORE_1,1011,16,False
2026-03-08,STORE_1,1011,8,False
2026-03-09,STORE_1,1011,11,False
2026-03-10,STORE_1,1011,9,False
2026-03-11,STORE_1,1011,11,False
2026-03-12,STORE_1,1011,9,False
2026-03-13,STORE_1,1011,10,False
2026-03-14,STORE_1,1011,9,False
2026-03-15,STORE_1,1011,11,False
2026-03-16,STORE_1,1011,12,False
2026-03-17,STORE_1,1011,12,False
2026-03-18,STORE_1,1011,4,True
2026-03-19,STORE_1,1011,13,False
2026-03-20,STORE_1,1011,10,False
2026-03-21,STORE_1,1011,6,False
2026-03-22,STORE_1,1011,10,False
2026-03-23,STORE_1,1011,12,False
2026-03-24,STORE_1,1011,15,True
2026-03-25,STORE_1,1011,5,False
2026-03-26,STORE_1,1011,16,True
2026-03-27,STORE_1,1011,9,False
2026-03-28,STORE_1,1011,0,False
2026-03-29,STORE_1,1011,11,False
2026-03-30,STORE_1,1011,14,False
2026-03-31,STORE_1,1011,8,False
2026-04-01,STORE_1,1011,10,False
2026-04-02,STORE_1,1011,11,False
2026-04-03,STORE_1,1011,13,False
2026-04-04,STORE_1,1011,10,False
2026-04-05,STORE_1,1011,12,False
2026-04-06,STORE_1,1011,4,False
2026-04-07,STORE_1,1011,10,False
2026-04-08,STORE_1,1011,12,True
2026-04-09,STORE_1,1011,14,False
2026-04-10,STORE_1,1011,5,False
2026-04-11,STORE_1,1011,10,False
2026-04-12,STORE_1,1011,3,False
2026-04-13,STORE_1,1011,0,False
2026-04-14,STORE_1,1011,9,False
2026-04-15,STORE_1,1011,5,False
2026-04-16,STORE_1,1011,14,False
2026-04-17,STORE_1,1011,13,False
2026-04-18,STORE_1,1011,15,False
2026-04-19,STORE_1,1011,15,False
2026-04-20,STORE_1,1011,10,False
2026-04-21,STORE_1,1011,3,False
2026-04-22,STORE_1,1011,13,False
2026-04-23,STORE_1,1011,9,False
2026-04-24,STORE_1,1011,18,True
2026-04-25,STORE_1,1011,15,False
2026-04-26,STORE_1,1011,10,False
2026-04-27,STORE_1,1011,10,False
2026-04-28,STORE_1,1011,10,False
2026-04-29,STORE_1,1011,7,False
2026-04-30,STORE_1,1011,8,False
2026-05-01,STORE_1,1011,17,True
2026-05-02,STORE_1,1011,20,False
2026-05-03,STORE_1,1011,14,False
2026-05-04,STORE_1,1011,6,False
2026-05-05,STORE_1,1011,6,False
2026-05-06,STORE_1,1011,10,False
2026-05-07,STORE_1,1011,7,False
2026-05-08,STORE_1,1011,13,False
2026-05-09,STORE_1,1011,18,False
2026-05-10,STORE_1,1011,13,False
2026-05-11,STORE_1,1011,6,False
2026-05-12,STORE_1,1011,6,False
2026-05-13,STORE_1,1011,10,False
2026-05-14,STORE_1,1011,15,False
2026-05-15,STORE_1,1011,12,False
2026-05-16,STORE_1,1011,18,False
2026-05-17,STORE_1,1011,13,False
2026-05-18,STORE_1,1011,7,False
2026-05-19,STORE_1,1011,11,False
2026-05-20,STORE_1,1011,10,True
2026-05-21,STORE_1,1011,3,False
2026-05-22,STORE_1,1011,13,True
2026-05-23,STORE_1,1011,10,False
2026-05-24,STORE_1,1011,10,False
2026-05-25,STORE_1,1011,7,False
2026-05-26,STORE_1,1011,8,False
2026-05-27,STORE_1,1011,8,False
2026-05-28,STORE_1,1011,9,False
2026-05-29,STORE_1,1011,7,False
2026-05-30,STORE_1,1011,10,False
2026-05-31,STORE_1,1011,0,False
2026-06-01,STORE_1,1011,5,False
2026-06-02,STORE_1,1011,5,False
2026-06-03,STORE_1,1011,12,False
2026-06-04,STORE_1,1011,10,False
2026-06-05,STORE_1,1011,14,False
2026-06-06,STORE_1,1011,15,False
2026-06-07,STORE_1,1011,13,False
2026-06-08,STORE_1,1011,6,False
2026-06-09,STORE_1,1011,8,False
2026-06-10,STORE_1,1011,11,False
2026-06-11,STORE_1,1011,9,False
2026-06-12,STORE_1,1011,10,False
2026-06-13,STORE_1,1011,2,False
2026-06-14,STORE_1,1011,9,False
2026-06-15,STORE_1,1011,4,False
2026-06-16,STORE_1,1011,8,True
2026-06-17,STORE_1,1011,8,False
2026-06-18,STORE_1,1011,0,False
2026-06-19,STORE_1,1011,16,False
2026-06-20,STORE_1,1011,11,False
2026-06-21,STORE_1,1011,14,False
2026-06-22,STORE_1,1011,9,False
2026-06-23,STORE_1,1011,9,True
2026-06-24,STORE_1,1011,10,False
2026-06-25,STORE_1,1011,5,False
2026-06-26,STORE_1,1011,16,False
2026-06-27,STORE_1,1011,13,False
2026-06-28,STORE_1,1011,12,False
2026-06-29,STORE_1,1011,9,False
2026-06-30,STORE_1,1011,6,False
2026-07-01,STORE_1,1011,10,False
2026-07-02,STORE_1,1011,10,False
2026-07-03,STORE_1,1011,11,False
2026-07-04,STORE_1,1011,12,False
2026-07-05,STORE_1,1011,15,False
2026-07-06,STORE_1,1011,13,False
2026-07-07,STORE_1,1011,7,False
2026-07-08,STORE_1,1011,15,True
2026-07-09,STORE_1,1011,10,False
2026-07-10,STORE_1,1011,11,False
2026-07-11,STORE_1,1011,15,False
2026-07-12,STORE_1,1011,15,False
2026-07-13,STORE_1,1011,11,False
2026-07-14,STORE_1,1011,8,False
2026-07-15,STORE_1,1011,13,False
2026-07-16,STORE_1,1011,8,False
2026-07-17,STORE_1,1011,11,False
2026-07-18,STORE_1,1011,18,False
2026-07-19,STORE_1,1011,6,False
2026-07-20,STORE_1,1011,9,False
2026-07-21,STORE_1,1011,8,False
2026-07-22,STORE_1,1011,13,False
2026-07-23,STORE_1,1011,7,False
2026-07-24,STORE_1,1011,10,False
2026-07-25,STORE_1,1011,21,False
2026-07-26,STORE_1,1011,11,False
2026-07-27,STORE_1,1011,12,False
2026-07-28,STORE_1,1011,8,False
2026-07-29,STORE_1,1011,7,False
2026-07-30,STORE_1,1011,13,False
2026-07-31,STORE_1,1011,20,False
2026-08-01,STORE_1,1011,19,False
2026-08-02,STORE_1,1011,15,True
2026-08-03,STORE_1,1011,10,False
2026-08-04,STORE_1,1011,8,False
2026-08-05,STORE_1,1011,6,False
2026-08-06,STORE_1,1011,7,False
2026-08-07,STORE_1,1011,14,False
2026-08-08,STORE_1,1011,22,False
2026-08-09,STORE_1,1011,13,False
2026-08-10,STORE_1,1011,11,False
2026-08-11,STORE_1,1011,8,False
2026-08-12,STORE_1,1011,7,False
2026-08-13,STORE_1,1011,5,False
2026-08-14,STORE_1,1011,13,False
2026-08-15,STORE_1,1011,0,False
2026-08-16,STORE_1,1011,11,False
2026-08-17,STORE_1,1011,17,False
2026-08-18,STORE_1,1011,7,False
2026-08-19,STORE_1,1011,11,False
2026-08-20,STORE_1,1011,7,False
2026-08-21,STORE_1,1011,9,True
2026-08-22,STORE_1,1011,17,False
2026-08-23,STORE_1,1011,16,False
2026-08-24,STORE_1,1011,15,False
2026-08-25,STORE_1,1011,11,True
2026-08-26,STORE_1,1011,9,False
2026-08-27,STORE_1,1011,10,False
2026-08-28,STORE_1,1011,14,False
2026-08-29,STORE_1,1011,18,False
2026-08-30,STORE_1,1011,9,False
2026-08-31,STORE_1,1011,9,False
2026-09-01,STORE_1,1011,5,False
2026-09-02,STORE_1,1011,5,False
2026-09-03,STORE_1,1011,11,False
2026-09-04,STORE_1,1011,9,False
2026-09-05,STORE_1,1011,14,False
2026-09-06,STORE_1,1011,12,False
2026-09-07,STORE_1,1011,5,False
2026-09-08,STORE_1,1011,9,False
2026-09-09,STORE_1,1011,12,False
2026-09-10,STORE_1,1011,12,False
2026-09-11,STORE_1,1011,21,True
2026-09-12,STORE_1,1011,12,False
2026-09-13,STORE_1,1011,11,False
2026-09-14,STORE_1,1011,8,False
2026-09-15,STORE_1,1011,9,False
2026-09-16,STORE_1,1011,7,False
2026-09-17,STORE_1,1011,12,False
2026-09-18,STORE_1,1011,11,False
2026-09-19,STORE_1,1011,17,False
2026-09-20,STORE_1,1011,14,False
2026-09-21,STORE_1,1011,6,False
2026-09-22,STORE_1,1011,13,False
2026-09-23,STORE_1,1011,11,False
2026-09-24,STORE_1,1011,5,False
2026-09-25,STORE_1,1011,11,False
2026-09-26,STORE_1,1011,15,False
2026-09-27,STORE_1,1011,14,False
2026-09-28,STORE_1,1011,9,False
2026-09-29,STORE_1,1011,8,False
2026-09-30,STORE_1,1011,0,False
2025-10-01,STORE_1,1012,26,False
2025-10-02,STORE_1,1012,22,False
2025-10-03,STORE_1,1012,37,False
2025-10-04,STORE_1,1012,40,True
2025-10-05,STORE_1,1012,29,False
2025-10-06,STORE_1,1012,24,False
2025-10-07,STORE_1,1012,21,False
2025-10-08,STORE_1,1012,25,False
2025-10-09,STORE_1,1012,20,False
2025-10-10,STORE_1,1012,30,False
2025-10-11,STORE_1,1012,57,False
2025-10-12,STORE_1,1012,34,False
2025-10-13,STORE_1,1012,22,False
2025-10-14,STORE_1,1012,15,False
2025-10-15,STORE_1,1012,21,False
2025-10-16,STORE_1,1012,29,False
2025-10-17,STORE_1,1012,35,False
2025-10-18,STORE_1,1012,18,False
2025-10-19,STORE_1,1012,17,False
2025-10-20,STORE_1,1012,13,False
2025-10-21,STORE_1,1012,26,True
2025-10-22,STORE_1,1012,33,False
2025-10-23,STORE_1,1012,23,False
2025-10-24,STORE_1,1012,0,False
2025-10-25,STORE_1,1012,43,False
2025-10-26,STORE_1,1012,31,False
2025-10-27,STORE_1,1012,20,False
2025-10-28,STORE_1,1012,21,True
2025-10-29,STORE_1,1012,17,False
2025-10-30,STORE_1,1012,17,False
2025-10-31,STORE_1,1012,23,False
2025-11-01,STORE_1,1012,30,False
2025-11-02,STORE_1,1012,19,False
2025-11-03,STORE_1,1012,25,False
2025-11-04,STORE_1,1012,16,False
2025-11-05,STORE_1,1012,27,False
2025-11-06,STORE_1,1012,23,False
2025-11-07,STORE_1,1012,21,False
2025-11-08,STORE_1,1012,45,False
2025-11-09,STORE_1,1012,29,False
2025-11-10,STORE_1,1012,18,False
2025-11-11,STORE_1,1012,16,False
2025-11-12,STORE_1,1012,20,False
2025-11-13,STORE_1,1012,32,False
2025-11-14,STORE_1,1012,35,False
2025-11-15,STORE_1,1012,39,False
2025-11-16,STORE_1,1012,0,False
2025-11-17,STORE_1,1012,24,False
2025-11-18,STORE_1,1012,0,True
2025-11-19,STORE_1,1012,14,False
2025-11-20,STORE_1,1012,30,False
2025-11-21,STORE_1,1012,32,False
2025-11-22,STORE_1,1012,51,False
2025-11-23,STORE_1,1012,38,False
2025-11-24,STORE_1,1012,23,False
2025-11-25,STORE_1,1012,18,False
2025-11-26,STORE_1,1012,47,False
2025-11-27,STORE_1,1012,29,False
2025-11-28,STORE_1,1012,53,True
2025-11-29,STORE_1,1012,50,False
2025-11-30,STORE_1,1012,27,False
2025-12-01,STORE_1,1012,20,False
2025-12-02,STORE_1,1012,26,False
2025-12-03,STORE_1,1012,29,False
2025-12-04,STORE_1,1012,37,False
2025-12-05,STORE_1,1012,0,False
2025-12-06,STORE_1,1012,56,False
2025-12-07,STORE_1,1012,18,False
2025-12-08,STORE_1,1012,19,False
2025-12-09,STORE_1,1012,26,False
2025-12-10,STORE_1,1012,26,False
2025-12-11,STORE_1,1012,31,False
2025-12-12,STORE_1,1012,42,False
2025-12-13,STORE_1,1012,50,True
2025-12-14,STORE_1,1012,10,False
2025-12-15,STORE_1,1012,29,False
2025-12-16,STORE_1,1012,24,False
2025-12-17,STORE_1,1012,25,False
2025-12-18,STORE_1,1012,36,False
2025-12-19,STORE_1,1012,49,False
2025-12-20,STORE_1,1012,38,False
2025-12-21,STORE_1,1012,24,False
2025-12-22,STORE_1,1012,0,False
2025-12-23,STORE_1,1012,20,False
2025-12-24,STORE_1,1012,27,False
2025-12-25,STORE_1,1012,44,False
2025-12-26,STORE_1,1012,46,False
2025-12-27,STORE_1,1012,51,True
2025-12-28,STORE_1,1012,36,False
2025-12-29,STORE_1,1012,24,False
2025-12-30,STORE_1,1012,33,False
2025-12-31,STORE_1,1012,22,False
2026-01-01,STORE_1,1012,36,False
2026-01-02,STORE_1,1012,66,False
2026-01-03,STORE_1,1012,30,False
2026-01-04,STORE_1,1012,23,False
2026-01-05,STORE_1,1012,10,True
2026-01-06,STORE_1,1012,19,False
2026-01-07,STORE_1,1012,22,False
2026-01-08,STORE_1,1012,22,False
2026-01-09,STORE_1,1012,21,False
2026-01-10,STORE_1,1012,32,False
2026-01-11,STORE_1,1012,14,False
2026-01-12,STORE_1,1012,0,False
2026-01-13,STORE_1,1012,25,False
2026-01-14,STORE_1,1012,25,False
2026-01-15,STORE_1,1012,22,False
2026-01-16,STORE_1,1012,22,False
2026-01-17,STORE_1,1012,40,False
2026-01-18,STORE_1,1012,32,False
2026-01-19,STORE_1,1012,27,False
2026-01-20,STORE_1,1012,21,False
2026-01-21,STORE_1,1012,18,False
2026-01-22,STORE_1,1012,27,False
2026-01-23,STORE_1,1012,0,False
2026-01-24,STORE_1,1012,63,True
2026-01-25,STORE_1,1012,24,False
2026-01-26,STORE_1,1012,21,False
2026-01-27,STORE_1,1012,25,False
2026-01-28,STORE_1,1012,30,False
2026-01-29,STORE_1,1012,30,False
2026-01-30,STORE_1,1012,39,False
2026-01-31,STORE_1,1012,46,True
2026-02-01,STORE_1,1012,32,False
2026-02-02,STORE_1,1012,30,False
2026-02-03,STORE_1,1012,30,False
2026-02-04,STORE_1,1012,23,False
2026-02-05,STORE_1,1012,26,False
2026-02-06,STORE_1,1012,32,False
2026-02-07,STORE_1,1012,38,False
2026-02-08,STORE_1,1012,34,False
2026-02-09,STORE_1,1012,23,False
2026-02-10,STORE_1,1012,30,False
2026-02-11,STORE_1,1012,31,False
2026-02-12,STORE_1,1012,24,False
2026-02-13,STORE_1,1012,30,False
2026-02-14,STORE_1,1012,29,False
2026-02-15,STORE_1,1012,31,False
2026-02-16,STORE_1,1012,0,False
2026-02-17,STORE_1,1012,17,False
2026-02-18,STORE_1,1012,26,False
2026-02-19,STORE_1,1012,15,False
2026-02-20,STORE_1,1012,37,False
2026-02-21,STORE_1,1012,38,False
2026-02-22,STORE_1,1012,39,False
2026-02-23,STORE_1,1012,23,False
2026-02-24,STORE_1,1012,24,False
2026-02-25,STORE_1,1012,9,False
2026-02-26,STORE_1,1012,29,False
2026-02-27,STORE_1,1012,40,False
2026-02-28,STORE_1,1012,35,False
2026-03-01,STORE_1,1012,24,False
2026-03-02,STORE_1,1012,23,False
2026-03-03,STORE_1,1012,25,False
2026-03-04,STORE_1,1012,28,False
2026-03-05,STORE_1,1012,14,False
2026-03-06,STORE_1,1012,52,False
2026-03-07,STORE_1,1012,29,False
2026-03-08,STORE_1,1012,33,False
2026-03-09,STORE_1,1012,30,True
2026-03-10,STORE_1,1012,20,False
2026-03-11,STORE_1,1012,17,False
2026-03-12,STORE_1,1012,26,False
2026-03-13,STORE_1,1012,28,False
2026-03-14,STORE_1,1012,39,False
2026-03-15,STORE_1,1012,62,True
2026-03-16,STORE_1,1012,24,False
2026-03-17,STORE_1,1012,25,False
2026-03-18,STORE_1,1012,31,False
2026-03-19,STORE_1,1012,33,False
2026-03-20,STORE_1,1012,30,False
2026-03-21,STORE_1,1012,36,False
2026-03-22,STORE_1,1012,26,False
2026-03-23,STORE_1,1012,20,False
2026-03-24,STORE_1,1012,25,False
2026-03-25,STORE_1,1012,20,False
2026-03-26,STORE_1,1012,29,False
2026-03-27,STORE_1,1012,29,False
2026-03-28,STORE_1,1012,0,True
2026-03-29,STORE_1,1012,22,False
2026-03-30,STORE_1,1012,26,False
2026-03-31,STORE_1,1012,11,False
2026-04-01,STORE_1,1012,28,False
2026-04-02,STORE_1,1012,38,False
2026-04-03,STORE_1,1012,31,False
2026-04-04,STORE_1,1012,34,False
2026-04-05,STORE_1,1012,57,True
2026-04-06,STORE_1,1012,19,False
2026-04-07,STORE_1,1012,30,False
2026-04-08,STORE_1,1012,15,False
2026-04-09,STORE_1,1012,12,False
2026-04-10,STORE_1,1012,18,False
2026-04-11,STORE_1,1012,34,False
2026-04-12,STORE_1,1012,26,False
2026-04-13,STORE_1,1012,25,False
2026-04-14,STORE_1,1012,14,False
2026-04-15,STORE_1,1012,17,False
2026-04-16,STORE_1,1012,36,False
2026-04-17,STORE_1,1012,9,True
2026-04-18,STORE_1,1012,43,False
2026-04-19,STORE_1,1012,19,False
2026-04-20,STORE_1,1012,8,False
2026-04-21,STORE_1,1012,10,False
2026-04-22,STORE_1,1012,28,False
2026-04-23,STORE_1,1012,27,False
2026-04-24,STORE_1,1012,32,False
2026-04-25,STORE_1,1012,39,False
2026-04-26,STORE_1,1012,15,False
2026-04-27,STORE_1,1012,20,False
2026-04-28,STORE_1,1012,17,False
2026-04-29,STORE_1,1012,22,False
2026-04-30,STORE_1,1012,25,False
2026-05-01,STORE_1,1012,34,False
2026-05-02,STORE_1,1012,40,False
2026-05-03,STORE_1,1012,15,False
2026-05-04,STORE_1,1012,31,True
2026-05-05,STORE_1,1012,23,False
2026-05-06,STORE_1,1012,20,True
2026-05-07,STORE_1,1012,12,False
2026-05-08,STORE_1,1012,19,False
2026-05-09,STORE_1,1012,49,True
2026-05-10,STORE_1,1012,17,False
2026-05-11,STORE_1,1012,22,False
2026-05-12,STORE_1,1012,23,False
2026-05-13,STORE_1,1012,21,False
2026-05-14,STORE_1,1012,0,False
2026-05-15,STORE_1,1012,27,False
2026-05-16,STORE_1,1012,26,False
2026-05-17,STORE_1,1012,0,False
2026-05-18,STORE_1,1012,38,False
2026-05-19,STORE_1,1012,19,True
2026-05-20,STORE_1,1012,38,True
2026-05-21,STORE_1,1012,32,True
2026-05-22,STORE_1,1012,34,True
2026-05-23,STORE_1,1012,39,False
2026-05-24,STORE_1,1012,26,False
2026-05-25,STORE_1,1012,24,False
2026-05-26,STORE_1,1012,34,True
2026-05-27,STORE_1,1012,16,False
2026-05-28,STORE_1,1012,26,False
2026-05-29,STORE_1,1012,26,False
2026-05-30,STORE_1,1012,44,True
2026-05-31,STORE_1,1012,30,True
2026-06-01,STORE_1,1012,22,False
2026-06-02,STORE_1,1012,21,False
2026-06-03,STORE_1,1012,25,False
2026-06-04,STORE_1,1012,12,False
2026-06-05,STORE_1,1012,33,False
2026-06-06,STORE_1,1012,27,False
2026-06-07,STORE_1,1012,32,False
2026-06-08,STORE_1,1012,26,False
2026-06-09,STORE_1,1012,15,False
2026-06-10,STORE_1,1012,17,False
2026-06-11,STORE_1,1012,37,False
2026-06-12,STORE_1,1012,0,False
2026-06-13,STORE_1,1012,32,False
2026-06-14,STORE_1,1012,17,False
2026-06-15,STORE_1,1012,29,False
2026-06-16,STORE_1,1012,16,False
2026-06-17,STORE_1,1012,23,False
2026-06-18,STORE_1,1012,24,False
2026-06-19,STORE_1,1012,45,False
2026-06-20,STORE_1,1012,33,False
2026-06-21,STORE_1,1012,24,False
2026-06-22,STORE_1,1012,23,False
2026-06-23,STORE_1,1012,22,False
2026-06-24,STORE_1,1012,37,False
2026-06-25,STORE_1,1012,24,False
2026-06-26,STORE_1,1012,21,False
2026-06-27,STORE_1,1012,30,False
2026-06-28,STORE_1,1012,29,False
2026-06-29,STORE_1,1012,24,False
2026-06-30,STORE_1,1012,12,False
2026-07-01,STORE_1,1012,19,False
2026-07-02,STORE_1,1012,35,False
2026-07-03,STORE_1,1012,23,False
2026-07-04,STORE_1,1012,41,False
2026-07-05,STORE_1,1012,25,False
2026-07-06,STORE_1,1012,22,False
2026-07-07,STORE_1,1012,12,False
2026-07-08,STORE_1,1012,20,False
2026-07-09,STORE_1,1012,25,False
2026-07-10,STORE_1,1012,30,False
2026-07-11,STORE_1,1012,32,False
2026-07-12,STORE_1,1012,32,False
2026-07-13,STORE_1,1012,14,False
2026-07-14,STORE_1,1012,22,False
2026-07-15,STORE_1,1012,10,False
2026-07-16,STORE_1,1012,31,False
2026-07-17,STORE_1,1012,46,True
2026-07-18,STORE_1,1012,42,False
2026-07-19,STORE_1,1012,41,True
2026-07-20,STORE_1,1012,17,False
2026-07-21,STORE_1,1012,20,False
2026-07-22,STORE_1,1012,25,False
2026-07-23,STORE_1,1012,23,False
2026-07-24,STORE_1,1012,34,False
2026-07-25,STORE_1,1012,31,False
2026-07-26,STORE_1,1012,36,False
2026-07-27,STORE_1,1012,21,False
2026-07-28,STORE_1,1012,20,False
2026-07-29,STORE_1,1012,21,False
2026-07-30,STORE_1,1012,24,False
2026-07-31,STORE_1,1012,20,False
2026-08-01,STORE_1,1012,25,False
2026-08-02,STORE_1,1012,0,False
2026-08-03,STORE_1,1012,27,False
2026-08-04,STORE_1,1012,22,False
2026-08-05,STORE_1,1012,29,False
2026-08-06,STORE_1,1012,13,False
2026-08-07,STORE_1,1012,35,False
2026-08-08,STORE_1,1012,48,False
2026-08-09,STORE_1,1012,28,False
2026-08-10,STORE_1,1012,20,False
2026-08-11,STORE_1,1012,25,False
2026-08-12,STORE_1,1012,20,False
2026-08-13,STORE_1,1012,24,False
2026-08-14,STORE_1,1012,18,False
2026-08-15,STORE_1,1012,40,False
2026-08-16,STORE_1,1012,26,False
2026-08-17,STORE_1,1012,26,False
2026-08-18,STORE_1,1012,17,False
2026-08-19,STORE_1,1012,26,False
2026-08-20,STORE_1,1012,23,False
2026-08-21,STORE_1,1012,33,False
2026-08-22,STORE_1,1012,29,False
2026-08-23,STORE_1,1012,24,False
2026-08-24,STORE_1,1012,13,False
2026-08-25,STORE_1,1012,23,False
2026-08-26,STORE_1,1012,25,False
2026-08-27,STORE_1,1012,37,False
2026-08-28,STORE_1,1012,18,False
2026-08-29,STORE_1,1012,28,False
2026-08-30,STORE_1,1012,28,False
2026-08-31,STORE_1,1012,30,False
2026-09-01,STORE_1,1012,31,False
2026-09-02,STORE_1,1012,13,False
2026-09-03,STORE_1,1012,13,False
2026-09-04,STORE_1,1012,34,False
2026-09-05,STORE_1,1012,32,False
2026-09-06,STORE_1,1012,28,False
2026-09-07,STORE_1,1012,22,False
2026-09-08,STORE_1,1012,14,False
2026-09-09,STORE_1,1012,24,False
2026-09-10,STORE_1,1012,27,False
2026-09-11,STORE_1,1012,13,False
2026-09-12,STORE_1,1012,22,False
2026-09-13,STORE_1,1012,32,False
2026-09-14,STORE_1,1012,16,False
2026-09-15,STORE_1,1012,33,False
2026-09-16,STORE_1,1012,22,False
2026-09-17,STORE_1,1012,0,False
2026-09-18,STORE_1,1012,21,False
2026-09-19,STORE_1,1012,70,True
2026-09-20,STORE_1,1012,29,False
2026-09-21,STORE_1,1012,20,False
2026-09-22,STORE_1,1012,25,True
2026-09-23,STORE_1,1012,29,False
2026-09-24,STORE_1,1012,0,False
2026-09-25,STORE_1,1012,23,False
2026-09-26,STORE_1,1012,33,False
2026-09-27,STORE_1,1012,24,False
2026-09-28,STORE_1,1012,22,False
2026-09-29,STORE_1,1012,18,False
2026-09-30,STORE_1,1012,18,False
2025-10-01,STORE_1,1013,15,False
2025-10-02,STORE_1,1013,19,False
2025-10-03,STORE_1,1013,17,False
2025-10-04,STORE_1,1013,14,False
2025-10-05,STORE_1,1013,18,False
2025-10-06,STORE_1,1013,12,False
2025-10-07,STORE_1,1013,0,True
2025-10-08,STORE_1,1013,15,False
2025-10-09,STORE_1,1013,0,False
2025-10-10,STORE_1,1013,18,False
2025-10-11,STORE_1,1013,42,True
2025-10-12,STORE_1,1013,18,False
2025-10-13,STORE_1,1013,21,True
2025-10-14,STORE_1,1013,12,False
2025-10-15,STORE_1,1013,16,False
2025-10-16,STORE_1,1013,23,True
2025-10-17,STORE_1,1013,14,False
2025-10-18,STORE_1,1013,11,False
2025-10-19,STORE_1,1013,12,False
2025-10-20,STORE_1,1013,12,False
2025-10-21,STORE_1,1013,11,False
2025-10-22,STORE_1,1013,12,False
2025-10-23,STORE_1,1013,11,False
2025-10-24,STORE_1,1013,8,False
2025-10-25,STORE_1,1013,0,False
2025-10-26,STORE_1,1013,18,False
2025-10-27,STORE_1,1013,11,False
2025-10-28,STORE_1,1013,15,False
2025-10-29,STORE_1,1013,9,False
2025-10-30,STORE_1,1013,17,False
2025-10-31,STORE_1,1013,17,False
2025-11-01,STORE_1,1013,18,False
2025-11-02,STORE_1,1013,14,False
2025-11-03,STORE_1,1013,6,False
2025-11-04,STORE_1,1013,13,False
2025-11-05,STORE_1,1013,10,False
2025-11-06,STORE_1,1013,11,False
2025-11-07,STORE_1,1013,22,False
2025-11-08,STORE_1,1013,7,False
2025-11-09,STORE_1,1013,13,False
2025-11-10,STORE_1,1013,18,False
2025-11-11,STORE_1,1013,11,False
2025-11-12,STORE_1,1013,7,False
2025-11-13,STORE_1,1013,15,False
2025-11-14,STORE_1,1013,15,False
2025-11-15,STORE_1,1013,10,False
2025-11-16,STORE_1,1013,17,False
2025-11-17,STORE_1,1013,12,False
2025-11-18,STORE_1,1013,11,False
2025-11-19,STORE_1,1013,14,False
2025-11-20,STORE_1,1013,12,False
2025-11-21,STORE_1,1013,24,False
2025-11-22,STORE_1,1013,26,False
2025-11-23,STORE_1,1013,26,False
2025-11-24,STORE_1,1013,13,False
2025-11-25,STORE_1,1013,20,False
2025-11-26,STORE_1,1013,19,False
2025-11-27,STORE_1,1013,17,False
2025-11-28,STORE_1,1013,22,False
2025-11-29,STORE_1,1013,10,False
2025-11-30,STORE_1,1013,20,False
2025-12-01,STORE_1,1013,19,False
2025-12-02,STORE_1,1013,14,False
2025-12-03,STORE_1,1013,20,False
2025-12-04,STORE_1,1013,20,False
2025-12-05,STORE_1,1013,34,False
2025-12-06,STORE_1,1013,21,False
2025-12-07,STORE_1,1013,24,False
2025-12-08,STORE_1,1013,10,False
2025-12-09,STORE_1,1013,14,False
2025-12-10,STORE_1,1013,18,False
2025-12-11,STORE_1,1013,21,False
2025-12-12,STORE_1,1013,20,False
2025-12-13,STORE_1,1013,33,False
2025-12-14,STORE_1,1013,28,False
2025-12-15,STORE_1,1013,13,False
2025-12-16,STORE_1,1013,14,False
2025-12-17,STORE_1,1013,15,False
2025-12-18,STORE_1,1013,15,False
2025-12-19,STORE_1,1013,30,False
2025-12-20,STORE_1,1013,34,False
2025-12-21,STORE_1,1013,19,False
2025-12-22,STORE_1,1013,19,False
2025-12-23,STORE_1,1013,19,False
2025-12-24,STORE_1,1013,17,False
2025-12-25,STORE_1,1013,16,False
2025-12-26,STORE_1,1013,18,False
2025-12-27,STORE_1,1013,30,False
2025-12-28,STORE_1,1013,14,False
2025-12-29,STORE_1,1013,15,False
2025-12-30,STORE_1,1013,13,False
2025-12-31,STORE_1,1013,23,True
2026-01-01,STORE_1,1013,15,False
2026-01-02,STORE_1,1013,29,False
2026-01-03,STORE_1,1013,15,False
2026-01-04,STORE_1,1013,24,True
2026-01-05,STORE_1,1013,12,False
2026-01-06,STORE_1,1013,14,False
2026-01-07,STORE_1,1013,16,False
2026-01-08,STORE_1,1013,18,False
2026-01-09,STORE_1,1013,14,False
2026-01-10,STORE_1,1013,24,False
2026-01-11,STORE_1,1013,15,False
2026-01-12,STORE_1,1013,13,False
2026-01-13,STORE_1,1013,10,False
2026-01-14,STORE_1,1013,11,True
2026-01-15,STORE_1,1013,12,False
2026-01-16,STORE_1,1013,11,False
2026-01-17,STORE_1,1013,16,False
2026-01-18,STORE_1,1013,14,False
2026-01-19,STORE_1,1013,14,True
2026-01-20,STORE_1,1013,6,False
2026-01-21,STORE_1,1013,10,False
2026-01-22,STORE_1,1013,6,False
2026-01-23,STORE_1,1013,22,False
2026-01-24,STORE_1,1013,10,False
2026-01-25,STORE_1,1013,12,False
2026-01-26,STORE_1,1013,8,False
2026-01-27,STORE_1,1013,12,False
2026-01-28,STORE_1,1013,17,False
2026-01-29,STORE_1,1013,15,False
2026-01-30,STORE_1,1013,11,False
2026-01-31,STORE_1,1013,30,False
2026-02-01,STORE_1,1013,17,False
2026-02-02,STORE_1,1013,15,False
2026-02-03,STORE_1,1013,7,False
2026-02-04,STORE_1,1013,19,False
2026-02-05,STORE_1,1013,12,False
2026-02-06,STORE_1,1013,10,False
2026-02-07,STORE_1,1013,33,True
2026-02-08,STORE_1,1013,15,False
2026-02-09,STORE_1,1013,10,False
2026-02-10,STORE_1,1013,10,False
2026-02-11,STORE_1,1013,14,False
2026-02-12,STORE_1,1013,17,False
2026-02-13,STORE_1,1013,13,False
2026-02-14,STORE_1,1013,23,True
2026-02-15,STORE_1,1013,22,True
2026-02-16,STORE_1,1013,13,False
2026-02-17,STORE_1,1013,12,False
2026-02-18,STORE_1,1013,16,False
2026-02-19,STORE_1,1013,8,False
2026-02-20,STORE_1,1013,16,False
2026-02-21,STORE_1,1013,29,False
2026-02-22,STORE_1,1013,13,False
2026-02-23,STORE_1,1013,16,False
2026-02-24,STORE_1,1013,9,False
2026-02-25,STORE_1,1013,13,False
2026-02-26,STORE_1,1013,18,False
2026-02-27,STORE_1,1013,17,False
2026-02-28,STORE_1,1013,16,False
2026-03-01,STORE_1,1013,13,False
2026-03-02,STORE_1,1013,10,False
2026-03-03,STORE_1,1013,19,True
2026-03-04,STORE_1,1013,7,False
2026-03-05,STORE_1,1013,11,False
2026-03-06,STORE_1,1013,16,False
2026-03-07,STORE_1,1013,23,False
2026-03-08,STORE_1,1013,16,False
2026-03-09,STORE_1,1013,13,False
2026-03-10,STORE_1,1013,11,False
2026-03-11,STORE_1,1013,15,False
2026-03-12,STORE_1,1013,26,True
2026-03-13,STORE_1,1013,15,False
2026-03-14,STORE_1,1013,22,False
2026-03-15,STORE_1,1013,26,True
2026-03-16,STORE_1,1013,12,False
2026-03-17,STORE_1,1013,13,False
2026-03-18,STORE_1,1013,16,False
2026-03-19,STORE_1,1013,12,False
2026-03-20,STORE_1,1013,11,False
2026-03-21,STORE_1,1013,17,False
2026-03-22,STORE_1,1013,17,False
2026-03-23,STORE_1,1013,12,False
2026-03-24,STORE_1,1013,9,False
2026-03-25,STORE_1,1013,13,False
2026-03-26,STORE_1,1013,19,False
2026-03-27,STORE_1,1013,19,False
2026-03-28,STORE_1,1013,14,False
2026-03-29,STORE_1,1013,0,True
2026-03-30,STORE_1,1013,11,False
2026-03-31,STORE_1,1013,18,False
2026-04-01,STORE_1,1013,14,False
2026-04-02,STORE_1,1013,12,False
2026-04-03,STORE_1,1013,20,False
2026-04-04,STORE_1,1013,20,False
2026-04-05,STORE_1,1013,21,False
2026-04-06,STORE_1,1013,11,False
2026-04-07,STORE_1,1013,13,False
2026-04-08,STORE_1,1013,7,False
2026-04-09,STORE_1,1013,14,False
2026-04-10,STORE_1,1013,12,False
2026-04-11,STORE_1,1013,20,False
2026-04-12,STORE_1,1013,17,True
2026-04-13,STORE_1,1013,15,False
2026-04-14,STORE_1,1013,7,False
2026-04-15,STORE_1,1013,9,False
2026-04-16,STORE_1,1013,12,False
2026-04-17,STORE_1,1013,8,False
2026-04-18,STORE_1,1013,27,False
2026-04-19,STORE_1,1013,15,False
2026-04-20,STORE_1,1013,16,True
2026-04-21,STORE_1,1013,11,False
2026-04-22,STORE_1,1013,12,False
2026-04-23,STORE_1,1013,17,False
2026-04-24,STORE_1,1013,13,False
2026-04-25,STORE_1,1013,15,False
2026-04-26,STORE_1,1013,10,False
2026-04-27,STORE_1,1013,13,False
2026-04-28,STORE_1,1013,11,False
2026-04-29,STORE_1,1013,15,False
2026-04-30,STORE_1,1013,14,False
2026-05-01,STORE_1,1013,15,False
2026-05-02,STORE_1,1013,16,False
2026-05-03,STORE_1,1013,6,False
2026-05-04,STORE_1,1013,12,False
2026-05-05,STORE_1,1013,8,False
2026-05-06,STORE_1,1013,16,False
2026-05-07,STORE_1,1013,12,False
2026-05-08,STORE_1,1013,11,False
2026-05-09,STORE_1,1013,26,False
2026-05-10,STORE_1,1013,15,False
2026-05-11,STORE_1,1013,14,False
2026-05-12,STORE_1,1013,10,False
2026-05-13,STORE_1,1013,17,False
2026-05-14,STORE_1,1013,11,False
2026-05-15,STORE_1,1013,16,False
2026-05-16,STORE_1,1013,11,False
2026-05-17,STORE_1,1013,21,False
2026-05-18,STORE_1,1013,10,False
2026-05-19,STORE_1,1013,13,False
2026-05-20,STORE_1,1013,14,False
2026-05-21,STORE_1,1013,18,False
2026-05-22,STORE_1,1013,18,False
2026-05-23,STORE_1,1013,19,False
2026-05-24,STORE_1,1013,20,False
2026-05-25,STORE_1,1013,14,False
2026-05-26,STORE_1,1013,11,False
2026-05-27,STORE_1,1013,14,True
2026-05-28,STORE_1,1013,16,False
2026-05-29,STORE_1,1013,13,False
2026-05-30,STORE_1,1013,21,False
2026-05-31,STORE_1,1013,15,False
2026-06-01,STORE_1,1013,15,False
2026-06-02,STORE_1,1013,19,True
2026-06-03,STORE_1,1013,9,False
2026-06-04,STORE_1,1013,14,False
2026-06-05,STORE_1,1013,20,False
2026-06-06,STORE_1,1013,18,False
2026-06-07,STORE_1,1013,16,False
2026-06-08,STORE_1,1013,9,False
2026-06-09,STORE_1,1013,14,False
2026-06-10,STORE_1,1013,13,False
2026-06-11,STORE_1,1013,11,False
2026-06-12,STORE_1,1013,19,False
2026-06-13,STORE_1,1013,21,False
2026-06-14,STORE_1,1013,16,False
2026-06-15,STORE_1,1013,5,False
2026-06-16,STORE_1,1013,11,False
2026-06-17,STORE_1,1013,0,False
2026-06-18,STORE_1,1013,19,False
2026-06-19,STORE_1,1013,26,False
2026-06-20,STORE_1,1013,21,False
2026-06-21,STORE_1,1013,11,False
2026-06-22,STORE_1,1013,14,True
2026-06-23,STORE_1,1013,12,True
2026-06-24,STORE_1,1013,16,False
2026-06-25,STORE_1,1013,12,False
2026-06-26,STORE_1,1013,21,False
2026-06-27,STORE_1,1013,10,False
2026-06-28,STORE_1,1013,18,False
2026-06-29,STORE_1,1013,12,False
2026-06-30,STORE_1,1013,14,True
2026-07-01,STORE_1,1013,12,False
2026-07-02,STORE_1,1013,12,False
2026-07-03,STORE_1,1013,11,False
2026-07-04,STORE_1,1013,13,False
2026-07-05,STORE_1,1013,21,False
2026-07-06,STORE_1,1013,15,False
2026-07-07,STORE_1,1013,12,False
2026-07-08,STORE_1,1013,14,False
2026-07-09,STORE_1,1013,16,False
2026-07-10,STORE_1,1013,15,False
2026-07-11,STORE_1,1013,14,False
2026-07-12,STORE_1,1013,21,False
2026-07-13,STORE_1,1013,5,False
2026-07-14,STORE_1,1013,13,False
2026-07-15,STORE_1,1013,13,False
2026-07-16,STORE_1,1013,17,False
2026-07-17,STORE_1,1013,20,False
2026-07-18,STORE_1,1013,22,False
2026-07-19,STORE_1,1013,12,False
2026-07-20,STORE_1,1013,15,False
2026-07-21,STORE_1,1013,13,False
2026-07-22,STORE_1,1013,10,False
2026-07-23,STORE_1,1013,17,True
2026-07-24,STORE_1,1013,12,False
2026-07-25,STORE_1,1013,4,False
2026-07-26,STORE_1,1013,25,False
2026-07-27,STORE_1,1013,18,True
2026-07-28,STORE_1,1013,8,False
2026-07-29,STORE_1,1013,12,False
2026-07-30,STORE_1,1013,15,False
2026-07-31,STORE_1,1013,16,False
2026-08-01,STORE_1,1013,14,False
2026-08-02,STORE_1,1013,10,False
2026-08-03,STORE_1,1013,11,False
2026-08-04,STORE_1,1013,11,False
2026-08-05,STORE_1,1013,18,False
2026-08-06,STORE_1,1013,16,False
2026-08-07,STORE_1,1013,13,False
2026-08-08,STORE_1,1013,22,False
2026-08-09,STORE_1,1013,17,False
2026-08-10,STORE_1,1013,14,False
2026-08-11,STORE_1,1013,13,False
2026-08-12,STORE_1,1013,15,False
2026-08-13,STORE_1,1013,0,False
2026-08-14,STORE_1,1013,20,False
2026-08-15,STORE_1,1013,19,False
2026-08-16,STORE_1,1013,20,False
2026-08-17,STORE_1,1013,8,False
2026-08-18,STORE_1,1013,11,False
2026-08-19,STORE_1,1013,14,False
2026-08-20,STORE_1,1013,8,False
2026-08-21,STORE_1,1013,6,False
2026-08-22,STORE_1,1013,29,False
2026-08-23,STORE_1,1013,16,False
2026-08-24,STORE_1,1013,7,False
2026-08-25,STORE_1,1013,12,False
2026-08-26,STORE_1,1013,8,False
2026-08-27,STORE_1,1013,10,False
2026-08-28,STORE_1,1013,22,False
2026-08-29,STORE_1,1013,22,True
2026-08-30,STORE_1,1013,14,False
2026-08-31,STORE_1,1013,12,False
2026-09-01,STORE_1,1013,9,False
2026-09-02,STORE_1,1013,16,True
2026-09-03,STORE_1,1013,22,False
2026-09-04,STORE_1,1013,13,False
2026-09-05,STORE_1,1013,14,False
2026-09-06,STORE_1,1013,14,False
2026-09-07,STORE_1,1013,17,True
2026-09-08,STORE_1,1013,13,False
2026-09-09,STORE_1,1013,12,True
2026-09-10,STORE_1,1013,12,False
2026-09-11,STORE_1,1013,13,False
2026-09-12,STORE_1,1013,17,False
2026-09-13,STORE_1,1013,15,False
2026-09-14,STORE_1,1013,14,False
2026-09-15,STORE_1,1013,13,False
2026-09-16,STORE_1,1013,11,False
2026-09-17,STORE_1,1013,19,False
2026-09-18,STORE_1,1013,14,False
2026-09-19,STORE_1,1013,12,False
2026-09-20,STORE_1,1013,17,False
2026-09-21,STORE_1,1013,16,False
2026-09-22,STORE_1,1013,11,False
2026-09-23,STORE_1,1013,8,False
2026-09-24,STORE_1,1013,14,False
2026-09-25,STORE_1,1013,18,False
2026-09-26,STORE_1,1013,21,False
2026-09-27,STORE_1,1013,19,True
2026-09-28,STORE_1,1013,19,False
2026-09-29,STORE_1,1013,14,False
2026-09-30,STORE_1,1013,15,False
2025-10-01,STORE_1,1014,9,False
2025-10-02,STORE_1,1014,15,False
2025-10-03,STORE_1,1014,15,False
2025-10-04,STORE_1,1014,14,False
2025-10-05,STORE_1,1014,14,False
2025-10-06,STORE_1,1014,5,False
2025-10-07,STORE_1,1014,11,False
2025-10-08,STORE_1,1014,12,False
2025-10-09,STORE_1,1014,8,False
2025-10-10,STORE_1,1014,20,False
2025-10-11,STORE_1,1014,21,False
2025-10-12,STORE_1,1014,15,False
2025-10-13,STORE_1,1014,0,False
2025-10-14,STORE_1,1014,15,False
2025-10-15,STORE_1,1014,12,False
2025-10-16,STORE_1,1014,12,False
2025-10-17,STORE_1,1014,21,False
2025-10-18,STORE_1,1014,20,False
2025-10-19,STORE_1,1014,9,False
2025-10-20,STORE_1,1014,6,False
2025-10-21,STORE_1,1014,0,False
2025-10-22,STORE_1,1014,12,False
2025-10-23,STORE_1,1014,24,True
2025-10-24,STORE_1,1014,17,False
2025-10-25,STORE_1,1014,22,False
2025-10-26,STORE_1,1014,14,False
2025-10-27,STORE_1,1014,11,False
2025-10-28,STORE_1,1014,10,False
2025-10-29,STORE_1,1014,12,True
2025-10-30,STORE_1,1014,12,False
2025-10-31,STORE_1,1014,16,False
2025-11-01,STORE_1,1014,6,False
2025-11-02,STORE_1,1014,9,False
2025-11-03,STORE_1,1014,15,False
2025-11-04,STORE_1,1014,10,False
2025-11-05,STORE_1,1014,9,False
2025-11-06,STORE_1,1014,10,False
2025-11-07,STORE_1,1014,32,True
2025-11-08,STORE_1,1014,22,False
2025-11-09,STORE_1,1014,14,False
2025-11-10,STORE_1,1014,11,False
2025-11-11,STORE_1,1014,10,False
2025-11-12,STORE_1,1014,8,False
2025-11-13,STORE_1,1014,18,False
2025-11-14,STORE_1,1014,15,False
2025-11-15,STORE_1,1014,13,False
2025-11-16,STORE_1,1014,20,False
2025-11-17,STORE_1,1014,12,False
2025-11-18,STORE_1,1014,12,False
2025-11-19,STORE_1,1014,17,False
2025-11-20,STORE_1,1014,19,False
2025-11-21,STORE_1,1014,17,False
2025-11-22,STORE_1,1014,26,False
2025-11-23,STORE_1,1014,14,False
2025-11-24,STORE_1,1014,13,False
2025-11-25,STORE_1,1014,15,False
2025-11-26,STORE_1,1014,18,False
2025-11-27,STORE_1,1014,14,False
2025-11-28,STORE_1,1014,19,False
2025-11-29,STORE_1,1014,21,False
2025-11-30,STORE_1,1014,24,False
2025-12-01,STORE_1,1014,15,True
2025-12-02,STORE_1,1014,17,True
2025-12-03,STORE_1,1014,12,False
2025-12-04,STORE_1,1014,22,False
2025-12-05,STORE_1,1014,23,False
2025-12-06,STORE_1,1014,37,False
2025-12-07,STORE_1,1014,25,False
2025-12-08,STORE_1,1014,10,False
2025-12-09,STORE_1,1014,13,False
2025-12-10,STORE_1,1014,15,False
2025-12-11,STORE_1,1014,17,False
2025-12-12,STORE_1,1014,19,False
2025-12-13,STORE_1,1014,24,False
2025-12-14,STORE_1,1014,20,False
2025-12-15,STORE_1,1014,12,False
2025-12-16,STORE_1,1014,17,False
2025-12-17,STORE_1,1014,21,False
2025-12-18,STORE_1,1014,0,False
2025-12-19,STORE_1,1014,13,False
2025-12-20,STORE_1,1014,29,True
2025-12-21,STORE_1,1014,21,True
2025-12-22,STORE_1,1014,15,True
2025-12-23,STORE_1,1014,17,False
2025-12-24,STORE_1,1014,13,False
2025-12-25,STORE_1,1014,22,False
2025-12-26,STORE_1,1014,4,False
2025-12-27,STORE_1,1014,23,False
2025-12-28,STORE_1,1014,23,False
2025-12-29,STORE_1,1014,17,False
2025-12-30,STORE_1,1014,9,False
2025-12-31,STORE_1,1014,20,False
2026-01-01,STORE_1,1014,13,False
2026-01-02,STORE_1,1014,18,False
2026-01-03,STORE_1,1014,15,False
2026-01-04,STORE_1,1014,8,False
2026-01-05,STORE_1,1014,11,False
2026-01-06,STORE_1,1014,23,True
2026-01-07,STORE_1,1014,15,True
2026-01-08,STORE_1,1014,12,False
2026-01-09,STORE_1,1014,18,False
2026-01-10,STORE_1,1014,17,False
2026-01-11,STORE_1,1014,19,False
2026-01-12,STORE_1,1014,11,False
2026-01-13,STORE_1,1014,8,False
2026-01-14,STORE_1,1014,12,False
2026-01-15,STORE_1,1014,14,True
2026-01-16,STORE_1,1014,12,False
2026-01-17,STORE_1,1014,16,False
2026-01-18,STORE_1,1014,14,False
2026-01-19,STORE_1,1014,8,False
2026-01-20,STORE_1,1014,11,False
2026-01-21,STORE_1,1014,6,False
2026-01-22,STORE_1,1014,11,False
2026-01-23,STORE_1,1014,14,False
2026-01-24,STORE_1,1014,11,False
2026-01-25,STORE_1,1014,22,False
2026-01-26,STORE_1,1014,10,False
2026-01-27,STORE_1,1014,19,True
2026-01-28,STORE_1,1014,9,False
2026-01-29,STORE_1,1014,12,False
2026-01-30,STORE_1,1014,13,False
2026-01-31,STORE_1,1014,18,True
2026-02-01,STORE_1,1014,8,False
2026-02-02,STORE_1,1014,7,False
2026-02-03,STORE_1,1014,16,False
2026-02-04,STORE_1,1014,10,False
2026-02-05,STORE_1,1014,9,False
2026-02-06,STORE_1,1014,20,True
2026-02-07,STORE_1,1014,21,True
2026-02-08,STORE_1,1014,18,False
2026-02-09,STORE_1,1014,12,False
2026-02-10,STORE_1,1014,6,False
2026-02-11,STORE_1,1014,11,False
2026-02-12,STORE_1,1014,17,False
2026-02-13,STORE_1,1014,14,False
2026-02-14,STORE_1,1014,19,False
2026-02-15,STORE_1,1014,0,False
2026-02-16,STORE_1,1014,11,False
2026-02-17,STORE_1,1014,9,False
2026-02-18,STORE_1,1014,12,False
2026-02-19,STORE_1,1014,10,False
2026-02-20,STORE_1,1014,14,False
2026-02-21,STORE_1,1014,15,False
2026-02-22,STORE_1,1014,14,False
2026-02-23,STORE_1,1014,10,False
2026-02-24,STORE_1,1014,9,False
2026-02-25,STORE_1,1014,14,False
2026-02-26,STORE_1,1014,9,False
2026-02-27,STORE_1,1014,15,False
2026-02-28,STORE_1,1014,11,False
2026-03-01,STORE_1,1014,17,False
2026-03-02,STORE_1,1014,12,False
2026-03-03,STORE_1,1014,16,False
2026-03-04,STORE_1,1014,8,False
2026-03-05,STORE_1,1014,18,False
2026-03-06,STORE_1,1014,12,False
2026-03-07,STORE_1,1014,16,False
2026-03-08,STORE_1,1014,9,False
2026-03-09,STORE_1,1014,17,False
2026-03-10,STORE_1,1014,11,False
2026-03-11,STORE_1,1014,0,False
2026-03-12,STORE_1,1014,7,False
2026-03-13,STORE_1,1014,16,False
2026-03-14,STORE_1,1014,16,False
2026-03-15,STORE_1,1014,13,False
2026-03-16,STORE_1,1014,8,False
2026-03-17,STORE_1,1014,11,False
2026-03-18,STORE_1,1014,7,False
2026-03-19,STORE_1,1014,0,False
2026-03-20,STORE_1,1014,17,False
2026-03-21,STORE_1,1014,26,True
2026-03-22,STORE_1,1014,14,False
2026-03-23,STORE_1,1014,10,False
2026-03-24,STORE_1,1014,12,False
2026-03-25,STORE_1,1014,12,False
2026-03-26,STORE_1,1014,6,False
2026-03-27,STORE_1,1014,0,False
2026-03-28,STORE_1,1014,23,False
2026-03-29,STORE_1,1014,15,False
2026-03-30,STORE_1,1014,14,False
2026-03-31,STORE_1,1014,11,False
2026-04-01,STORE_1,1014,6,False
2026-04-02,STORE_1,1014,18,True
2026-04-03,STORE_1,1014,19,False
2026-04-04,STORE_1,1014,15,False
2026-04-05,STORE_1,1014,19,False
2026-04-06,STORE_1,1014,13,False
2026-04-07,STORE_1,1014,14,False
2026-04-08,STORE_1,1014,10,False
2026-04-09,STORE_1,1014,9,False
2026-04-10,STORE_1,1014,11,False
2026-04-11,STORE_1,1014,33,True
2026-04-12,STORE_1,1014,21,False
2026-04-13,STORE_1,1014,7,False
2026-04-14,STORE_1,1014,14,False
2026-04-15,STORE_1,1014,10,False
2026-04-16,STORE_1,1014,8,False
2026-04-17,STORE_1,1014,18,False
2026-04-18,STORE_1,1014,19,False
2026-04-19,STORE_1,1014,9,False
2026-04-20,STORE_1,1014,10,False
2026-04-21,STORE_1,1014,7,False
2026-04-22,STORE_1,1014,12,False
2026-04-23,STORE_1,1014,10,False
2026-04-24,STORE_1,1014,10,False
2026-04-25,STORE_1,1014,6,False
2026-04-26,STORE_1,1014,13,False
2026-04-27,STORE_1,1014,6,False
2026-04-28,STORE_1,1014,11,False
2026-04-29,STORE_1,1014,11,False
2026-04-30,STORE_1,1014,11,False
2026-05-01,STORE_1,1014,16,False
2026-05-02,STORE_1,1014,20,False
2026-05-03,STORE_1,1014,17,False
2026-05-04,STORE_1,1014,10,False
2026-05-05,STORE_1,1014,8,False
2026-05-06,STORE_1,1014,10,False
2026-05-07,STORE_1,1014,9,False
2026-05-08,STORE_1,1014,0,False
2026-05-09,STORE_1,1014,18,False
2026-05-10,STORE_1,1014,15,False
2026-05-11,STORE_1,1014,10,False
2026-05-12,STORE_1,1014,10,False
2026-05-13,STORE_1,1014,16,False
2026-05-14,STORE_1,1014,16,False
2026-05-15,STORE_1,1014,18,False
2026-05-16,STORE_1,1014,15,False
2026-05-17,STORE_1,1014,7,False
2026-05-18,STORE_1,1014,12,False
2026-05-19,STORE_1,1014,10,False
2026-05-20,STORE_1,1014,10,False
2026-05-21,STORE_1,1014,12,False
2026-05-22,STORE_1,1014,11,False
2026-05-23,STORE_1,1014,13,False
2026-05-24,STORE_1,1014,18,False
2026-05-25,STORE_1,1014,5,False
2026-05-26,STORE_1,1014,13,False
2026-05-27,STORE_1,1014,15,False
2026-05-28,STORE_1,1014,14,False
2026-05-29,STORE_1,1014,17,False
2026-05-30,STORE_1,1014,13,False
2026-05-31,STORE_1,1014,11,False
2026-06-01,STORE_1,1014,10,False
2026-06-02,STORE_1,1014,11,True
2026-06-03,STORE_1,1014,11,False
2026-06-04,STORE_1,1014,14,False
2026-06-05,STORE_1,1014,12,False
2026-06-06,STORE_1,1014,13,False
2026-06-07,STORE_1,1014,14,False
2026-06-08,STORE_1,1014,12,False
2026-06-09,STORE_1,1014,0,False
2026-06-10,STORE_1,1014,8,False
2026-06-11,STORE_1,1014,12,False
2026-06-12,STORE_1,1014,17,False
2026-06-13,STORE_1,1014,13,False
2026-06-14,STORE_1,1014,18,False
2026-06-15,STORE_1,1014,8,False
2026-06-16,STORE_1,1014,14,False
2026-06-17,STORE_1,1014,8,False
2026-06-18,STORE_1,1014,8,False
2026-06-19,STORE_1,1014,17,False
2026-06-20,STORE_1,1014,20,False
2026-06-21,STORE_1,1014,17,False
2026-06-22,STORE_1,1014,12,False
2026-06-23,STORE_1,1014,13,False
2026-06-24,STORE_1,1014,14,False
2026-06-25,STORE_1,1014,12,False
2026-06-26,STORE_1,1014,21,True
2026-06-27,STORE_1,1014,13,False
2026-06-28,STORE_1,1014,9,False
2026-06-29,STORE_1,1014,13,False
2026-06-30,STORE_1,1014,5,False
2026-07-01,STORE_1,1014,12,True
2026-07-02,STORE_1,1014,9,False
2026-07-03,STORE_1,1014,14,False
2026-07-04,STORE_1,1014,23,False
2026-07-05,STORE_1,1014,11,False
2026-07-06,STORE_1,1014,14,True
2026-07-07,STORE_1,1014,5,False
2026-07-08,STORE_1,1014,12,False
2026-07-09,STORE_1,1014,8,False
2026-07-10,STORE_1,1014,11,False
2026-07-11,STORE_1,1014,15,False
2026-07-12,STORE_1,1014,13,False
2026-07-13,STORE_1,1014,12,False
2026-07-14,STORE_1,1014,11,False
2026-07-15,STORE_1,1014,11,False
2026-07-16,STORE_1,1014,15,False
2026-07-17,STORE_1,1014,17,False
2026-07-18,STORE_1,1014,19,False
2026-07-19,STORE_1,1014,10,False
2026-07-20,STORE_1,1014,14,False
2026-07-21,STORE_1,1014,12,False
2026-07-22,STORE_1,1014,11,False
2026-07-23,STORE_1,1014,15,False
2026-07-24,STORE_1,1014,15,False
2026-07-25,STORE_1,1014,0,False
2026-07-26,STORE_1,1014,14,False
2026-07-27,STORE_1,1014,12,False
2026-07-28,STORE_1,1014,8,False
2026-07-29,STORE_1,1014,0,False
2026-07-30,STORE_1,1014,0,False
2026-07-31,STORE_1,1014,18,False
2026-08-01,STORE_1,1014,20,False
2026-08-02,STORE_1,1014,17,True
2026-08-03,STORE_1,1014,11,False
2026-08-04,STORE_1,1014,8,False
2026-08-05,STORE_1,1014,12,False
2026-08-06,STORE_1,1014,12,False
2026-08-07,STORE_1,1014,18,False
2026-08-08,STORE_1,1014,22,False
2026-08-09,STORE_1,1014,19,False
2026-08-10,STORE_1,1014,9,False
2026-08-11,STORE_1,1014,11,False
2026-08-12,STORE_1,1014,15,False
2026-08-13,STORE_1,1014,9,False
2026-08-14,STORE_1,1014,16,False
2026-08-15,STORE_1,1014,13,False
2026-08-16,STORE_1,1014,21,False
2026-08-17,STORE_1,1014,21,True
2026-08-18,STORE_1,1014,11,False
2026-08-19,STORE_1,1014,11,True
2026-08-20,STORE_1,1014,17,False
2026-08-21,STORE_1,1014,14,False
2026-08-22,STORE_1,1014,14,False
2026-08-23,STORE_1,1014,18,False
2026-08-24,STORE_1,1014,14,True
2026-08-25,STORE_1,1014,16,True
2026-08-26,STORE_1,1014,7,False
2026-08-27,STORE_1,1014,14,False
2026-08-28,STORE_1,1014,16,False
2026-08-29,STORE_1,1014,20,False
2026-08-30,STORE_1,1014,16,False
2026-08-31,STORE_1,1014,18,False
2026-09-01,STORE_1,1014,11,False
2026-09-02,STORE_1,1014,10,False
2026-09-03,STORE_1,1014,12,False
2026-09-04,STORE_1,1014,17,False
2026-09-05,STORE_1,1014,26,True
2026-09-06,STORE_1,1014,8,False
2026-09-07,STORE_1,1014,15,False
2026-09-08,STORE_1,1014,12,False
2026-09-09,STORE_1,1014,14,False
2026-09-10,STORE_1,1014,14,False
2026-09-11,STORE_1,1014,19,False
2026-09-12,STORE_1,1014,12,False
2026-09-13,STORE_1,1014,18,False
2026-09-14,STORE_1,1014,0,False
2026-09-15,STORE_1,1014,10,False
2026-09-16,STORE_1,1014,9,False
2026-09-17,STORE_1,1014,8,False
2026-09-18,STORE_1,1014,11,False
2026-09-19,STORE_1,1014,20,False
2026-09-20,STORE_1,1014,13,False
2026-09-21,STORE_1,1014,8,False
2026-09-22,STORE_1,1014,10,False
2026-09-23,STORE_1,1014,12,False
2026-09-24,STORE_1,1014,13,False
2026-09-25,STORE_1,1014,11,True
2026-09-26,STORE_1,1014,17,False
2026-09-27,STORE_1,1014,18,False
2026-09-28,STORE_1,1014,8,False
2026-09-29,STORE_1,1014,10,False
2026-09-30,STORE_1,1014,6,False
2025-10-01,STORE_1,1015,13,True
2025-10-02,STORE_1,1015,13,False
2025-10-03,STORE_1,1015,12,False
2025-10-04,STORE_1,1015,20,False
2025-10-05,STORE_1,1015,21,False
2025-10-06,STORE_1,1015,12,False
2025-10-07,STORE_1,1015,17,False
2025-10-08,STORE_1,1015,12,False
2025-10-09,STORE_1,1015,14,False
2025-10-10,STORE_1,1015,32,True
2025-10-11,STORE_1,1015,20,False
2025-10-12,STORE_1,1015,16,False
2025-10-13,STORE_1,1015,11,False
2025-10-14,STORE_1,1015,13,False
2025-10-15,STORE_1,1015,14,False
2025-10-16,STORE_1,1015,16,False
2025-10-17,STORE_1,1015,26,False
2025-10-18,STORE_1,1015,16,False
2025-10-19,STORE_1,1015,16,False
2025-10-20,STORE_1,1015,12,False
2025-10-21,STORE_1,1015,17,False
2025-10-22,STORE_1,1015,15,False
2025-10-23,STORE_1,1015,8,False
2025-10-24,STORE_1,1015,15,False
2025-10-25,STORE_1,1015,18,False
2025-10-26,STORE_1,1015,10,False
2025-10-27,STORE_1,1015,13,False
2025-10-28,STORE_1,1015,10,False
2025-10-29,STORE_1,1015,19,False
2025-10-30,STORE_1,1015,15,False
2025-10-31,STORE_1,1015,16,False
2025-11-01,STORE_1,1015,15,False
2025-11-02,STORE_1,1015,5,False
2025-11-03,STORE_1,1015,12,False
2025-11-04,STORE_1,1015,17,False
2025-11-05,STORE_1,1015,12,False
2025-11-06,STORE_1,1015,14,False
2025-11-07,STORE_1,1015,29,False
2025-11-08,STORE_1,1015,25,False
2025-11-09,STORE_1,1015,17,False
2025-11-10,STORE_1,1015,15,False
2025-11-11,STORE_1,1015,0,False
2025-11-12,STORE_1,1015,7,False
2025-11-13,STORE_1,1015,8,False
2025-11-14,STORE_1,1015,19,False
2025-11-15,STORE_1,1015,20,False
2025-11-16,STORE_1,1015,17,False
2025-11-17,STORE_1,1015,16,False
2025-11-18,STORE_1,1015,13,False
2025-11-19,STORE_1,1015,12,False
2025-11-20,STORE_1,1015,23,False
2025-11-21,STORE_1,1015,20,False
2025-11-22,STORE_1,1015,22,False
2025-11-23,STORE_1,1015,20,False
2025-11-24,STORE_1,1015,13,False
2025-11-25,STORE_1,1015,15,False
2025-11-26,STORE_1,1015,14,False
2025-11-27,STORE_1,1015,14,False
2025-11-28,STORE_1,1015,26,False
2025-11-29,STORE_1,1015,26,False
2025-11-30,STORE_1,1015,15,True
2025-12-01,STORE_1,1015,17,False
2025-12-02,STORE_1,1015,17,False
2025-12-03,STORE_1,1015,23,False
2025-12-04,STORE_1,1015,14,False
2025-12-05,STORE_1,1015,13,False
2025-12-06,STORE_1,1015,23,False
2025-12-07,STORE_1,1015,25,False
2025-12-08,STORE_1,1015,16,False
2025-12-09,STORE_1,1015,21,True
2025-12-10,STORE_1,1015,14,False
2025-12-11,STORE_1,1015,20,False
2025-12-12,STORE_1,1015,24,False
2025-12-13,STORE_1,1015,30,False
2025-12-14,STORE_1,1015,35,False
2025-12-15,STORE_1,1015,18,False
2025-12-16,STORE_1,1015,16,False
2025-12-17,STORE_1,1015,12,False
2025-12-18,STORE_1,1015,13,False
2025-12-19,STORE_1,1015,20,False
2025-12-20,STORE_1,1015,17,False
2025-12-21,STORE_1,1015,20,False
2025-12-22,STORE_1,1015,22,False
2025-12-23,STORE_1,1015,17,False
2025-12-24,STORE_1,1015,19,False
2025-12-25,STORE_1,1015,22,False
2025-12-26,STORE_1,1015,21,False
2025-12-27,STORE_1,1015,15,False
2025-12-28,STORE_1,1015,14,False
2025-12-29,STORE_1,1015,17,False
2025-12-30,STORE_1,1015,12,False
2025-12-31,STORE_1,1015,21,False
2026-01-01,STORE_1,1015,13,False
2026-01-02,STORE_1,1015,25,False
2026-01-03,STORE_1,1015,21,True
2026-01-04,STORE_1,1015,17,False
2026-01-05,STORE_1,1015,13,False
2026-01-06,STORE_1,1015,12,False
2026-01-07,STORE_1,1015,13,False
2026-01-08,STORE_1,1015,15,False
2026-01-09,STORE_1,1015,22,False
2026-01-10,STORE_1,1015,19,False
2026-01-11,STORE_1,1015,15,False
2026-01-12,STORE_1,1015,12,False
2026-01-13,STORE_1,1015,11,False
2026-01-14,STORE_1,1015,19,False
2026-01-15,STORE_1,1015,20,False
2026-01-16,STORE_1,1015,11,False
2026-01-17,STORE_1,1015,0,False
2026-01-18,STORE_1,1015,15,False
2026-01-19,STORE_1,1015,16,False
2026-01-20,STORE_1,1015,19,True
2026-01-21,STORE_1,1015,10,False
2026-01-22,STORE_1,1015,22,False
2026-01-23,STORE_1,1015,16,False
2026-01-24,STORE_1,1015,26,False
2026-01-25,STORE_1,1015,15,False
2026-01-26,STORE_1,1015,13,False
2026-01-27,STORE_1,1015,9,False
2026-01-28,STORE_1,1015,30,True
2026-01-29,STORE_1,1015,14,False
2026-01-30,STORE_1,1015,16,False
2026-01-31,STORE_1,1015,19,False
2026-02-01,STORE_1,1015,20,True
2026-02-02,STORE_1,1015,11,False
2026-02-03,STORE_1,1015,12,False
2026-02-04,STORE_1,1015,12,False
2026-02-05,STORE_1,1015,14,False
2026-02-06,STORE_1,1015,14,False
2026-02-07,STORE_1,1015,21,False
2026-02-08,STORE_1,1015,26,False
2026-02-09,STORE_1,1015,12,False
2026-02-10,STORE_1,1015,11,False
2026-02-11,STORE_1,1015,15,False
2026-02-12,STORE_1,1015,12,False
2026-02-13,STORE_1,1015,13,False
2026-02-14,STORE_1,1015,17,False
2026-02-15,STORE_1,1015,17,False
2026-02-16,STORE_1,1015,20,True
2026-02-17,STORE_1,1015,12,False
2026-02-18,STORE_1,1015,13,False
2026-02-19,STORE_1,1015,14,False
2026-02-20,STORE_1,1015,20,False
2026-02-21,STORE_1,1015,23,False
2026-02-22,STORE_1,1015,15,False
2026-02-23,STORE_1,1015,8,False
2026-02-24,STORE_1,1015,10,False
2026-02-25,STORE_1,1015,13,False
2026-02-26,STORE_1,1015,9,False
2026-02-27,STORE_1,1015,16,False
2026-02-28,STORE_1,1015,22,False
2026-03-01,STORE_1,1015,19,False
2026-03-02,STORE_1,1015,13,False
2026-03-03,STORE_1,1015,0,False
2026-03-04,STORE_1,1015,14,False
2026-03-05,STORE_1,1015,14,False
2026-03-06,STORE_1,1015,17,False
2026-03-07,STORE_1,1015,11,False
2026-03-08,STORE_1,1015,20,False
2026-03-09,STORE_1,1015,8,False
2026-03-10,STORE_1,1015,15,True
2026-03-11,STORE_1,1015,8,False
2026-03-12,STORE_1,1015,13,False
2026-03-13,STORE_1,1015,13,False
2026-03-14,STORE_1,1015,18,False
2026-03-15,STORE_1,1015,17,False
2026-03-16,STORE_1,1015,15,False
2026-03-17,STORE_1,1015,8,False
2026-03-18,STORE_1,1015,13,False
2026-03-19,STORE_1,1015,9,False
2026-03-20,STORE_1,1015,14,False
2026-03-21,STORE_1,1015,25,False
2026-03-22,STORE_1,1015,21,False
2026-03-23,STORE_1,1015,14,False
2026-03-24,STORE_1,1015,4,False
2026-03-25,STORE_1,1015,12,False
2026-03-26,STORE_1,1015,8,False
2026-03-27,STORE_1,1015,13,False
2026-03-28,STORE_1,1015,20,False
2026-03-29,STORE_1,1015,21,False
2026-03-30,STORE_1,1015,15,False
2026-03-31,STORE_1,1015,21,False
2026-04-01,STORE_1,1015,11,False
2026-04-02,STORE_1,1015,17,False
2026-04-03,STORE_1,1015,21,False
2026-04-04,STORE_1,1015,28,False
2026-04-05,STORE_1,1015,21,False
2026-04-06,STORE_1,1015,13,False
2026-04-07,STORE_1,1015,14,False
2026-04-08,STORE_1,1015,14,False
2026-04-09,STORE_1,1015,14,False
2026-04-10,STORE_1,1015,20,False
2026-04-11,STORE_1,1015,21,False
2026-04-12,STORE_1,1015,17,False
2026-04-13,STORE_1,1015,18,False
2026-04-14,STORE_1,1015,13,False
2026-04-15,STORE_1,1015,19,True
2026-04-16,STORE_1,1015,12,False
2026-04-17,STORE_1,1015,20,False
2026-04-18,STORE_1,1015,26,False
2026-04-19,STORE_1,1015,12,False
2026-04-20,STORE_1,1015,8,False
2026-04-21,STORE_1,1015,10,False
2026-04-22,STORE_1,1015,10,False
2026-04-23,STORE_1,1015,12,False
2026-04-24,STORE_1,1015,21,False
2026-04-25,STORE_1,1015,27,False
2026-04-26,STORE_1,1015,12,False
2026-04-27,STORE_1,1015,13,True
2026-04-28,STORE_1,1015,8,False
2026-04-29,STORE_1,1015,12,False
2026-04-30,STORE_1,1015,13,False
2026-05-01,STORE_1,1015,10,False
2026-05-02,STORE_1,1015,20,False
2026-05-03,STORE_1,1015,14,False
2026-05-04,STORE_1,1015,17,False
2026-05-05,STORE_1,1015,12,False
2026-05-06,STORE_1,1015,10,False
2026-05-07,STORE_1,1015,14,False
2026-05-08,STORE_1,1015,18,False
2026-05-09,STORE_1,1015,23,False
2026-05-10,STORE_1,1015,16,False
2026-05-11,STORE_1,1015,19,False
2026-05-12,STORE_1,1015,8,False
2026-05-13,STORE_1,1015,20,True
2026-05-14,STORE_1,1015,8,False
2026-05-15,STORE_1,1015,21,False
2026-05-16,STORE_1,1015,22,False
2026-05-17,STORE_1,1015,18,False
2026-05-18,STORE_1,1015,12,False
2026-05-19,STORE_1,1015,17,False
2026-05-20,STORE_1,1015,13,False
2026-05-21,STORE_1,1015,13,False
2026-05-22,STORE_1,1015,19,False
2026-05-23,STORE_1,1015,19,False
2026-05-24,STORE_1,1015,17,False
2026-05-25,STORE_1,1015,12,False
2026-05-26,STORE_1,1015,19,True
2026-05-27,STORE_1,1015,15,False
2026-05-28,STORE_1,1015,21,True
2026-05-29,STORE_1,1015,18,False
2026-05-30,STORE_1,1015,17,False
2026-05-31,STORE_1,1015,16,False
2026-06-01,STORE_1,1015,7,False
2026-06-02,STORE_1,1015,11,False
2026-06-03,STORE_1,1015,9,False
2026-06-04,STORE_1,1015,9,False
2026-06-05,STORE_1,1015,15,False
2026-06-06,STORE_1,1015,14,False
2026-06-07,STORE_1,1015,16,False
2026-06-08,STORE_1,1015,14,False
2026-06-09,STORE_1,1015,12,False
2026-06-10,STORE_1,1015,7,False
2026-06-11,STORE_1,1015,11,False
2026-06-12,STORE_1,1015,19,False
2026-06-13,STORE_1,1015,14,False
2026-06-14,STORE_1,1015,20,False
2026-06-15,STORE_1,1015,8,False
2026-06-16,STORE_1,1015,11,False
2026-06-17,STORE_1,1015,19,True
2026-06-18,STORE_1,1015,16,False
2026-06-19,STORE_1,1015,24,False
2026-06-20,STORE_1,1015,16,False
2026-06-21,STORE_1,1015,26,False
2026-06-22,STORE_1,1015,14,False
2026-06-23,STORE_1,1015,12,False
2026-06-24,STORE_1,1015,13,False
2026-06-25,STORE_1,1015,21,False
2026-06-26,STORE_1,1015,16,False
2026-06-27,STORE_1,1015,19,False
2026-06-28,STORE_1,1015,16,True
2026-06-29,STORE_1,1015,11,False
2026-06-30,STORE_1,1015,12,False
2026-07-01,STORE_1,1015,11,False
2026-07-02,STORE_1,1015,14,False
2026-07-03,STORE_1,1015,27,True
2026-07-04,STORE_1,1015,21,False
2026-07-05,STORE_1,1015,16,False
2026-07-06,STORE_1,1015,12,False
2026-07-07,STORE_1,1015,9,False
2026-07-08,STORE_1,1015,11,False
2026-07-09,STORE_1,1015,18,False
2026-07-10,STORE_1,1015,15,False
2026-07-11,STORE_1,1015,26,True
2026-07-12,STORE_1,1015,18,False
2026-07-13,STORE_1,1015,17,False
2026-07-14,STORE_1,1015,9,False
2026-07-15,STORE_1,1015,17,False
2026-07-16,STORE_1,1015,17,False
2026-07-17,STORE_1,1015,30,True
2026-07-18,STORE_1,1015,24,False
2026-07-19,STORE_1,1015,13,False
2026-07-20,STORE_1,1015,11,False
2026-07-21,STORE_1,1015,18,False
2026-07-22,STORE_1,1015,14,False
2026-07-23,STORE_1,1015,18,True
2026-07-24,STORE_1,1015,19,False
2026-07-25,STORE_1,1015,15,False
2026-07-26,STORE_1,1015,17,False
2026-07-27,STORE_1,1015,17,False
2026-07-28,STORE_1,1015,16,False
2026-07-29,STORE_1,1015,14,True
2026-07-30,STORE_1,1015,27,True
2026-07-31,STORE_1,1015,19,False
2026-08-01,STORE_1,1015,29,False
2026-08-02,STORE_1,1015,18,True
2026-08-03,STORE_1,1015,11,False
2026-08-04,STORE_1,1015,10,False
2026-08-05,STORE_1,1015,16,True
2026-08-06,STORE_1,1015,8,False
2026-08-07,STORE_1,1015,22,False
2026-08-08,STORE_1,1015,22,False
2026-08-09,STORE_1,1015,25,False
2026-08-10,STORE_1,1015,18,False
2026-08-11,STORE_1,1015,17,False
2026-08-12,STORE_1,1015,13,False
2026-08-13,STORE_1,1015,15,False
2026-08-14,STORE_1,1015,19,False
2026-08-15,STORE_1,1015,16,False
2026-08-16,STORE_1,1015,16,False
2026-08-17,STORE_1,1015,12,False
2026-08-18,STORE_1,1015,14,True
2026-08-19,STORE_1,1015,13,False
2026-08-20,STORE_1,1015,16,False
2026-08-21,STORE_1,1015,19,False
2026-08-22,STORE_1,1015,21,False
2026-08-23,STORE_1,1015,19,False
2026-08-24,STORE_1,1015,13,False
2026-08-25,STORE_1,1015,14,False
2026-08-26,STORE_1,1015,13,False
2026-08-27,STORE_1,1015,13,False
2026-08-28,STORE_1,1015,14,False
2026-08-29,STORE_1,1015,24,False
2026-08-30,STORE_1,1015,8,False
2026-08-31,STORE_1,1015,13,False
2026-09-01,STORE_1,1015,10,False
2026-09-02,STORE_1,1015,9,False
2026-09-03,STORE_1,1015,9,False
2026-09-04,STORE_1,1015,16,False
2026-09-05,STORE_1,1015,21,False
2026-09-06,STORE_1,1015,18,False
2026-09-07,STORE_1,1015,13,False
2026-09-08,STORE_1,1015,4,False
2026-09-09,STORE_1,1015,13,False
2026-09-10,STORE_1,1015,9,False
2026-09-11,STORE_1,1015,13,False
2026-09-12,STORE_1,1015,13,False
2026-09-13,STORE_1,1015,18,True
2026-09-14,STORE_1,1015,16,False
2026-09-15,STORE_1,1015,14,False
2026-09-16,STORE_1,1015,12,False
2026-09-17,STORE_1,1015,12,False
2026-09-18,STORE_1,1015,15,False
2026-09-19,STORE_1,1015,23,False
2026-09-20,STORE_1,1015,29,True
2026-09-21,STORE_1,1015,7,False
2026-09-22,STORE_1,1015,9,False
2026-09-23,STORE_1,1015,7,False
2026-09-24,STORE_1,1015,9,False
2026-09-25,STORE_1,1015,16,False
2026-09-26,STORE_1,1015,26,False
2026-09-27,STORE_1,1015,26,True
2026-09-28,STORE_1,1015,12,False
2026-09-29,STORE_1,1015,12,False
2026-09-30,STORE_1,1015,12,False
2025-10-01,STORE_1,1016,20,False
2025-10-02,STORE_1,1016,17,False
2025-10-03,STORE_1,1016,47,False
2025-10-04,STORE_1,1016,24,False
2025-10-05,STORE_1,1016,24,False
2025-10-06,STORE_1,1016,25,False
2025-10-07,STORE_1,1016,17,False
2025-10-08,STORE_1,1016,22,False
2025-10-09,STORE_1,1016,20,False
2025-10-10,STORE_1,1016,23,False
2025-10-11,STORE_1,1016,36,False
2025-10-12,STORE_1,1016,27,False
2025-10-13,STORE_1,1016,25,False
2025-10-14,STORE_1,1016,25,False
2025-10-15,STORE_1,1016,20,False
2025-10-16,STORE_1,1016,31,False
2025-10-17,STORE_1,1016,29,False
2025-10-18,STORE_1,1016,37,False
2025-10-19,STORE_1,1016,32,False
2025-10-20,STORE_1,1016,23,False
2025-10-21,STORE_1,1016,21,False
2025-10-22,STORE_1,1016,20,False
2025-10-23,STORE_1,1016,19,False
2025-10-24,STORE_1,1016,0,True
2025-10-25,STORE_1,1016,35,False
2025-10-26,STORE_1,1016,21,False
2025-10-27,STORE_1,1016,23,False
2025-10-28,STORE_1,1016,18,False
2025-10-29,STORE_1,1016,25,False
2025-10-30,STORE_1,1016,27,False
2025-10-31,STORE_1,1016,30,False
2025-11-01,STORE_1,1016,37,False
2025-11-02,STORE_1,1016,31,False
2025-11-03,STORE_1,1016,29,False
2025-11-04,STORE_1,1016,22,False
2025-11-05,STORE_1,1016,21,False
2025-11-06,STORE_1,1016,24,False
2025-11-07,STORE_1,1016,47,False
2025-11-08,STORE_1,1016,29,False
2025-11-09,STORE_1,1016,29,False
2025-11-10,STORE_1,1016,22,False
2025-11-11,STORE_1,1016,21,False
2025-11-12,STORE_1,1016,14,False
2025-11-13,STORE_1,1016,19,False
2025-11-14,STORE_1,1016,31,False
2025-11-15,STORE_1,1016,32,False
2025-11-16,STORE_1,1016,32,False
2025-11-17,STORE_1,1016,30,False
2025-11-18,STORE_1,1016,24,False
2025-11-19,STORE_1,1016,24,False
2025-11-20,STORE_1,1016,38,False
2025-11-21,STORE_1,1016,45,False
2025-11-22,STORE_1,1016,48,False
2025-11-23,STORE_1,1016,48,False
2025-11-24,STORE_1,1016,59,True
2025-11-25,STORE_1,1016,28,True
2025-11-26,STORE_1,1016,26,False
2025-11-27,STORE_1,1016,28,False
2025-11-28,STORE_1,1016,65,False
2025-11-29,STORE_1,1016,62,False
2025-11-30,STORE_1,1016,40,False
2025-12-01,STORE_1,1016,26,False
2025-12-02,STORE_1,1016,35,False
2025-12-03,STORE_1,1016,31,False
2025-12-04,STORE_1,1016,32,False
2025-12-05,STORE_1,1016,44,False
2025-12-06,STORE_1,1016,45,False
2025-12-07,STORE_1,1016,44,False
2025-12-08,STORE_1,1016,42,True
2025-12-09,STORE_1,1016,41,False
2025-12-10,STORE_1,1016,35,False
2025-12-11,STORE_1,1016,32,False
2025-12-12,STORE_1,1016,56,False
2025-12-13,STORE_1,1016,108,True
2025-12-14,STORE_1,1016,61,False
2025-12-15,STORE_1,1016,41,False
2025-12-16,STORE_1,1016,35,False
2025-12-17,STORE_1,1016,22,False
2025-12-18,STORE_1,1016,16,False
2025-12-19,STORE_1,1016,53,False
2025-12-20,STORE_1,1016,38,False
2025-12-21,STORE_1,1016,68,False
2025-12-22,STORE_1,1016,45,True
2025-12-23,STORE_1,1016,26,False
2025-12-24,STORE_1,1016,30,True
2025-12-25,STORE_1,1016,0,True
2025-12-26,STORE_1,1016,35,False
2025-12-27,STORE_1,1016,47,False
2025-12-28,STORE_1,1016,39,False
2025-12-29,STORE_1,1016,47,True
2025-12-30,STORE_1,1016,33,False
2025-12-31,STORE_1,1016,46,False
2026-01-01,STORE_1,1016,49,False
2026-01-02,STORE_1,1016,49,False
2026-01-03,STORE_1,1016,45,False
2026-01-04,STORE_1,1016,35,False
2026-01-05,STORE_1,1016,18,False
2026-01-06,STORE_1,1016,24,False
2026-01-07,STORE_1,1016,18,False
2026-01-08,STORE_1,1016,13,False
2026-01-09,STORE_1,1016,31,False
2026-01-10,STORE_1,1016,44,False
2026-01-11,STORE_1,1016,25,False
2026-01-12,STORE_1,1016,26,False
2026-01-13,STORE_1,1016,18,False
2026-01-14,STORE_1,1016,23,False
2026-01-15,STORE_1,1016,24,False
2026-01-16,STORE_1,1016,38,False
2026-01-17,STORE_1,1016,43,False
2026-01-18,STORE_1,1016,23,False
2026-01-19,STORE_1,1016,32,False
2026-01-20,STORE_1,1016,21,False
2026-01-21,STORE_1,1016,22,False
2026-01-22,STORE_1,1016,23,False
2026-01-23,STORE_1,1016,31,False
2026-01-24,STORE_1,1016,29,False
2026-01-25,STORE_1,1016,33,False
2026-01-26,STORE_1,1016,21,False
2026-01-27,STORE_1,1016,21,False
2026-01-28,STORE_1,1016,30,False
2026-01-29,STORE_1,1016,19,False
2026-01-30,STORE_1,1016,39,True
2026-01-31,STORE_1,1016,37,False
2026-02-01,STORE_1,1016,18,False
2026-02-02,STORE_1,1016,22,False
2026-02-03,STORE_1,1016,18,False
2026-02-04,STORE_1,1016,23,False
2026-02-05,STORE_1,1016,18,False
2026-02-06,STORE_1,1016,34,False
2026-02-07,STORE_1,1016,34,False
2026-02-08,STORE_1,1016,27,False
2026-02-09,STORE_1,1016,32,True
2026-02-10,STORE_1,1016,17,False
2026-02-11,STORE_1,1016,36,False
2026-02-12,STORE_1,1016,43,False
2026-02-13,STORE_1,1016,22,False
2026-02-14,STORE_1,1016,35,False
2026-02-15,STORE_1,1016,28,False
2026-02-16,STORE_1,1016,18,False
2026-02-17,STORE_1,1016,28,False
2026-02-18,STORE_1,1016,12,False
2026-02-19,STORE_1,1016,38,False
2026-02-20,STORE_1,1016,33,False
2026-02-21,STORE_1,1016,48,True
2026-02-22,STORE_1,1016,0,False
2026-02-23,STORE_1,1016,21,True
2026-02-24,STORE_1,1016,12,False
2026-02-25,STORE_1,1016,14,False
2026-02-26,STORE_1,1016,47,True
2026-02-27,STORE_1,1016,20,False
2026-02-28,STORE_1,1016,39,True
2026-03-01,STORE_1,1016,23,False
2026-03-02,STORE_1,1016,24,False
2026-03-03,STORE_1,1016,12,False
2026-03-04,STORE_1,1016,0,False
2026-03-05,STORE_1,1016,33,True
2026-03-06,STORE_1,1016,28,False
2026-03-07,STORE_1,1016,26,False
2026-03-08,STORE_1,1016,31,False
2026-03-09,STORE_1,1016,19,False
2026-03-10,STORE_1,1016,22,False
2026-03-11,STORE_1,1016,25,False
2026-03-12,STORE_1,1016,41,False
2026-03-13,STORE_1,1016,0,False
2026-03-14,STORE_1,1016,48,False
2026-03-15,STORE_1,1016,46,False
2026-03-16,STORE_1,1016,20,False
2026-03-17,STORE_1,1016,19,False
2026-03-18,STORE_1,1016,28,False
2026-03-19,STORE_1,1016,32,False
2026-03-20,STORE_1,1016,54,False
2026-03-21,STORE_1,1016,34,True
2026-03-22,STORE_1,1016,30,False
2026-03-23,STORE_1,1016,20,False
2026-03-24,STORE_1,1016,18,False
2026-03-25,STORE_1,1016,23,False
2026-03-26,STORE_1,1016,28,False
2026-03-27,STORE_1,1016,21,False
2026-03-28,STORE_1,1016,65,False
2026-03-29,STORE_1,1016,40,False
2026-03-30,STORE_1,1016,24,False
2026-03-31,STORE_1,1016,15,False
2026-04-01,STORE_1,1016,31,False
2026-04-02,STORE_1,1016,20,False
2026-04-03,STORE_1,1016,39,False
2026-04-04,STORE_1,1016,55,True
2026-04-05,STORE_1,1016,32,False
2026-04-06,STORE_1,1016,20,False
2026-04-07,STORE_1,1016,13,False
2026-04-08,STORE_1,1016,28,False
2026-04-09,STORE_1,1016,28,False
2026-04-10,STORE_1,1016,18,False
2026-04-11,STORE_1,1016,52,False
2026-04-12,STORE_1,1016,16,False
2026-04-13,STORE_1,1016,19,False
2026-04-14,STORE_1,1016,18,False
2026-04-15,STORE_1,1016,0,False
2026-04-16,STORE_1,1016,26,False
2026-04-17,STORE_1,1016,31,False
2026-04-18,STORE_1,1016,41,False
2026-04-19,STORE_1,1016,18,False
2026-04-20,STORE_1,1016,22,False
2026-04-21,STORE_1,1016,26,False
2026-04-22,STORE_1,1016,30,False
2026-04-23,STORE_1,1016,33,False
2026-04-24,STORE_1,1016,37,False
2026-04-25,STORE_1,1016,0,False
2026-04-26,STORE_1,1016,36,False
2026-04-27,STORE_1,1016,20,False
2026-04-28,STORE_1,1016,18,False
2026-04-29,STORE_1,1016,11,False
2026-04-30,STORE_1,1016,39,False
2026-05-01,STORE_1,1016,49,False
2026-05-02,STORE_1,1016,36,False
2026-05-03,STORE_1,1016,30,False
2026-05-04,STORE_1,1016,33,False
2026-05-05,STORE_1,1016,16,False
2026-05-06,STORE_1,1016,18,False
2026-05-07,STORE_1,1016,37,False
2026-05-08,STORE_1,1016,30,False
2026-05-09,STORE_1,1016,28,False
2026-05-10,STORE_1,1016,34,False
2026-05-11,STORE_1,1016,20,False
2026-05-12,STORE_1,1016,30,False
2026-05-13,STORE_1,1016,24,False
2026-05-14,STORE_1,1016,22,False
2026-05-15,STORE_1,1016,0,False
2026-05-16,STORE_1,1016,36,False
2026-05-17,STORE_1,1016,27,False
2026-05-18,STORE_1,1016,29,True
2026-05-19,STORE_1,1016,26,False
2026-05-20,STORE_1,1016,33,False
2026-05-21,STORE_1,1016,30,False
2026-05-22,STORE_1,1016,27,False
2026-05-23,STORE_1,1016,27,False
2026-05-24,STORE_1,1016,36,False
2026-05-25,STORE_1,1016,13,True
2026-05-26,STORE_1,1016,29,True
2026-05-27,STORE_1,1016,7,True
2026-05-28,STORE_1,1016,33,False
2026-05-29,STORE_1,1016,29,False
2026-05-30,STORE_1,1016,22,False
2026-05-31,STORE_1,1016,25,True
2026-06-01,STORE_1,1016,23,False
2026-06-02,STORE_1,1016,11,False
2026-06-03,STORE_1,1016,27,False
2026-06-04,STORE_1,1016,32,False
2026-06-05,STORE_1,1016,33,False
2026-06-06,STORE_1,1016,36,False
2026-06-07,STORE_1,1016,0,False
2026-06-08,STORE_1,1016,5,False
2026-06-09,STORE_1,1016,24,False
2026-06-10,STORE_1,1016,26,False
2026-06-11,STORE_1,1016,23,False
2026-06-12,STORE_1,1016,37,False
2026-06-13,STORE_1,1016,27,False
2026-06-14,STORE_1,1016,29,False
2026-06-15,STORE_1,1016,28,False
2026-06-16,STORE_1,1016,20,False
2026-06-17,STORE_1,1016,14,False
2026-06-18,STORE_1,1016,21,False
2026-06-19,STORE_1,1016,37,False
2026-06-20,STORE_1,1016,22,False
2026-06-21,STORE_1,1016,38,False
2026-06-22,STORE_1,1016,23,False
2026-06-23,STORE_1,1016,13,False
2026-06-24,STORE_1,1016,26,False
2026-06-25,STORE_1,1016,20,False
2026-06-26,STORE_1,1016,34,False
2026-06-27,STORE_1,1016,51,False
2026-06-28,STORE_1,1016,0,False
2026-06-29,STORE_1,1016,15,False
2026-06-30,STORE_1,1016,23,False
2026-07-01,STORE_1,1016,21,False
2026-07-02,STORE_1,1016,36,False
2026-07-03,STORE_1,1016,42,False
2026-07-04,STORE_1,1016,47,False
2026-07-05,STORE_1,1016,29,False
2026-07-06,STORE_1,1016,27,False
2026-07-07,STORE_1,1016,23,False
2026-07-08,STORE_1,1016,20,False
2026-07-09,STORE_1,1016,33,False
2026-07-10,STORE_1,1016,34,False
2026-07-11,STORE_1,1016,28,False
2026-07-12,STORE_1,1016,0,False
2026-07-13,STORE_1,1016,16,False
2026-07-14,STORE_1,1016,28,True
2026-07-15,STORE_1,1016,19,False
2026-07-16,STORE_1,1016,27,False
2026-07-17,STORE_1,1016,38,False
2026-07-18,STORE_1,1016,58,False
2026-07-19,STORE_1,1016,21,False
2026-07-20,STORE_1,1016,30,False
2026-07-21,STORE_1,1016,14,False
2026-07-22,STORE_1,1016,21,False
2026-07-23,STORE_1,1016,41,True
2026-07-24,STORE_1,1016,18,False
2026-07-25,STORE_1,1016,34,False
2026-07-26,STORE_1,1016,44,False
2026-07-27,STORE_1,1016,19,False
2026-07-28,STORE_1,1016,17,False
2026-07-29,STORE_1,1016,32,False
2026-07-30,STORE_1,1016,25,False
2026-07-31,STORE_1,1016,19,False
2026-08-01,STORE_1,1016,27,False
2026-08-02,STORE_1,1016,26,False
2026-08-03,STORE_1,1016,25,False
2026-08-04,STORE_1,1016,0,False
2026-08-05,STORE_1,1016,26,False
2026-08-06,STORE_1,1016,31,False
2026-08-07,STORE_1,1016,29,False
2026-08-08,STORE_1,1016,35,False
2026-08-09,STORE_1,1016,30,False
2026-08-10,STORE_1,1016,28,True
2026-08-11,STORE_1,1016,19,False
2026-08-12,STORE_1,1016,20,False
2026-08-13,STORE_1,1016,19,False
2026-08-14,STORE_1,1016,44,False
2026-08-15,STORE_1,1016,58,False
2026-08-16,STORE_1,1016,33,False
2026-08-17,STORE_1,1016,25,False
2026-08-18,STORE_1,1016,18,True
2026-08-19,STORE_1,1016,28,False
2026-08-20,STORE_1,1016,30,False
2026-08-21,STORE_1,1016,50,False
2026-08-22,STORE_1,1016,40,False
2026-08-23,STORE_1,1016,34,False
2026-08-24,STORE_1,1016,17,False
2026-08-25,STORE_1,1016,22,False
2026-08-26,STORE_1,1016,11,False
2026-08-27,STORE_1,1016,26,False
2026-08-28,STORE_1,1016,46,False
2026-08-29,STORE_1,1016,28,False
2026-08-30,STORE_1,1016,35,False
2026-08-31,STORE_1,1016,29,False
2026-09-01,STORE_1,1016,13,False
2026-09-02,STORE_1,1016,31,False
2026-09-03,STORE_1,1016,12,False
2026-09-04,STORE_1,1016,22,False
2026-09-05,STORE_1,1016,41,False
2026-09-06,STORE_1,1016,28,False
2026-09-07,STORE_1,1016,24,False
2026-09-08,STORE_1,1016,24,False
2026-09-09,STORE_1,1016,17,False
2026-09-10,STORE_1,1016,27,False
2026-09-11,STORE_1,1016,39,False
2026-09-12,STORE_1,1016,47,False
2026-09-13,STORE_1,1016,19,False
2026-09-14,STORE_1,1016,24,False
2026-09-15,STORE_1,1016,15,False
2026-09-16,STORE_1,1016,28,False
2026-09-17,STORE_1,1016,33,False
2026-09-18,STORE_1,1016,25,False
2026-09-19,STORE_1,1016,27,False
2026-09-20,STORE_1,1016,25,False
2026-09-21,STORE_1,1016,22,False
2026-09-22,STORE_1,1016,18,False
2026-09-23,STORE_1,1016,34,True
2026-09-24,STORE_1,1016,23,False
2026-09-25,STORE_1,1016,39,True
2026-09-26,STORE_1,1016,35,False
2026-09-27,STORE_1,1016,31,False
2026-09-28,STORE_1,1016,22,False
2026-09-29,STORE_1,1016,22,False
2026-09-30,STORE_1,1016,30,False
2025-10-01,STORE_1,1017,8,False
2025-10-02,STORE_1,1017,14,False
2025-10-03,STORE_1,1017,19,False
2025-10-04,STORE_1,1017,29,False
2025-10-05,STORE_1,1017,11,False
2025-10-06,STORE_1,1017,17,False
2025-10-07,STORE_1,1017,16,False
2025-10-08,STORE_1,1017,20,False
2025-10-09,STORE_1,1017,20,False
2025-10-10,STORE_1,1017,27,True
2025-10-11,STORE_1,1017,31,False
2025-10-12,STORE_1,1017,17,False
2025-10-13,STORE_1,1017,12,False
2025-10-14,STORE_1,1017,17,False
2025-10-15,STORE_1,1017,13,False
2025-10-16,STORE_1,1017,17,False
2025-10-17,STORE_1,1017,23,False
2025-10-18,STORE_1,1017,18,False
2025-10-19,STORE_1,1017,11,False
2025-10-20,STORE_1,1017,9,False
2025-10-21,STORE_1,1017,0,False
2025-10-22,STORE_1,1017,11,False
2025-10-23,STORE_1,1017,14,False
2025-10-24,STORE_1,1017,21,False
2025-10-25,STORE_1,1017,21,False
2025-10-26,STORE_1,1017,22,False
2025-10-27,STORE_1,1017,12,False
2025-10-28,STORE_1,1017,15,False
2025-10-29,STORE_1,1017,17,False
2025-10-30,STORE_1,1017,21,False
2025-10-31,STORE_1,1017,14,False
2025-11-01,STORE_1,1017,19,False
2025-11-02,STORE_1,1017,17,False
2025-11-03,STORE_1,1017,24,True
2025-11-04,STORE_1,1017,14,False
2025-11-05,STORE_1,1017,12,False
2025-11-06,STORE_1,1017,26,False
2025-11-07,STORE_1,1017,18,False
2025-11-08,STORE_1,1017,6,False
2025-11-09,STORE_1,1017,22,False
2025-11-10,STORE_1,1017,9,False
2025-11-11,STORE_1,1017,15,False
2025-11-12,STORE_1,1017,0,False
2025-11-13,STORE_1,1017,16,False
2025-11-14,STORE_1,1017,22,False
2025-11-15,STORE_1,1017,10,False
2025-11-16,STORE_1,1017,26,True
2025-11-17,STORE_1,1017,21,False
2025-11-18,STORE_1,1017,0,False
2025-11-19,STORE_1,1017,7,False
2025-11-20,STORE_1,1017,18,False
2025-11-21,STORE_1,1017,21,False
2025-11-22,STORE_1,1017,35,False
2025-11-23,STORE_1,1017,25,False
2025-11-24,STORE_1,1017,17,False
2025-11-25,STORE_1,1017,21,False
2025-11-26,STORE_1,1017,18,False
2025-11-27,STORE_1,1017,20,False
2025-11-28,STORE_1,1017,35,True
2025-11-29,STORE_1,1017,19,False
2025-11-30,STORE_1,1017,22,False
2025-12-01,STORE_1,1017,20,False
2025-12-02,STORE_1,1017,17,False
2025-12-03,STORE_1,1017,22,False
2025-12-04,STORE_1,1017,19,False
2025-12-05,STORE_1,1017,26,False
2025-12-06,STORE_1,1017,36,False
2025-12-07,STORE_1,1017,34,False
2025-12-08,STORE_1,1017,13,False
2025-12-09,STORE_1,1017,20,False
2025-12-10,STORE_1,1017,16,False
2025-12-11,STORE_1,1017,23,False
2025-12-12,STORE_1,1017,18,False
2025-12-13,STORE_1,1017,38,False
2025-12-14,STORE_1,1017,19,False
2025-12-15,STORE_1,1017,23,False
2025-12-16,STORE_1,1017,12,False
2025-12-17,STORE_1,1017,12,False
2025-12-18,STORE_1,1017,19,False
2025-12-19,STORE_1,1017,27,False
2025-12-20,STORE_1,1017,0,False
2025-12-21,STORE_1,1017,13,False
2025-12-22,STORE_1,1017,19,False
2025-12-23,STORE_1,1017,18,False
2025-12-24,STORE_1,1017,0,True
2025-12-25,STORE_1,1017,9,False
2025-12-26,STORE_1,1017,36,False
2025-12-27,STORE_1,1017,50,True
2025-12-28,STORE_1,1017,29,False
2025-12-29,STORE_1,1017,15,False
2025-12-30,STORE_1,1017,18,False
2025-12-31,STORE_1,1017,19,True
2026-01-01,STORE_1,1017,24,False
2026-01-02,STORE_1,1017,36,False
2026-01-03,STORE_1,1017,18,False
2026-01-04,STORE_1,1017,21,False
2026-01-05,STORE_1,1017,13,False
2026-01-06,STORE_1,1017,10,False
2026-01-07,STORE_1,1017,15,False
2026-01-08,STORE_1,1017,12,False
2026-01-09,STORE_1,1017,12,False
2026-01-10,STORE_1,1017,13,False
2026-01-11,STORE_1,1017,17,False
2026-01-12,STORE_1,1017,9,False
2026-01-13,STORE_1,1017,18,True
2026-01-14,STORE_1,1017,18,False
2026-01-15,STORE_1,1017,8,False
2026-01-16,STORE_1,1017,19,False
2026-01-17,STORE_1,1017,16,False
2026-01-18,STORE_1,1017,30,False
2026-01-19,STORE_1,1017,13,True
2026-01-20,STORE_1,1017,16,False
2026-01-21,STORE_1,1017,19,False
2026-01-22,STORE_1,1017,15,False
2026-01-23,STORE_1,1017,23,False
2026-01-24,STORE_1,1017,25,False
2026-01-25,STORE_1,1017,22,False
2026-01-26,STORE_1,1017,8,False
2026-01-27,STORE_1,1017,14,False
2026-01-28,STORE_1,1017,16,False
2026-01-29,STORE_1,1017,17,False
2026-01-30,STORE_1,1017,26,False
2026-01-31,STORE_1,1017,27,False
2026-02-01,STORE_1,1017,20,False
2026-02-02,STORE_1,1017,14,False
2026-02-03,STORE_1,1017,11,False
2026-02-04,STORE_1,1017,14,False
2026-02-05,STORE_1,1017,15,False
2026-02-06,STORE_1,1017,23,False
2026-02-07,STORE_1,1017,0,False
2026-02-08,STORE_1,1017,25,False
2026-02-09,STORE_1,1017,20,False
2026-02-10,STORE_1,1017,13,False
2026-02-11,STORE_1,1017,12,False
2026-02-12,STORE_1,1017,15,False
2026-02-13,STORE_1,1017,20,False
2026-02-14,STORE_1,1017,21,False
2026-02-15,STORE_1,1017,18,True
2026-02-16,STORE_1,1017,11,False
2026-02-17,STORE_1,1017,11,False
2026-02-18,STORE_1,1017,0,False
2026-02-19,STORE_1,1017,17,False
2026-02-20,STORE_1,1017,26,False
2026-02-21,STORE_1,1017,17,False
2026-02-22,STORE_1,1017,20,False
2026-02-23,STORE_1,1017,15,False
2026-02-24,STORE_1,1017,15,False
2026-02-25,STORE_1,1017,13,False
2026-02-26,STORE_1,1017,18,False
2026-02-27,STORE_1,1017,29,True
2026-02-28,STORE_1,1017,33,True
2026-03-01,STORE_1,1017,18,False
2026-03-02,STORE_1,1017,12,False
2026-03-03,STORE_1,1017,9,False
2026-03-04,STORE_1,1017,12,False
2026-03-05,STORE_1,1017,14,False
2026-03-06,STORE_1,1017,13,False
2026-03-07,STORE_1,1017,25,False
2026-03-08,STORE_1,1017,22,False
2026-03-09,STORE_1,1017,14,False
2026-03-10,STORE_1,1017,13,False
2026-03-11,STORE_1,1017,7,True
2026-03-12,STORE_1,1017,23,False
2026-03-13,STORE_1,1017,17,False
2026-03-14,STORE_1,1017,28,False
2026-03-15,STORE_1,1017,30,False
2026-03-16,STORE_1,1017,18,False
2026-03-17,STORE_1,1017,11,False
2026-03-18,STORE_1,1017,18,False
2026-03-19,STORE_1,1017,17,False
2026-03-20,STORE_1,1017,23,False
2026-03-21,STORE_1,1017,22,False
2026-03-22,STORE_1,1017,16,False
2026-03-23,STORE_1,1017,13,False
2026-03-24,STORE_1,1017,21,False
2026-03-25,STORE_1,1017,11,False
2026-03-26,STORE_1,1017,14,False
2026-03-27,STORE_1,1017,13,True
2026-03-28,STORE_1,1017,19,False
2026-03-29,STORE_1,1017,20,False
2026-03-30,STORE_1,1017,14,False
2026-03-31,STORE_1,1017,14,False
2026-04-01,STORE_1,1017,30,True
2026-04-02,STORE_1,1017,14,False
2026-04-03,STORE_1,1017,13,False
2026-04-04,STORE_1,1017,22,False
2026-04-05,STORE_1,1017,20,False
2026-04-06,STORE_1,1017,11,False
2026-04-07,STORE_1,1017,18,False
2026-04-08,STORE_1,1017,15,False
2026-04-09,STORE_1,1017,10,False
2026-04-10,STORE_1,1017,20,False
2026-04-11,STORE_1,1017,29,False
2026-04-12,STORE_1,1017,14,False
2026-04-13,STORE_1,1017,14,False
2026-04-14,STORE_1,1017,20,False
2026-04-15,STORE_1,1017,15,False
2026-04-16,STORE_1,1017,18,False
2026-04-17,STORE_1,1017,28,False
2026-04-18,STORE_1,1017,29,False
2026-04-19,STORE_1,1017,23,False
2026-04-20,STORE_1,1017,13,False
2026-04-21,STORE_1,1017,17,False
2026-04-22,STORE_1,1017,15,False
2026-04-23,STORE_1,1017,13,True
2026-04-24,STORE_1,1017,14,False
2026-04-25,STORE_1,1017,15,False
2026-04-26,STORE_1,1017,0,False
2026-04-27,STORE_1,1017,19,False
2026-04-28,STORE_1,1017,15,False
2026-04-29,STORE_1,1017,17,False
2026-04-30,STORE_1,1017,16,False
2026-05-01,STORE_1,1017,19,False
2026-05-02,STORE_1,1017,26,True
2026-05-03,STORE_1,1017,18,False
2026-05-04,STORE_1,1017,12,False
2026-05-05,STORE_1,1017,16,False
2026-05-06,STORE_1,1017,10,False
2026-05-07,STORE_1,1017,24,True
2026-05-08,STORE_1,1017,22,True
2026-05-09,STORE_1,1017,21,False
2026-05-10,STORE_1,1017,30,True
2026-05-11,STORE_1,1017,13,False
2026-05-12,STORE_1,1017,17,False
2026-05-13,STORE_1,1017,14,False
2026-05-14,STORE_1,1017,8,False
2026-05-15,STORE_1,1017,18,False
2026-05-16,STORE_1,1017,22,False
2026-05-17,STORE_1,1017,27,False
2026-05-18,STORE_1,1017,18,False
2026-05-19,STORE_1,1017,12,False
2026-05-20,STORE_1,1017,20,False
2026-05-21,STORE_1,1017,21,False
2026-05-22,STORE_1,1017,15,False
2026-05-23,STORE_1,1017,34,False
2026-05-24,STORE_1,1017,22,True
2026-05-25,STORE_1,1017,14,False
2026-05-26,STORE_1,1017,16,False
2026-05-27,STORE_1,1017,16,False
2026-05-28,STORE_1,1017,16,False
2026-05-29,STORE_1,1017,26,False
2026-05-30,STORE_1,1017,18,False
2026-05-31,STORE_1,1017,20,False
2026-06-01,STORE_1,1017,12,False
2026-06-02,STORE_1,1017,13,False
2026-06-03,STORE_1,1017,8,False
2026-06-04,STORE_1,1017,16,False
2026-06-05,STORE_1,1017,15,False
2026-06-06,STORE_1,1017,14,False
2026-06-07,STORE_1,1017,14,False
2026-06-08,STORE_1,1017,15,True
2026-06-09,STORE_1,1017,17,False
2026-06-10,STORE_1,1017,9,False
2026-06-11,STORE_1,1017,17,False
2026-06-12,STORE_1,1017,16,False
2026-06-13,STORE_1,1017,25,False
2026-06-14,STORE_1,1017,21,False
2026-06-15,STORE_1,1017,12,False
2026-06-16,STORE_1,1017,18,False
2026-06-17,STORE_1,1017,14,False
2026-06-18,STORE_1,1017,23,False
2026-06-19,STORE_1,1017,25,False
2026-06-20,STORE_1,1017,23,False
2026-06-21,STORE_1,1017,32,True
2026-06-22,STORE_1,1017,15,False
2026-06-23,STORE_1,1017,10,False
2026-06-24,STORE_1,1017,20,False
2026-06-25,STORE_1,1017,18,False
2026-06-26,STORE_1,1017,19,False
2026-06-27,STORE_1,1017,20,False
2026-06-28,STORE_1,1017,20,False
2026-06-29,STORE_1,1017,19,False
2026-06-30,STORE_1,1017,13,False
2026-07-01,STORE_1,1017,19,False
2026-07-02,STORE_1,1017,0,False
2026-07-03,STORE_1,1017,21,False
2026-07-04,STORE_1,1017,26,False
2026-07-05,STORE_1,1017,21,False
2026-07-06,STORE_1,1017,20,False
2026-07-07,STORE_1,1017,15,False
2026-07-08,STORE_1,1017,27,True
2026-07-09,STORE_1,1017,20,False
2026-07-10,STORE_1,1017,30,False
2026-07-11,STORE_1,1017,19,False
2026-07-12,STORE_1,1017,8,False
2026-07-13,STORE_1,1017,12,False
2026-07-14,STORE_1,1017,14,False
2026-07-15,STORE_1,1017,13,False
2026-07-16,STORE_1,1017,15,False
2026-07-17,STORE_1,1017,16,False
2026-07-18,STORE_1,1017,24,False
2026-07-19,STORE_1,1017,10,False
2026-07-20,STORE_1,1017,16,False
2026-07-21,STORE_1,1017,15,False
2026-07-22,STORE_1,1017,18,False
2026-07-23,STORE_1,1017,28,False
2026-07-24,STORE_1,1017,27,True
2026-07-25,STORE_1,1017,22,False
2026-07-26,STORE_1,1017,17,False
2026-07-27,STORE_1,1017,12,False
2026-07-28,STORE_1,1017,16,False
2026-07-29,STORE_1,1017,13,False
2026-07-30,STORE_1,1017,15,False
2026-07-31,STORE_1,1017,15,False
2026-08-01,STORE_1,1017,24,False
2026-08-02,STORE_1,1017,14,False
2026-08-03,STORE_1,1017,21,False
2026-08-04,STORE_1,1017,18,False
2026-08-05,STORE_1,1017,22,False
2026-08-06,STORE_1,1017,12,False
2026-08-07,STORE_1,1017,15,False
2026-08-08,STORE_1,1017,30,True
2026-08-09,STORE_1,1017,18,False
2026-08-10,STORE_1,1017,13,False
2026-08-11,STORE_1,1017,8,False
2026-08-12,STORE_1,1017,12,False
2026-08-13,STORE_1,1017,16,False
2026-08-14,STORE_1,1017,13,False
2026-08-15,STORE_1,1017,28,False
2026-08-16,STORE_1,1017,17,False
2026-08-17,STORE_1,1017,17,False
2026-08-18,STORE_1,1017,11,False
2026-08-19,STORE_1,1017,16,False
2026-08-20,STORE_1,1017,15,False
2026-08-21,STORE_1,1017,20,False
2026-08-22,STORE_1,1017,15,False
2026-08-23,STORE_1,1017,23,False
2026-08-24,STORE_1,1017,19,True
2026-08-25,STORE_1,1017,14,False
2026-08-26,STORE_1,1017,17,False
2026-08-27,STORE_1,1017,18,True
2026-08-28,STORE_1,1017,21,False
2026-08-29,STORE_1,1017,25,False
2026-08-30,STORE_1,1017,15,False
2026-08-31,STORE_1,1017,0,True
2026-09-01,STORE_1,1017,18,False
2026-09-02,STORE_1,1017,16,False
2026-09-03,STORE_1,1017,10,False
2026-09-04,STORE_1,1017,0,False
2026-09-05,STORE_1,1017,24,False
2026-09-06,STORE_1,1017,22,False
2026-09-07,STORE_1,1017,13,False
2026-09-08,STORE_1,1017,15,False
2026-09-09,STORE_1,1017,19,False
2026-09-10,STORE_1,1017,16,False
2026-09-11,STORE_1,1017,0,False
2026-09-12,STORE_1,1017,24,False
2026-09-13,STORE_1,1017,24,False
2026-09-14,STORE_1,1017,8,False
2026-09-15,STORE_1,1017,14,False
2026-09-16,STORE_1,1017,0,False
2026-09-17,STORE_1,1017,23,False
2026-09-18,STORE_1,1017,0,False
2026-09-19,STORE_1,1017,28,False
2026-09-20,STORE_1,1017,0,False
2026-09-21,STORE_1,1017,11,False
2026-09-22,STORE_1,1017,10,False
2026-09-23,STORE_1,1017,17,False
2026-09-24,STORE_1,1017,12,False
2026-09-25,STORE_1,1017,22,False
2026-09-26,STORE_1,1017,22,False
2026-09-27,STORE_1,1017,20,False
2026-09-28,STORE_1,1017,14,False
2026-09-29,STORE_1,1017,15,False
2026-09-30,STORE_1,1017,18,False
2025-10-01,STORE_1,1018,9,False
2025-10-02,STORE_1,1018,12,False
2025-10-03,STORE_1,1018,12,False
2025-10-04,STORE_1,1018,9,False
2025-10-05,STORE_1,1018,8,False
2025-10-06,STORE_1,1018,5,False
2025-10-07,STORE_1,1018,8,False
2025-10-08,STORE_1,1018,8,False
2025-10-09,STORE_1,1018,9,False
2025-10-10,STORE_1,1018,10,False
2025-10-11,STORE_1,1018,11,False
2025-10-12,STORE_1,1018,10,False
2025-10-13,STORE_1,1018,12,False
2025-10-14,STORE_1,1018,7,False
2025-10-15,STORE_1,1018,5,False
2025-10-16,STORE_1,1018,10,False
2025-10-17,STORE_1,1018,10,False
2025-10-18,STORE_1,1018,13,False
2025-10-19,STORE_1,1018,10,False
2025-10-20,STORE_1,1018,7,False
2025-10-21,STORE_1,1018,0,False
2025-10-22,STORE_1,1018,10,False
2025-10-23,STORE_1,1018,9,False
2025-10-24,STORE_1,1018,11,False
2025-10-25,STORE_1,1018,14,False
2025-10-26,STORE_1,1018,9,False
2025-10-27,STORE_1,1018,8,False
2025-10-28,STORE_1,1018,8,False
2025-10-29,STORE_1,1018,9,False
2025-10-30,STORE_1,1018,8,False
2025-10-31,STORE_1,1018,11,False
2025-11-01,STORE_1,1018,13,False
2025-11-02,STORE_1,1018,9,False
2025-11-03,STORE_1,1018,6,False
2025-11-04,STORE_1,1018,8,False
2025-11-05,STORE_1,1018,12,True
2025-11-06,STORE_1,1018,5,False
2025-11-07,STORE_1,1018,12,False
2025-11-08,STORE_1,1018,7,False
2025-11-09,STORE_1,1018,9,False
2025-11-10,STORE_1,1018,6,False
2025-11-11,STORE_1,1018,8,False
2025-11-12,STORE_1,1018,6,False
2025-11-13,STORE_1,1018,8,False
2025-11-14,STORE_1,1018,5,False
2025-11-15,STORE_1,1018,12,False
2025-11-16,STORE_1,1018,7,False
2025-11-17,STORE_1,1018,8,False
2025-11-18,STORE_1,1018,10,False
2025-11-19,STORE_1,1018,7,False
2025-11-20,STORE_1,1018,11,False
2025-11-21,STORE_1,1018,19,False
2025-11-22,STORE_1,1018,16,False
2025-11-23,STORE_1,1018,14,False
2025-11-24,STORE_1,1018,5,False
2025-11-25,STORE_1,1018,15,True
2025-11-26,STORE_1,1018,11,False
2025-11-27,STORE_1,1018,10,False
2025-11-28,STORE_1,1018,10,True
2025-11-29,STORE_1,1018,20,False
2025-11-30,STORE_1,1018,15,False
2025-12-01,STORE_1,1018,10,False
2025-12-02,STORE_1,1018,10,True
2025-12-03,STORE_1,1018,15,False
2025-12-04,STORE_1,1018,5,False
2025-12-05,STORE_1,1018,22,True
2025-12-06,STORE_1,1018,9,False
2025-12-07,STORE_1,1018,11,False
2025-12-08,STORE_1,1018,7,False
2025-12-09,STORE_1,1018,7,False
2025-12-10,STORE_1,1018,7,False
2025-12-11,STORE_1,1018,18,True
2025-12-12,STORE_1,1018,12,False
2025-12-13,STORE_1,1018,27,True
2025-12-14,STORE_1,1018,13,False
2025-12-15,STORE_1,1018,8,False
2025-12-16,STORE_1,1018,8,False
2025-12-17,STORE_1,1018,6,False
2025-12-18,STORE_1,1018,12,False
2025-12-19,STORE_1,1018,16,False
2025-12-20,STORE_1,1018,13,False
2025-12-21,STORE_1,1018,15,False
2025-12-22,STORE_1,1018,8,False
2025-12-23,STORE_1,1018,8,False
2025-12-24,STORE_1,1018,11,False
2025-12-25,STORE_1,1018,8,False
2025-12-26,STORE_1,1018,12,False
2025-12-27,STORE_1,1018,19,False
2025-12-28,STORE_1,1018,4,False
2025-12-29,STORE_1,1018,10,False
2025-12-30,STORE_1,1018,10,False
2025-12-31,STORE_1,1018,3,False
2026-01-01,STORE_1,1018,12,False
2026-01-02,STORE_1,1018,11,False
2026-01-03,STORE_1,1018,11,False
2026-01-04,STORE_1,1018,9,False
2026-01-05,STORE_1,1018,9,False
2026-01-06,STORE_1,1018,7,False
2026-01-07,STORE_1,1018,8,False
2026-01-08,STORE_1,1018,8,False
2026-01-09,STORE_1,1018,13,False
2026-01-10,STORE_1,1018,11,False
2026-01-11,STORE_1,1018,7,False
2026-01-12,STORE_1,1018,8,False
2026-01-13,STORE_1,1018,8,False
2026-01-14,STORE_1,1018,8,False
2026-01-15,STORE_1,1018,8,False
2026-01-16,STORE_1,1018,12,False
2026-01-17,STORE_1,1018,9,False
2026-01-18,STORE_1,1018,11,False
2026-01-19,STORE_1,1018,11,False
2026-01-20,STORE_1,1018,6,False
2026-01-21,STORE_1,1018,7,False
2026-01-22,STORE_1,1018,11,False
2026-01-23,STORE_1,1018,11,False
2026-01-24,STORE_1,1018,14,False
2026-01-25,STORE_1,1018,11,False
2026-01-26,STORE_1,1018,8,False
2026-01-27,STORE_1,1018,6,False
2026-01-28,STORE_1,1018,6,False
2026-01-29,STORE_1,1018,10,False
2026-01-30,STORE_1,1018,7,False
2026-01-31,STORE_1,1018,16,True
2026-02-01,STORE_1,1018,6,False
2026-02-02,STORE_1,1018,4,False
2026-02-03,STORE_1,1018,6,False
2026-02-04,STORE_1,1018,8,False
2026-02-05,STORE_1,1018,16,True
2026-02-06,STORE_1,1018,14,False
2026-02-07,STORE_1,1018,19,False
2026-02-08,STORE_1,1018,13,False
2026-02-09,STORE_1,1018,7,False
2026-02-10,STORE_1,1018,5,False
2026-02-11,STORE_1,1018,7,False
2026-02-12,STORE_1,1018,9,True
2026-02-13,STORE_1,1018,11,False
2026-02-14,STORE_1,1018,10,False
2026-02-15,STORE_1,1018,9,False
2026-02-16,STORE_1,1018,7,False
2026-02-17,STORE_1,1018,5,False
2026-02-18,STORE_1,1018,8,False
2026-02-19,STORE_1,1018,12,False
2026-02-20,STORE_1,1018,8,False
2026-02-21,STORE_1,1018,11,True
2026-02-22,STORE_1,1018,9,False
2026-02-23,STORE_1,1018,6,False
2026-02-24,STORE_1,1018,8,True
2026-02-25,STORE_1,1018,10,False
2026-02-26,STORE_1,1018,6,False
2026-02-27,STORE_1,1018,12,False
2026-02-28,STORE_1,1018,15,False
2026-03-01,STORE_1,1018,5,True
2026-03-02,STORE_1,1018,9,False
2026-03-03,STORE_1,1018,8,False
2026-03-04,STORE_1,1018,6,False
2026-03-05,STORE_1,1018,9,True
2026-03-06,STORE_1,1018,9,False
2026-03-07,STORE_1,1018,18,False
2026-03-08,STORE_1,1018,7,False
2026-03-09,STORE_1,1018,8,False
2026-03-10,STORE_1,1018,8,False
2026-03-11,STORE_1,1018,8,False
2026-03-12,STORE_1,1018,7,False
2026-03-13,STORE_1,1018,10,False
2026-03-14,STORE_1,1018,25,True
2026-03-15,STORE_1,1018,5,False
2026-03-16,STORE_1,1018,6,False
2026-03-17,STORE_1,1018,9,False
2026-03-18,STORE_1,1018,8,False
2026-03-19,STORE_1,1018,6,False
2026-03-20,STORE_1,1018,10,False
2026-03-21,STORE_1,1018,0,False
2026-03-22,STORE_1,1018,9,False
2026-03-23,STORE_1,1018,4,False
2026-03-24,STORE_1,1018,6,False
2026-03-25,STORE_1,1018,9,False
2026-03-26,STORE_1,1018,10,False
2026-03-27,STORE_1,1018,9,False
2026-03-28,STORE_1,1018,12,False
2026-03-29,STORE_1,1018,11,True
2026-03-30,STORE_1,1018,9,False
2026-03-31,STORE_1,1018,8,False
2026-04-01,STORE_1,1018,6,False
2026-04-02,STORE_1,1018,11,False
2026-04-03,STORE_1,1018,15,False
2026-04-04,STORE_1,1018,10,False
2026-04-05,STORE_1,1018,11,False
2026-04-06,STORE_1,1018,7,True
2026-04-07,STORE_1,1018,8,False
2026-04-08,STORE_1,1018,6,False
2026-04-09,STORE_1,1018,0,False
2026-04-10,STORE_1,1018,9,False
2026-04-11,STORE_1,1018,15,False
2026-04-12,STORE_1,1018,12,False
2026-04-13,STORE_1,1018,12,False
2026-04-14,STORE_1,1018,6,False
2026-04-15,STORE_1,1018,6,False
2026-04-16,STORE_1,1018,5,False
2026-04-17,STORE_1,1018,13,True
2026-04-18,STORE_1,1018,7,False
2026-04-19,STORE_1,1018,11,False
2026-04-20,STORE_1,1018,8,False
2026-04-21,STORE_1,1018,2,True
2026-04-22,STORE_1,1018,4,False
2026-04-23,STORE_1,1018,6,False
2026-04-24,STORE_1,1018,11,False
2026-04-25,STORE_1,1018,12,False
2026-04-26,STORE_1,1018,8,False
2026-04-27,STORE_1,1018,7,False
2026-04-28,STORE_1,1018,6,False
2026-04-29,STORE_1,1018,9,False
2026-04-30,STORE_1,1018,6,False
2026-05-01,STORE_1,1018,11,False
2026-05-02,STORE_1,1018,12,False
2026-05-03,STORE_1,1018,10,False
2026-05-04,STORE_1,1018,8,False
2026-05-05,STORE_1,1018,10,True
2026-05-06,STORE_1,1018,8,False
2026-05-07,STORE_1,1018,9,False
2026-05-08,STORE_1,1018,14,False
2026-05-09,STORE_1,1018,12,False
2026-05-10,STORE_1,1018,13,False
2026-05-11,STORE_1,1018,6,False
2026-05-12,STORE_1,1018,5,False
2026-05-13,STORE_1,1018,9,False
2026-05-14,STORE_1,1018,8,False
2026-05-15,STORE_1,1018,5,False
2026-05-16,STORE_1,1018,13,True
2026-05-17,STORE_1,1018,12,False
2026-05-18,STORE_1,1018,10,False
2026-05-19,STORE_1,1018,7,False
2026-05-20,STORE_1,1018,7,False
2026-05-21,STORE_1,1018,9,False
2026-05-22,STORE_1,1018,6,False
2026-05-23,STORE_1,1018,15,False
2026-05-24,STORE_1,1018,13,False
2026-05-25,STORE_1,1018,6,False
2026-05-26,STORE_1,1018,11,False
2026-05-27,STORE_1,1018,7,False
2026-05-28,STORE_1,1018,0,False
2026-05-29,STORE_1,1018,11,False
2026-05-30,STORE_1,1018,12,False
2026-05-31,STORE_1,1018,0,True
2026-06-01,STORE_1,1018,5,False
2026-06-02,STORE_1,1018,11,True
2026-06-03,STORE_1,1018,9,False
2026-06-04,STORE_1,1018,8,False
2026-06-05,STORE_1,1018,15,False
2026-06-06,STORE_1,1018,18,False
2026-06-07,STORE_1,1018,13,False
2026-06-08,STORE_1,1018,8,False
2026-06-09,STORE_1,1018,9,False
2026-06-10,STORE_1,1018,7,False
2026-06-11,STORE_1,1018,11,False
2026-06-12,STORE_1,1018,9,False
2026-06-13,STORE_1,1018,9,False
2026-06-14,STORE_1,1018,7,False
2026-06-15,STORE_1,1018,9,False
2026-06-16,STORE_1,1018,10,False
2026-06-17,STORE_1,1018,11,True
2026-06-18,STORE_1,1018,12,False
2026-06-19,STORE_1,1018,9,False
2026-06-20,STORE_1,1018,7,False
2026-06-21,STORE_1,1018,7,False
2026-06-22,STORE_1,1018,8,False
2026-06-23,STORE_1,1018,5,False
2026-06-24,STORE_1,1018,8,False
2026-06-25,STORE_1,1018,8,False
2026-06-26,STORE_1,1018,10,False
2026-06-27,STORE_1,1018,10,False
2026-06-28,STORE_1,1018,8,False
2026-06-29,STORE_1,1018,9,False
2026-06-30,STORE_1,1018,5,False
2026-07-01,STORE_1,1018,12,False
2026-07-02,STORE_1,1018,8,False
2026-07-03,STORE_1,1018,0,False
2026-07-04,STORE_1,1018,11,False
2026-07-05,STORE_1,1018,11,False
2026-07-06,STORE_1,1018,9,False
2026-07-07,STORE_1,1018,10,False
2026-07-08,STORE_1,1018,12,False
2026-07-09,STORE_1,1018,7,False
2026-07-10,STORE_1,1018,13,False
2026-07-11,STORE_1,1018,10,False
2026-07-12,STORE_1,1018,11,False
2026-07-13,STORE_1,1018,9,False
2026-07-14,STORE_1,1018,8,False
2026-07-15,STORE_1,1018,9,False
2026-07-16,STORE_1,1018,9,False
2026-07-17,STORE_1,1018,10,False
2026-07-18,STORE_1,1018,12,False
2026-07-19,STORE_1,1018,15,False
2026-07-20,STORE_1,1018,6,False
2026-07-21,STORE_1,1018,6,False
2026-07-22,STORE_1,1018,6,False
2026-07-23,STORE_1,1018,4,False
2026-07-24,STORE_1,1018,10,False
2026-07-25,STORE_1,1018,14,False
2026-07-26,STORE_1,1018,7,False
2026-07-27,STORE_1,1018,10,False
2026-07-28,STORE_1,1018,8,False
2026-07-29,STORE_1,1018,10,False
2026-07-30,STORE_1,1018,9,False
2026-07-31,STORE_1,1018,0,False
2026-08-01,STORE_1,1018,11,False
2026-08-02,STORE_1,1018,11,False
2026-08-03,STORE_1,1018,9,False
2026-08-04,STORE_1,1018,5,False
2026-08-05,STORE_1,1018,6,False
2026-08-06,STORE_1,1018,0,False
2026-08-07,STORE_1,1018,16,False
2026-08-08,STORE_1,1018,12,False
2026-08-09,STORE_1,1018,10,False
2026-08-10,STORE_1,1018,11,False
2026-08-11,STORE_1,1018,8,False
2026-08-12,STORE_1,1018,7,False
2026-08-13,STORE_1,1018,11,False
2026-08-14,STORE_1,1018,13,False
2026-08-15,STORE_1,1018,13,False
2026-08-16,STORE_1,1018,11,False
2026-08-17,STORE_1,1018,7,False
2026-08-18,STORE_1,1018,8,True
2026-08-19,STORE_1,1018,7,False
2026-08-20,STORE_1,1018,11,False
2026-08-21,STORE_1,1018,10,False
2026-08-22,STORE_1,1018,11,False
2026-08-23,STORE_1,1018,14,True
2026-08-24,STORE_1,1018,6,False
2026-08-25,STORE_1,1018,3,False
2026-08-26,STORE_1,1018,11,False
2026-08-27,STORE_1,1018,9,False
2026-08-28,STORE_1,1018,12,False
2026-08-29,STORE_1,1018,9,False
2026-08-30,STORE_1,1018,11,False
2026-08-31,STORE_1,1018,11,False
2026-09-01,STORE_1,1018,5,False
2026-09-02,STORE_1,1018,5,False
2026-09-03,STORE_1,1018,10,True
2026-09-04,STORE_1,1018,11,False
2026-09-05,STORE_1,1018,9,False
2026-09-06,STORE_1,1018,8,False
2026-09-07,STORE_1,1018,7,False
2026-09-08,STORE_1,1018,5,True
2026-09-09,STORE_1,1018,8,False
2026-09-10,STORE_1,1018,7,False
2026-09-11,STORE_1,1018,16,False
2026-09-12,STORE_1,1018,7,False
2026-09-13,STORE_1,1018,13,False
2026-09-14,STORE_1,1018,6,False
2026-09-15,STORE_1,1018,5,False
2026-09-16,STORE_1,1018,0,True
2026-09-17,STORE_1,1018,9,False
2026-09-18,STORE_1,1018,9,False
2026-09-19,STORE_1,1018,9,False
2026-09-20,STORE_1,1018,10,False
2026-09-21,STORE_1,1018,8,False
2026-09-22,STORE_1,1018,6,False
2026-09-23,STORE_1,1018,10,False
2026-09-24,STORE_1,1018,6,False
2026-09-25,STORE_1,1018,13,False
2026-09-26,STORE_1,1018,17,False
2026-09-27,STORE_1,1018,13,False
2026-09-28,STORE_1,1018,10,False
2026-09-29,STORE_1,1018,5,False
2026-09-30,STORE_1,1018,9,False
2025-10-01,STORE_1,1019,11,False
2025-10-02,STORE_1,1019,18,False
2025-10-03,STORE_1,1019,20,False
2025-10-04,STORE_1,1019,25,False
2025-10-05,STORE_1,1019,12,False
2025-10-06,STORE_1,1019,11,False
2025-10-07,STORE_1,1019,11,False
2025-10-08,STORE_1,1019,16,True
2025-10-09,STORE_1,1019,8,False
2025-10-10,STORE_1,1019,8,False
2025-10-11,STORE_1,1019,13,False
2025-10-12,STORE_1,1019,11,False
2025-10-13,STORE_1,1019,7,False
2025-10-14,STORE_1,1019,10,False
2025-10-15,STORE_1,1019,11,False
2025-10-16,STORE_1,1019,7,False
2025-10-17,STORE_1,1019,17,False
2025-10-18,STORE_1,1019,25,True
2025-10-19,STORE_1,1019,10,False
2025-10-20,STORE_1,1019,10,False
2025-10-21,STORE_1,1019,8,False
2025-10-22,STORE_1,1019,9,False
2025-10-23,STORE_1,1019,12,False
2025-10-24,STORE_1,1019,16,False
2025-10-25,STORE_1,1019,9,False
2025-10-26,STORE_1,1019,11,False
2025-10-27,STORE_1,1019,13,False
2025-10-28,STORE_1,1019,15,False
2025-10-29,STORE_1,1019,14,False
2025-10-30,STORE_1,1019,11,False
2025-10-31,STORE_1,1019,18,True
2025-11-01,STORE_1,1019,13,False
2025-11-02,STORE_1,1019,13,False
2025-11-03,STORE_1,1019,7,False
2025-11-04,STORE_1,1019,6,False
2025-11-05,STORE_1,1019,11,False
2025-11-06,STORE_1,1019,11,False
2025-11-07,STORE_1,1019,17,False
2025-11-08,STORE_1,1019,17,False
2025-11-09,STORE_1,1019,11,False
2025-11-10,STORE_1,1019,13,False
2025-11-11,STORE_1,1019,8,False
2025-11-12,STORE_1,1019,13,False
2025-11-13,STORE_1,1019,10,False
2025-11-14,STORE_1,1019,9,False
2025-11-15,STORE_1,1019,22,False
2025-11-16,STORE_1,1019,11,False
2025-11-17,STORE_1,1019,9,False
2025-11-18,STORE_1,1019,6,False
2025-11-19,STORE_1,1019,10,False
2025-11-20,STORE_1,1019,10,False
2025-11-21,STORE_1,1019,25,False
2025-11-22,STORE_1,1019,23,True
2025-11-23,STORE_1,1019,17,False
2025-11-24,STORE_1,1019,8,False
2025-11-25,STORE_1,1019,12,False
2025-11-26,STORE_1,1019,11,False
2025-11-27,STORE_1,1019,13,False
2025-11-28,STORE_1,1019,0,False
2025-11-29,STORE_1,1019,25,False
2025-11-30,STORE_1,1019,20,False
2025-12-01,STORE_1,1019,17,True
2025-12-02,STORE_1,1019,14,False
2025-12-03,STORE_1,1019,13,False
2025-12-04,STORE_1,1019,15,False
2025-12-05,STORE_1,1019,16,False
2025-12-06,STORE_1,1019,25,False
2025-12-07,STORE_1,1019,15,False
2025-12-08,STORE_1,1019,7,False
2025-12-09,STORE_1,1019,14,True
2025-12-10,STORE_1,1019,11,False
2025-12-11,STORE_1,1019,13,False
2025-12-12,STORE_1,1019,14,False
2025-12-13,STORE_1,1019,19,False
2025-12-14,STORE_1,1019,27,False
2025-12-15,STORE_1,1019,16,False
2025-12-16,STORE_1,1019,16,False
2025-12-17,STORE_1,1019,14,False
2025-12-18,STORE_1,1019,16,False
2025-12-19,STORE_1,1019,19,False
2025-12-20,STORE_1,1019,20,False
2025-12-21,STORE_1,1019,24,False
2025-12-22,STORE_1,1019,0,False
2025-12-23,STORE_1,1019,9,False
2025-12-24,STORE_1,1019,17,False
2025-12-25,STORE_1,1019,19,False
2025-12-26,STORE_1,1019,14,False
2025-12-27,STORE_1,1019,30,False
2025-12-28,STORE_1,1019,14,False
2025-12-29,STORE_1,1019,14,False
2025-12-30,STORE_1,1019,16,False
2025-12-31,STORE_1,1019,14,False
2026-01-01,STORE_1,1019,13,False
2026-01-02,STORE_1,1019,12,False
2026-01-03,STORE_1,1019,23,False
2026-01-04,STORE_1,1019,14,False
2026-01-05,STORE_1,1019,15,False
2026-01-06,STORE_1,1019,5,False
2026-01-07,STORE_1,1019,11,False
2026-01-08,STORE_1,1019,17,False
2026-01-09,STORE_1,1019,11,False
2026-01-10,STORE_1,1019,13,False
2026-01-11,STORE_1,1019,12,False
2026-01-12,STORE_1,1019,8,False
2026-01-13,STORE_1,1019,6,False
2026-01-14,STORE_1,1019,8,False
2026-01-15,STORE_1,1019,13,False
2026-01-16,STORE_1,1019,10,False
2026-01-17,STORE_1,1019,11,False
2026-01-18,STORE_1,1019,11,False
2026-01-19,STORE_1,1019,8,False
2026-01-20,STORE_1,1019,8,False
2026-01-21,STORE_1,1019,10,False
2026-01-22,STORE_1,1019,8,False
2026-01-23,STORE_1,1019,0,False
2026-01-24,STORE_1,1019,11,False
2026-01-25,STORE_1,1019,0,False
2026-01-26,STORE_1,1019,8,False
2026-01-27,STORE_1,1019,6,False
2026-01-28,STORE_1,1019,8,False
2026-01-29,STORE_1,1019,10,False
2026-01-30,STORE_1,1019,8,False
2026-01-31,STORE_1,1019,18,False
2026-02-01,STORE_1,1019,12,False
2026-02-02,STORE_1,1019,8,False
2026-02-03,STORE_1,1019,6,False
2026-02-04,STORE_1,1019,11,False
2026-02-05,STORE_1,1019,0,False
2026-02-06,STORE_1,1019,13,False
2026-02-07,STORE_1,1019,22,False
2026-02-08,STORE_1,1019,11,False
2026-02-09,STORE_1,1019,13,False
2026-02-10,STORE_1,1019,11,False
2026-02-11,STORE_1,1019,9,False
2026-02-12,STORE_1,1019,11,False
2026-02-13,STORE_1,1019,11,False
2026-02-14,STORE_1,1019,20,False
2026-02-15,STORE_1,1019,16,False
2026-02-16,STORE_1,1019,11,False
2026-02-17,STORE_1,1019,11,False
2026-02-18,STORE_1,1019,6,False
2026-02-19,STORE_1,1019,8,False
2026-02-20,STORE_1,1019,20,False
2026-02-21,STORE_1,1019,23,False
2026-02-22,STORE_1,1019,17,False
2026-02-23,STORE_1,1019,14,False
2026-02-24,STORE_1,1019,6,False
2026-02-25,STORE_1,1019,12,False
2026-02-26,STORE_1,1019,13,False
2026-02-27,STORE_1,1019,12,False
2026-02-28,STORE_1,1019,14,False
2026-03-01,STORE_1,1019,6,False
2026-03-02,STORE_1,1019,5,False
2026-03-03,STORE_1,1019,13,False
2026-03-04,STORE_1,1019,12,False
2026-03-05,STORE_1,1019,16,False
2026-03-06,STORE_1,1019,17,False
2026-03-07,STORE_1,1019,10,False
2026-03-08,STORE_1,1019,20,True
2026-03-09,STORE_1,1019,11,False
2026-03-10,STORE_1,1019,9,False
2026-03-11,STORE_1,1019,8,False
2026-03-12,STORE_1,1019,12,True
2026-03-13,STORE_1,1019,18,False
2026-03-14,STORE_1,1019,12,False
2026-03-15,STORE_1,1019,10,False
2026-03-16,STORE_1,1019,8,False
2026-03-17,STORE_1,1019,12,False
2026-03-18,STORE_1,1019,13,False
2026-03-19,STORE_1,1019,10,False
2026-03-20,STORE_1,1019,12,True
2026-03-21,STORE_1,1019,33,True
2026-03-22,STORE_1,1019,13,False
2026-03-23,STORE_1,1019,6,False
2026-03-24,STORE_1,1019,7,False
2026-03-25,STORE_1,1019,12,False
2026-03-26,STORE_1,1019,14,False
2026-03-27,STORE_1,1019,17,False
2026-03-28,STORE_1,1019,13,False
2026-03-29,STORE_1,1019,16,False
2026-03-30,STORE_1,1019,8,False
2026-03-31,STORE_1,1019,10,False
2026-04-01,STORE_1,1019,10,False
2026-04-02,STORE_1,1019,10,False
2026-04-03,STORE_1,1019,16,False
2026-04-04,STORE_1,1019,19,False
2026-04-05,STORE_1,1019,10,False
2026-04-06,STORE_1,1019,10,False
2026-04-07,STORE_1,1019,11,False
2026-04-08,STORE_1,1019,3,False
2026-04-09,STORE_1,1019,12,False
2026-04-10,STORE_1,1019,17,False
2026-04-11,STORE_1,1019,18,False
2026-04-12,STORE_1,1019,15,False
2026-04-13,STORE_1,1019,10,False
2026-04-14,STORE_1,1019,11,False
2026-04-15,STORE_1,1019,7,False
2026-04-16,STORE_1,1019,9,False
2026-04-17,STORE_1,1019,16,False
2026-04-18,STORE_1,1019,19,False
2026-04-19,STORE_1,1019,17,False
2026-04-20,STORE_1,1019,14,False
2026-04-21,STORE_1,1019,13,False
2026-04-22,STORE_1,1019,8,False
2026-04-23,STORE_1,1019,16,True
2026-04-24,STORE_1,1019,19,False
2026-04-25,STORE_1,1019,16,False
2026-04-26,STORE_1,1019,11,False
2026-04-27,STORE_1,1019,11,False
2026-04-28,STORE_1,1019,10,False
2026-04-29,STORE_1,1019,12,False
2026-04-30,STORE_1,1019,14,False
2026-05-01,STORE_1,1019,13,False
2026-05-02,STORE_1,1019,17,False
2026-05-03,STORE_1,1019,10,False
2026-05-04,STORE_1,1019,10,False
2026-05-05,STORE_1,1019,8,False
2026-05-06,STORE_1,1019,6,False
2026-05-07,STORE_1,1019,17,False
2026-05-08,STORE_1,1019,11,False
2026-05-09,STORE_1,1019,28,True
2026-05-10,STORE_1,1019,17,True
2026-05-11,STORE_1,1019,7,False
2026-05-12,STORE_1,1019,16,True
2026-05-13,STORE_1,1019,4,False
2026-05-14,STORE_1,1019,24,True
2026-05-15,STORE_1,1019,13,False
2026-05-16,STORE_1,1019,16,False
2026-05-17,STORE_1,1019,18,False
2026-05-18,STORE_1,1019,10,False
2026-05-19,STORE_1,1019,11,False
2026-05-20,STORE_1,1019,8,False
2026-05-21,STORE_1,1019,15,False
2026-05-22,STORE_1,1019,20,False
2026-05-23,STORE_1,1019,14,False
2026-05-24,STORE_1,1019,13,False
2026-05-25,STORE_1,1019,11,False
2026-05-26,STORE_1,1019,9,False
2026-05-27,STORE_1,1019,10,False
2026-05-28,STORE_1,1019,19,False
2026-05-29,STORE_1,1019,13,False
2026-05-30,STORE_1,1019,23,False
2026-05-31,STORE_1,1019,14,False
2026-06-01,STORE_1,1019,6,False
2026-06-02,STORE_1,1019,10,False
2026-06-03,STORE_1,1019,11,False
2026-06-04,STORE_1,1019,9,True
2026-06-05,STORE_1,1019,13,False
2026-06-06,STORE_1,1019,17,False
2026-06-07,STORE_1,1019,19,False
2026-06-08,STORE_1,1019,7,False
2026-06-09,STORE_1,1019,13,False
2026-06-10,STORE_1,1019,9,False
2026-06-11,STORE_1,1019,11,False
2026-06-12,STORE_1,1019,16,False
2026-06-13,STORE_1,1019,22,False
2026-06-14,STORE_1,1019,11,False
2026-06-15,STORE_1,1019,11,False
2026-06-16,STORE_1,1019,10,False
2026-06-17,STORE_1,1019,10,False
2026-06-18,STORE_1,1019,14,False
2026-06-19,STORE_1,1019,18,True
2026-06-20,STORE_1,1019,14,False
2026-06-21,STORE_1,1019,13,False
2026-06-22,STORE_1,1019,10,False
2026-06-23,STORE_1,1019,11,False
2026-06-24,STORE_1,1019,9,False
2026-06-25,STORE_1,1019,11,False
2026-06-26,STORE_1,1019,10,False
2026-06-27,STORE_1,1019,21,False
2026-06-28,STORE_1,1019,14,False
2026-06-29,STORE_1,1019,9,False
2026-06-30,STORE_1,1019,8,False
2026-07-01,STORE_1,1019,9,False
2026-07-02,STORE_1,1019,10,False
2026-07-03,STORE_1,1019,10,False
2026-07-04,STORE_1,1019,21,False
2026-07-05,STORE_1,1019,12,False
2026-07-06,STORE_1,1019,11,False
2026-07-07,STORE_1,1019,11,False
2026-07-08,STORE_1,1019,0,True
2026-07-09,STORE_1,1019,15,False
2026-07-10,STORE_1,1019,17,False
2026-07-11,STORE_1,1019,0,False
2026-07-12,STORE_1,1019,21,True
2026-07-13,STORE_1,1019,7,False
2026-07-14,STORE_1,1019,8,False
2026-07-15,STORE_1,1019,10,True
2026-07-16,STORE_1,1019,12,False
2026-07-17,STORE_1,1019,15,False
2026-07-18,STORE_1,1019,9,True
2026-07-19,STORE_1,1019,15,False
2026-07-20,STORE_1,1019,13,False
2026-07-21,STORE_1,1019,13,False
2026-07-22,STORE_1,1019,13,False
2026-07-23,STORE_1,1019,11,False
2026-07-24,STORE_1,1019,15,False
2026-07-25,STORE_1,1019,10,False
2026-07-26,STORE_1,1019,10,False
2026-07-27,STORE_1,1019,9,False
2026-07-28,STORE_1,1019,22,True
2026-07-29,STORE_1,1019,0,False
2026-07-30,STORE_1,1019,11,False
2026-07-31,STORE_1,1019,17,False
2026-08-01,STORE_1,1019,17,False
2026-08-02,STORE_1,1019,22,False
2026-08-03,STORE_1,1019,10,False
2026-08-04,STORE_1,1019,8,False
2026-08-05,STORE_1,1019,8,False
2026-08-06,STORE_1,1019,10,False
2026-08-07,STORE_1,1019,10,False
2026-08-08,STORE_1,1019,15,False
2026-08-09,STORE_1,1019,15,True
2026-08-10,STORE_1,1019,15,True
2026-08-11,STORE_1,1019,9,False
2026-08-12,STORE_1,1019,12,False
2026-08-13,STORE_1,1019,10,False
2026-08-14,STORE_1,1019,16,False
2026-08-15,STORE_1,1019,13,False
2026-08-16,STORE_1,1019,13,False
2026-08-17,STORE_1,1019,10,False
2026-08-18,STORE_1,1019,9,False
2026-08-19,STORE_1,1019,13,False
2026-08-20,STORE_1,1019,15,False
2026-08-21,STORE_1,1019,0,False
2026-08-22,STORE_1,1019,20,False
2026-08-23,STORE_1,1019,16,False
2026-08-24,STORE_1,1019,15,False
2026-08-25,STORE_1,1019,13,True
2026-08-26,STORE_1,1019,5,False
2026-08-27,STORE_1,1019,8,False
2026-08-28,STORE_1,1019,0,False
2026-08-29,STORE_1,1019,20,False
2026-08-30,STORE_1,1019,10,False
2026-08-31,STORE_1,1019,11,False
2026-09-01,STORE_1,1019,15,True
2026-09-02,STORE_1,1019,8,False
2026-09-03,STORE_1,1019,11,False
2026-09-04,STORE_1,1019,20,False
2026-09-05,STORE_1,1019,15,False
2026-09-06,STORE_1,1019,20,False
2026-09-07,STORE_1,1019,8,False
2026-09-08,STORE_1,1019,0,False
2026-09-09,STORE_1,1019,8,False
2026-09-10,STORE_1,1019,16,False
2026-09-11,STORE_1,1019,20,False
2026-09-12,STORE_1,1019,17,False
2026-09-13,STORE_1,1019,14,False
2026-09-14,STORE_1,1019,12,True
2026-09-15,STORE_1,1019,9,False
2026-09-16,STORE_1,1019,6,False
2026-09-17,STORE_1,1019,7,False
2026-09-18,STORE_1,1019,9,False
2026-09-19,STORE_1,1019,11,False
2026-09-20,STORE_1,1019,10,False
2026-09-21,STORE_1,1019,11,False
2026-09-22,STORE_1,1019,14,True
2026-09-23,STORE_1,1019,12,False
2026-09-24,STORE_1,1019,10,False
2026-09-25,STORE_1,1019,9,False
2026-09-26,STORE_1,1019,22,False
2026-09-27,STORE_1,1019,15,False
2026-09-28,STORE_1,1019,13,True
2026-09-29,STORE_1,1019,6,False
2026-09-30,STORE_1,1019,15,False
2025-10-01,STORE_1,1020,5,False
2025-10-02,STORE_1,1020,6,False
2025-10-03,STORE_1,1020,12,True
2025-10-04,STORE_1,1020,5,False
2025-10-05,STORE_1,1020,5,False
2025-10-06,STORE_1,1020,3,False
2025-10-07,STORE_1,1020,2,False
2025-10-08,STORE_1,1020,4,False
2025-10-09,STORE_1,1020,3,False
2025-10-10,STORE_1,1020,5,False
2025-10-11,STORE_1,1020,0,False
2025-10-12,STORE_1,1020,5,False
2025-10-13,STORE_1,1020,5,False
2025-10-14,STORE_1,1020,4,False
2025-10-15,STORE_1,1020,4,False
2025-10-16,STORE_1,1020,5,False
2025-10-17,STORE_1,1020,3,False
2025-10-18,STORE_1,1020,7,False
2025-10-19,STORE_1,1020,4,True
2025-10-20,STORE_1,1020,3,False
2025-10-21,STORE_1,1020,5,False
2025-10-22,STORE_1,1020,4,False
2025-10-23,STORE_1,1020,4,False
2025-10-24,STORE_1,1020,3,False
2025-10-25,STORE_1,1020,5,False
2025-10-26,STORE_1,1020,0,False
2025-10-27,STORE_1,1020,5,False
2025-10-28,STORE_1,1020,4,False
2025-10-29,STORE_1,1020,4,False
2025-10-30,STORE_1,1020,3,False
2025-10-31,STORE_1,1020,7,True
2025-11-01,STORE_1,1020,4,False
2025-11-02,STORE_1,1020,4,False
2025-11-03,STORE_1,1020,3,False
2025-11-04,STORE_1,1020,5,True
2025-11-05,STORE_1,1020,4,False
2025-11-06,STORE_1,1020,7,False
2025-11-07,STORE_1,1020,8,False
2025-11-08,STORE_1,1020,8,False
2025-11-09,STORE_1,1020,7,True
2025-11-10,STORE_1,1020,4,False
2025-11-11,STORE_1,1020,7,True
2025-11-12,STORE_1,1020,3,True
2025-11-13,STORE_1,1020,3,False
2025-11-14,STORE_1,1020,6,False
2025-11-15,STORE_1,1020,7,False
2025-11-16,STORE_1,1020,5,False
2025-11-17,STORE_1,1020,5,False
2025-11-18,STORE_1,1020,5,False
2025-11-19,STORE_1,1020,3,False
2025-11-20,STORE_1,1020,5,False
2025-11-21,STORE_1,1020,7,False
2025-11-22,STORE_1,1020,6,False
2025-11-23,STORE_1,1020,8,True
2025-11-24,STORE_1,1020,9,False
2025-11-25,STORE_1,1020,5,False
2025-11-26,STORE_1,1020,4,False
2025-11-27,STORE_1,1020,7,False
2025-11-28,STORE_1,1020,13,True
2025-11-29,STORE_1,1020,6,False
2025-11-30,STORE_1,1020,8,False
2025-12-01,STORE_1,1020,0,False
2025-12-02,STORE_1,1020,6,False
2025-12-03,STORE_1,1020,4,False
2025-12-04,STORE_1,1020,9,False
2025-12-05,STORE_1,1020,4,False
2025-12-06,STORE_1,1020,8,False
2025-12-07,STORE_1,1020,7,False
2025-12-08,STORE_1,1020,5,False
2025-12-09,STORE_1,1020,3,False
2025-12-10,STORE_1,1020,5,False
2025-12-11,STORE_1,1020,7,False
2025-12-12,STORE_1,1020,7,False
2025-12-13,STORE_1,1020,7,False
2025-12-14,STORE_1,1020,9,False
2025-12-15,STORE_1,1020,7,False
2025-12-16,STORE_1,1020,5,False
2025-12-17,STORE_1,1020,6,False
2025-12-18,STORE_1,1020,8,False
2025-12-19,STORE_1,1020,9,False
2025-12-20,STORE_1,1020,9,False
2025-12-21,STORE_1,1020,8,False
2025-12-22,STORE_1,1020,6,False
2025-12-23,STORE_1,1020,5,False
2025-12-24,STORE_1,1020,4,False
2025-12-25,STORE_1,1020,4,False
2025-12-26,STORE_1,1020,9,False
2025-12-27,STORE_1,1020,8,False
2025-12-28,STORE_1,1020,0,False
2025-12-29,STORE_1,1020,5,False
2025-12-30,STORE_1,1020,8,False
2025-12-31,STORE_1,1020,4,False
2026-01-01,STORE_1,1020,3,True
2026-01-02,STORE_1,1020,6,False
2026-01-03,STORE_1,1020,15,True
2026-01-04,STORE_1,1020,4,False
2026-01-05,STORE_1,1020,4,False
2026-01-06,STORE_1,1020,4,False
2026-01-07,STORE_1,1020,2,False
2026-01-08,STORE_1,1020,5,False
2026-01-09,STORE_1,1020,7,False
2026-01-10,STORE_1,1020,7,False
2026-01-11,STORE_1,1020,7,False
2026-01-12,STORE_1,1020,3,False
2026-01-13,STORE_1,1020,6,False
2026-01-14,STORE_1,1020,4,False
2026-01-15,STORE_1,1020,6,False
2026-01-16,STORE_1,1020,6,False
2026-01-17,STORE_1,1020,7,False
2026-01-18,STORE_1,1020,4,False
2026-01-19,STORE_1,1020,0,False
2026-01-20,STORE_1,1020,3,False
2026-01-21,STORE_1,1020,4,False
2026-01-22,STORE_1,1020,5,False
2026-01-23,STORE_1,1020,6,False
2026-01-24,STORE_1,1020,5,False
2026-01-25,STORE_1,1020,5,False
2026-01-26,STORE_1,1020,4,False
2026-01-27,STORE_1,1020,3,False
2026-01-28,STORE_1,1020,4,False
2026-01-29,STORE_1,1020,5,False
2026-01-30,STORE_1,1020,8,False
2026-01-31,STORE_1,1020,8,False
2026-02-01,STORE_1,1020,5,False
2026-02-02,STORE_1,1020,3,False
2026-02-03,STORE_1,1020,5,False
2026-02-04,STORE_1,1020,5,False
2026-02-05,STORE_1,1020,6,False
2026-02-06,STORE_1,1020,7,False
2026-02-07,STORE_1,1020,13,True
2026-02-08,STORE_1,1020,4,False
2026-02-09,STORE_1,1020,4,False
2026-02-10,STORE_1,1020,2,False
2026-02-11,STORE_1,1020,2,False
2026-02-12,STORE_1,1020,4,False
2026-02-13,STORE_1,1020,4,False
2026-02-14,STORE_1,1020,5,False
2026-02-15,STORE_1,1020,8,True
2026-02-16,STORE_1,1020,5,False
2026-02-17,STORE_1,1020,5,False
2026-02-18,STORE_1,1020,5,False
2026-02-19,STORE_1,1020,4,False
2026-02-20,STORE_1,1020,7,False
2026-02-21,STORE_1,1020,8,True
2026-02-22,STORE_1,1020,0,False
2026-02-23,STORE_1,1020,5,False
2026-02-24,STORE_1,1020,3,False
2026-02-25,STORE_1,1020,4,True
2026-02-26,STORE_1,1020,5,False
2026-02-27,STORE_1,1020,4,False
2026-02-28,STORE_1,1020,6,False
2026-03-01,STORE_1,1020,4,False
2026-03-02,STORE_1,1020,4,False
2026-03-03,STORE_1,1020,6,False
2026-03-04,STORE_1,1020,4,False
2026-03-05,STORE_1,1020,3,False
2026-03-06,STORE_1,1020,6,False
2026-03-07,STORE_1,1020,7,False
2026-03-08,STORE_1,1020,5,False
2026-03-09,STORE_1,1020,5,False
2026-03-10,STORE_1,1020,3,False
2026-03-11,STORE_1,1020,5,False
2026-03-12,STORE_1,1020,4,False
2026-03-13,STORE_1,1020,4,False
2026-03-14,STORE_1,1020,8,False
2026-03-15,STORE_1,1020,5,False
2026-03-16,STORE_1,1020,5,False
2026-03-17,STORE_1,1020,2,False
2026-03-18,STORE_1,1020,5,False
2026-03-19,STORE_1,1020,7,False
2026-03-20,STORE_1,1020,4,False
2026-03-21,STORE_1,1020,8,False
2026-03-22,STORE_1,1020,5,True
2026-03-23,STORE_1,1020,0,False
2026-03-24,STORE_1,1020,5,False
2026-03-25,STORE_1,1020,5,False
2026-03-26,STORE_1,1020,6,False
2026-03-27,STORE_1,1020,4,False
2026-03-28,STORE_1,1020,9,False
2026-03-29,STORE_1,1020,6,False
2026-03-30,STORE_1,1020,2,False
2026-03-31,STORE_1,1020,3,False
2026-04-01,STORE_1,1020,4,False
2026-04-02,STORE_1,1020,4,False
2026-04-03,STORE_1,1020,6,False
2026-04-04,STORE_1,1020,11,True
2026-04-05,STORE_1,1020,2,False
2026-04-06,STORE_1,1020,4,False
2026-04-07,STORE_1,1020,3,False
2026-04-08,STORE_1,1020,4,False
2026-04-09,STORE_1,1020,4,False
2026-04-10,STORE_1,1020,3,False
2026-04-11,STORE_1,1020,6,False
2026-04-12,STORE_1,1020,8,False
2026-04-13,STORE_1,1020,3,False
2026-04-14,STORE_1,1020,3,False
2026-04-15,STORE_1,1020,4,False
2026-04-16,STORE_1,1020,4,False
2026-04-17,STORE_1,1020,7,False
2026-04-18,STORE_1,1020,6,False
2026-04-19,STORE_1,1020,5,False
2026-04-20,STORE_1,1020,5,False
2026-04-21,STORE_1,1020,5,False
2026-04-22,STORE_1,1020,4,False
2026-04-23,STORE_1,1020,2,False
2026-04-24,STORE_1,1020,6,False
2026-04-25,STORE_1,1020,6,False
2026-04-26,STORE_1,1020,3,False
2026-04-27,STORE_1,1020,1,False
2026-04-28,STORE_1,1020,6,False
2026-04-29,STORE_1,1020,3,False
2026-04-30,STORE_1,1020,4,False
2026-05-01,STORE_1,1020,10,False
2026-05-02,STORE_1,1020,5,False
2026-05-03,STORE_1,1020,5,False
2026-05-04,STORE_1,1020,6,False
2026-05-05,STORE_1,1020,6,False
2026-05-06,STORE_1,1020,5,False
2026-05-07,STORE_1,1020,6,False
2026-05-08,STORE_1,1020,5,False
2026-05-09,STORE_1,1020,2,False
2026-05-10,STORE_1,1020,7,False
2026-05-11,STORE_1,1020,4,False
2026-05-12,STORE_1,1020,3,False
2026-05-13,STORE_1,1020,4,False
2026-05-14,STORE_1,1020,5,False
2026-05-15,STORE_1,1020,0,False
2026-05-16,STORE_1,1020,6,False
2026-05-17,STORE_1,1020,2,False
2026-05-18,STORE_1,1020,4,False
2026-05-19,STORE_1,1020,4,False
2026-05-20,STORE_1,1020,6,False
2026-05-21,STORE_1,1020,4,True
2026-05-22,STORE_1,1020,6,False
2026-05-23,STORE_1,1020,7,False
2026-05-24,STORE_1,1020,5,False
2026-05-25,STORE_1,1020,4,False
2026-05-26,STORE_1,1020,4,False
2026-05-27,STORE_1,1020,5,False
2026-05-28,STORE_1,1020,5,False
2026-05-29,STORE_1,1020,4,False
2026-05-30,STORE_1,1020,15,True
2026-05-31,STORE_1,1020,7,False
2026-06-01,STORE_1,1020,5,False
2026-06-02,STORE_1,1020,4,False
2026-06-03,STORE_1,1020,5,True
2026-06-04,STORE_1,1020,3,False
2026-06-05,STORE_1,1020,5,False
2026-06-06,STORE_1,1020,3,False
2026-06-07,STORE_1,1020,3,False
2026-06-08,STORE_1,1020,4,False
2026-06-09,STORE_1,1020,3,False
2026-06-10,STORE_1,1020,4,False
2026-06-11,STORE_1,1020,5,False
2026-06-12,STORE_1,1020,7,False
2026-06-13,STORE_1,1020,7,False
2026-06-14,STORE_1,1020,7,False
2026-06-15,STORE_1,1020,3,False
2026-06-16,STORE_1,1020,4,True
2026-06-17,STORE_1,1020,7,False
2026-06-18,STORE_1,1020,7,False
2026-06-19,STORE_1,1020,8,False
2026-06-20,STORE_1,1020,7,False
2026-06-21,STORE_1,1020,5,False
2026-06-22,STORE_1,1020,0,False
2026-06-23,STORE_1,1020,3,False
2026-06-24,STORE_1,1020,3,False
2026-06-25,STORE_1,1020,2,False
2026-06-26,STORE_1,1020,5,False
2026-06-27,STORE_1,1020,7,False
2026-06-28,STORE_1,1020,5,False
2026-06-29,STORE_1,1020,5,False
2026-06-30,STORE_1,1020,4,False
2026-07-01,STORE_1,1020,6,False
2026-07-02,STORE_1,1020,4,False
2026-07-03,STORE_1,1020,3,False
2026-07-04,STORE_1,1020,6,False
2026-07-05,STORE_1,1020,3,False
2026-07-06,STORE_1,1020,4,False
2026-07-07,STORE_1,1020,3,False
2026-07-08,STORE_1,1020,5,False
2026-07-09,STORE_1,1020,5,False
2026-07-10,STORE_1,1020,6,False
2026-07-11,STORE_1,1020,9,False
2026-07-12,STORE_1,1020,6,False
2026-07-13,STORE_1,1020,4,False
2026-07-14,STORE_1,1020,2,False
2026-07-15,STORE_1,1020,4,False
2026-07-16,STORE_1,1020,6,False
2026-07-17,STORE_1,1020,7,False
2026-07-18,STORE_1,1020,8,False
2026-07-19,STORE_1,1020,7,False
2026-07-20,STORE_1,1020,5,False
2026-07-21,STORE_1,1020,5,False
2026-07-22,STORE_1,1020,4,False
2026-07-23,STORE_1,1020,4,False
2026-07-24,STORE_1,1020,5,False
2026-07-25,STORE_1,1020,7,False
2026-07-26,STORE_1,1020,6,False
2026-07-27,STORE_1,1020,4,False
2026-07-28,STORE_1,1020,4,False
2026-07-29,STORE_1,1020,7,False
2026-07-30,STORE_1,1020,6,False
2026-07-31,STORE_1,1020,7,False
2026-08-01,STORE_1,1020,10,True
2026-08-02,STORE_1,1020,6,True
2026-08-03,STORE_1,1020,2,False
2026-08-04,STORE_1,1020,4,False
2026-08-05,STORE_1,1020,7,True
2026-08-06,STORE_1,1020,6,False
2026-08-07,STORE_1,1020,4,False
2026-08-08,STORE_1,1020,6,False
2026-08-09,STORE_1,1020,3,False
2026-08-10,STORE_1,1020,3,False
2026-08-11,STORE_1,1020,5,False
2026-08-12,STORE_1,1020,5,False
2026-08-13,STORE_1,1020,5,False
2026-08-14,STORE_1,1020,5,False
2026-08-15,STORE_1,1020,2,False
2026-08-16,STORE_1,1020,4,False
2026-08-17,STORE_1,1020,4,False
2026-08-18,STORE_1,1020,3,False
2026-08-19,STORE_1,1020,5,False
2026-08-20,STORE_1,1020,7,False
2026-08-21,STORE_1,1020,6,False
2026-08-22,STORE_1,1020,6,True
2026-08-23,STORE_1,1020,6,False
2026-08-24,STORE_1,1020,4,False
2026-08-25,STORE_1,1020,3,False
2026-08-26,STORE_1,1020,4,False
2026-08-27,STORE_1,1020,5,False
2026-08-28,STORE_1,1020,6,False
2026-08-29,STORE_1,1020,8,False
2026-08-30,STORE_1,1020,4,False
2026-08-31,STORE_1,1020,4,False
2026-09-01,STORE_1,1020,5,False
2026-09-02,STORE_1,1020,5,False
2026-09-03,STORE_1,1020,4,False
2026-09-04,STORE_1,1020,8,False
2026-09-05,STORE_1,1020,0,False
2026-09-06,STORE_1,1020,3,False
2026-09-07,STORE_1,1020,8,True
2026-09-08,STORE_1,1020,4,False
2026-09-09,STORE_1,1020,5,True
2026-09-10,STORE_1,1020,5,False
2026-09-11,STORE_1,1020,5,False
2026-09-12,STORE_1,1020,8,False
2026-09-13,STORE_1,1020,4,False
2026-09-14,STORE_1,1020,4,False
2026-09-15,STORE_1,1020,2,True
2026-09-16,STORE_1,1020,4,False
2026-09-17,STORE_1,1020,0,False
2026-09-18,STORE_1,1020,8,False
2026-09-19,STORE_1,1020,9,False
2026-09-20,STORE_1,1020,4,False
2026-09-21,STORE_1,1020,4,False
2026-09-22,STORE_1,1020,2,False
2026-09-23,STORE_1,1020,5,False
2026-09-24,STORE_1,1020,4,False
2026-09-25,STORE_1,1020,6,False
2026-09-26,STORE_1,1020,6,False
2026-09-27,STORE_1,1020,9,False
2026-09-28,STORE_1,1020,0,False
2026-09-29,STORE_1,1020,4,True
2026-09-30,STORE_1,1020,5,False
2025-10-01,STORE_1,1021,11,False
2025-10-02,STORE_1,1021,6,False
2025-10-03,STORE_1,1021,21,False
2025-10-04,STORE_1,1021,11,False
2025-10-05,STORE_1,1021,16,False
2025-10-06,STORE_1,1021,10,False
2025-10-07,STORE_1,1021,5,False
2025-10-08,STORE_1,1021,10,False
2025-10-09,STORE_1,1021,10,False
2025-10-10,STORE_1,1021,9,False
2025-10-11,STORE_1,1021,18,False
2025-10-12,STORE_1,1021,16,False
2025-10-13,STORE_1,1021,10,False
2025-10-14,STORE_1,1021,8,False
2025-10-15,STORE_1,1021,11,False
2025-10-16,STORE_1,1021,4,False
2025-10-17,STORE_1,1021,12,False
2025-10-18,STORE_1,1021,14,False
2025-10-19,STORE_1,1021,13,False
2025-10-20,STORE_1,1021,6,False
2025-10-21,STORE_1,1021,5,False
2025-10-22,STORE_1,1021,7,False
2025-10-23,STORE_1,1021,12,False
2025-10-24,STORE_1,1021,12,False
2025-10-25,STORE_1,1021,12,False
2025-10-26,STORE_1,1021,19,False
2025-10-27,STORE_1,1021,9,False
2025-10-28,STORE_1,1021,9,False
2025-10-29,STORE_1,1021,14,True
2025-10-30,STORE_1,1021,12,False
2025-10-31,STORE_1,1021,13,False
2025-11-01,STORE_1,1021,20,False
2025-11-02,STORE_1,1021,16,False
2025-11-03,STORE_1,1021,11,False
2025-11-04,STORE_1,1021,17,False
2025-11-05,STORE_1,1021,12,True
2025-11-06,STORE_1,1021,7,False
2025-11-07,STORE_1,1021,18,False
2025-11-08,STORE_1,1021,15,False
2025-11-09,STORE_1,1021,11,True
2025-11-10,STORE_1,1021,12,False
2025-11-11,STORE_1,1021,8,False
2025-11-12,STORE_1,1021,9,False
2025-11-13,STORE_1,1021,9,False
2025-11-14,STORE_1,1021,10,False
2025-11-15,STORE_1,1021,17,False
2025-11-16,STORE_1,1021,14,False
2025-11-17,STORE_1,1021,17,True
2025-11-18,STORE_1,1021,15,False
2025-11-19,STORE_1,1021,11,False
2025-11-20,STORE_1,1021,27,True
2025-11-21,STORE_1,1021,22,False
2025-11-22,STORE_1,1021,26,False
2025-11-23,STORE_1,1021,15,False
2025-11-24,STORE_1,1021,14,False
2025-11-25,STORE_1,1021,17,False
2025-11-26,STORE_1,1021,13,False
2025-11-27,STORE_1,1021,16,False
2025-11-28,STORE_1,1021,11,False
2025-11-29,STORE_1,1021,0,False
2025-11-30,STORE_1,1021,7,False
2025-12-01,STORE_1,1021,15,False
2025-12-02,STORE_1,1021,15,False
2025-12-03,STORE_1,1021,10,False
2025-12-04,STORE_1,1021,19,False
2025-12-05,STORE_1,1021,24,False
2025-12-06,STORE_1,1021,25,False
2025-12-07,STORE_1,1021,13,False
2025-12-08,STORE_1,1021,15,False
2025-12-09,STORE_1,1021,14,False
2025-12-10,STORE_1,1021,10,False
2025-12-11,STORE_1,1021,12,False
2025-12-12,STORE_1,1021,22,False
2025-12-13,STORE_1,1021,19,False
2025-12-14,STORE_1,1021,20,False
2025-12-15,STORE_1,1021,12,False
2025-12-16,STORE_1,1021,11,False
2025-12-17,STORE_1,1021,0,False
2025-12-18,STORE_1,1021,16,False
2025-12-19,STORE_1,1021,0,False
2025-12-20,STORE_1,1021,16,False
2025-12-21,STORE_1,1021,22,True
2025-12-22,STORE_1,1021,30,True
2025-12-23,STORE_1,1021,14,False
2025-12-24,STORE_1,1021,17,False
2025-12-25,STORE_1,1021,13,False
2025-12-26,STORE_1,1021,17,False
2025-12-27,STORE_1,1021,22,False
2025-12-28,STORE_1,1021,14,False
2025-12-29,STORE_1,1021,12,False
2025-12-30,STORE_1,1021,15,False
2025-12-31,STORE_1,1021,13,False
2026-01-01,STORE_1,1021,14,False
2026-01-02,STORE_1,1021,17,False
2026-01-03,STORE_1,1021,0,False
2026-01-04,STORE_1,1021,11,False
2026-01-05,STORE_1,1021,7,False
2026-01-06,STORE_1,1021,13,False
2026-01-07,STORE_1,1021,10,False
2026-01-08,STORE_1,1021,9,False
2026-01-09,STORE_1,1021,10,False
2026-01-10,STORE_1,1021,21,False
2026-01-11,STORE_1,1021,16,False
2026-01-12,STORE_1,1021,9,False
2026-01-13,STORE_1,1021,12,False
2026-01-14,STORE_1,1021,17,True
2026-01-15,STORE_1,1021,11,False
2026-01-16,STORE_1,1021,15,False
2026-01-17,STORE_1,1021,16,False
2026-01-18,STORE_1,1021,11,False
2026-01-19,STORE_1,1021,12,False
2026-01-20,STORE_1,1021,7,False
2026-01-21,STORE_1,1021,10,False
2026-01-22,STORE_1,1021,6,False
2026-01-23,STORE_1,1021,18,False
2026-01-24,STORE_1,1021,16,False
2026-01-25,STORE_1,1021,8,False
2026-01-26,STORE_1,1021,14,False
2026-01-27,STORE_1,1021,9,False
2026-01-28,STORE_1,1021,7,False
2026-01-29,STORE_1,1021,17,False
2026-01-30,STORE_1,1021,13,False
2026-01-31,STORE_1,1021,13,False
2026-02-01,STORE_1,1021,14,False
2026-02-02,STORE_1,1021,0,False
2026-02-03,STORE_1,1021,10,False
2026-02-04,STORE_1,1021,7,False
2026-02-05,STORE_1,1021,24,True
2026-02-06,STORE_1,1021,21,True
2026-02-07,STORE_1,1021,14,False
2026-02-08,STORE_1,1021,6,False
2026-02-09,STORE_1,1021,12,False
2026-02-10,STORE_1,1021,9,False
2026-02-11,STORE_1,1021,14,False
2026-02-12,STORE_1,1021,7,False
2026-02-13,STORE_1,1021,12,True
2026-02-14,STORE_1,1021,22,True
2026-02-15,STORE_1,1021,10,False
2026-02-16,STORE_1,1021,15,False
2026-02-17,STORE_1,1021,14,False
2026-02-18,STORE_1,1021,10,False
2026-02-19,STORE_1,1021,12,False
2026-02-20,STORE_1,1021,16,False
2026-02-21,STORE_1,1021,14,False
2026-02-22,STORE_1,1021,19,True
2026-02-23,STORE_1,1021,3,False
2026-02-24,STORE_1,1021,10,False
2026-02-25,STORE_1,1021,0,False
2026-02-26,STORE_1,1021,11,False
2026-02-27,STORE_1,1021,15,False
2026-02-28,STORE_1,1021,18,True
2026-03-01,STORE_1,1021,11,False
2026-03-02,STORE_1,1021,12,False
2026-03-03,STORE_1,1021,7,False
2026-03-04,STORE_1,1021,14,False
2026-03-05,STORE_1,1021,13,False
2026-03-06,STORE_1,1021,18,False
2026-03-07,STORE_1,1021,12,False
2026-03-08,STORE_1,1021,11,False
2026-03-09,STORE_1,1021,10,False
2026-03-10,STORE_1,1021,9,False
2026-03-11,STORE_1,1021,12,False
2026-03-12,STORE_1,1021,11,False
2026-03-13,STORE_1,1021,20,False
2026-03-14,STORE_1,1021,12,False
2026-03-15,STORE_1,1021,9,False
2026-03-16,STORE_1,1021,8,False
2026-03-17,STORE_1,1021,9,False
2026-03-18,STORE_1,1021,13,False
2026-03-19,STORE_1,1021,12,False
2026-03-20,STORE_1,1021,5,False
2026-03-21,STORE_1,1021,7,False
2026-03-22,STORE_1,1021,12,False
2026-03-23,STORE_1,1021,9,False
2026-03-24,STORE_1,1021,0,True
2026-03-25,STORE_1,1021,9,False
2026-03-26,STORE_1,1021,16,False
2026-03-27,STORE_1,1021,17,False
2026-03-28,STORE_1,1021,14,False
2026-03-29,STORE_1,1021,13,False
2026-03-30,STORE_1,1021,9,False
2026-03-31,STORE_1,1021,4,False
2026-04-01,STORE_1,1021,9,False
2026-04-02,STORE_1,1021,10,False
2026-04-03,STORE_1,1021,11,False
2026-04-04,STORE_1,1021,14,False
2026-04-05,STORE_1,1021,12,False
2026-04-06,STORE_1,1021,11,False
2026-04-07,STORE_1,1021,8,False
2026-04-08,STORE_1,1021,13,False
2026-04-09,STORE_1,1021,8,False
2026-04-10,STORE_1,1021,18,False
2026-04-11,STORE_1,1021,17,False
2026-04-12,STORE_1,1021,9,False
2026-04-13,STORE_1,1021,9,False
2026-04-14,STORE_1,1021,13,False
2026-04-15,STORE_1,1021,0,False
2026-04-16,STORE_1,1021,7,False
2026-04-17,STORE_1,1021,16,False
2026-04-18,STORE_1,1021,14,False
2026-04-19,STORE_1,1021,10,False
2026-04-20,STORE_1,1021,7,False
2026-04-21,STORE_1,1021,2,True
2026-04-22,STORE_1,1021,8,False
2026-04-23,STORE_1,1021,11,False
2026-04-24,STORE_1,1021,15,False
2026-04-25,STORE_1,1021,18,False
2026-04-26,STORE_1,1021,14,False
2026-04-27,STORE_1,1021,12,False
2026-04-28,STORE_1,1021,15,False
2026-04-29,STORE_1,1021,11,False
2026-04-30,STORE_1,1021,15,False
2026-05-01,STORE_1,1021,16,False
2026-05-02,STORE_1,1021,25,False
2026-05-03,STORE_1,1021,13,False
2026-05-04,STORE_1,1021,10,False
2026-05-05,STORE_1,1021,12,False
2026-05-06,STORE_1,1021,13,False
2026-05-07,STORE_1,1021,10,False
2026-05-08,STORE_1,1021,20,True
2026-05-09,STORE_1,1021,17,False
2026-05-10,STORE_1,1021,10,False
2026-05-11,STORE_1,1021,14,False
2026-05-12,STORE_1,1021,11,False
2026-05-13,STORE_1,1021,14,False
2026-05-14,STORE_1,1021,11,False
2026-05-15,STORE_1,1021,11,False
2026-05-16,STORE_1,1021,10,False
2026-05-17,STORE_1,1021,12,True
2026-05-18,STORE_1,1021,13,False
2026-05-19,STORE_1,1021,7,False
2026-05-20,STORE_1,1021,13,False
2026-05-21,STORE_1,1021,9,False
2026-05-22,STORE_1,1021,18,False
2026-05-23,STORE_1,1021,23,False
2026-05-24,STORE_1,1021,19,False
2026-05-25,STORE_1,1021,14,False
2026-05-26,STORE_1,1021,22,True
2026-05-27,STORE_1,1021,13,False
2026-05-28,STORE_1,1021,14,False
2026-05-29,STORE_1,1021,13,False
2026-05-30,STORE_1,1021,18,False
2026-05-31,STORE_1,1021,9,False
2026-06-01,STORE_1,1021,13,False
2026-06-02,STORE_1,1021,11,False
2026-06-03,STORE_1,1021,7,False
2026-06-04,STORE_1,1021,13,False
2026-06-05,STORE_1,1021,8,False
2026-06-06,STORE_1,1021,18,False
2026-06-07,STORE_1,1021,7,False
2026-06-08,STORE_1,1021,0,False
2026-06-09,STORE_1,1021,11,False
2026-06-10,STORE_1,1021,14,False
2026-06-11,STORE_1,1021,10,False
2026-06-12,STORE_1,1021,25,True
2026-06-13,STORE_1,1021,16,False
2026-06-14,STORE_1,1021,14,False
2026-06-15,STORE_1,1021,9,False
2026-06-16,STORE_1,1021,7,False
2026-06-17,STORE_1,1021,11,False
2026-06-18,STORE_1,1021,11,False
2026-06-19,STORE_1,1021,15,False
2026-06-20,STORE_1,1021,12,False
2026-06-21,STORE_1,1021,12,False
2026-06-22,STORE_1,1021,11,False
2026-06-23,STORE_1,1021,10,False
2026-06-24,STORE_1,1021,7,False
2026-06-25,STORE_1,1021,15,False
2026-06-26,STORE_1,1021,29,True
2026-06-27,STORE_1,1021,14,False
2026-06-28,STORE_1,1021,12,False
2026-06-29,STORE_1,1021,10,False
2026-06-30,STORE_1,1021,11,False
2026-07-01,STORE_1,1021,9,False
2026-07-02,STORE_1,1021,11,False
2026-07-03,STORE_1,1021,19,False
2026-07-04,STORE_1,1021,20,False
2026-07-05,STORE_1,1021,21,True
2026-07-06,STORE_1,1021,0,False
2026-07-07,STORE_1,1021,3,False
2026-07-08,STORE_1,1021,11,False
2026-07-09,STORE_1,1021,14,False
2026-07-10,STORE_1,1021,13,False
2026-07-11,STORE_1,1021,22,False
2026-07-12,STORE_1,1021,19,False
2026-07-13,STORE_1,1021,6,False
2026-07-14,STORE_1,1021,7,False
2026-07-15,STORE_1,1021,13,False
2026-07-16,STORE_1,1021,14,False
2026-07-17,STORE_1,1021,8,False
2026-07-18,STORE_1,1021,10,False
2026-07-19,STORE_1,1021,15,False
2026-07-20,STORE_1,1021,0,False
2026-07-21,STORE_1,1021,11,False
2026-07-22,STORE_1,1021,10,False
2026-07-23,STORE_1,1021,16,True
2026-07-24,STORE_1,1021,11,False
2026-07-25,STORE_1,1021,21,False
2026-07-26,STORE_1,1021,14,False
2026-07-27,STORE_1,1021,8,False
2026-07-28,STORE_1,1021,9,False
2026-07-29,STORE_1,1021,13,False
2026-07-30,STORE_1,1021,14,False
2026-07-31,STORE_1,1021,15,False
2026-08-01,STORE_1,1021,24,True
2026-08-02,STORE_1,1021,0,False
2026-08-03,STORE_1,1021,11,False
2026-08-04,STORE_1,1021,10,False
2026-08-05,STORE_1,1021,0,False
2026-08-06,STORE_1,1021,12,False
2026-08-07,STORE_1,1021,18,False
2026-08-08,STORE_1,1021,17,False
2026-08-09,STORE_1,1021,16,False
2026-08-10,STORE_1,1021,7,False
2026-08-11,STORE_1,1021,11,False
2026-08-12,STORE_1,1021,11,False
2026-08-13,STORE_1,1021,10,False
2026-08-14,STORE_1,1021,18,False
2026-08-15,STORE_1,1021,24,False
2026-08-16,STORE_1,1021,0,False
2026-08-17,STORE_1,1021,5,False
2026-08-18,STORE_1,1021,8,False
2026-08-19,STORE_1,1021,12,False
2026-08-20,STORE_1,1021,14,False
2026-08-21,STORE_1,1021,14,False
2026-08-22,STORE_1,1021,13,True
2026-08-23,STORE_1,1021,0,False
2026-08-24,STORE_1,1021,12,False
2026-08-25,STORE_1,1021,9,False
2026-08-26,STORE_1,1021,14,False
2026-08-27,STORE_1,1021,17,False
2026-08-28,STORE_1,1021,14,False
2026-08-29,STORE_1,1021,18,False
2026-08-30,STORE_1,1021,13,False
2026-08-31,STORE_1,1021,13,True
2026-09-01,STORE_1,1021,10,False
2026-09-02,STORE_1,1021,20,True
2026-09-03,STORE_1,1021,19,False
2026-09-04,STORE_1,1021,18,False
2026-09-05,STORE_1,1021,22,False
2026-09-06,STORE_1,1021,14,False
2026-09-07,STORE_1,1021,11,False
2026-09-08,STORE_1,1021,11,True
2026-09-09,STORE_1,1021,11,False
2026-09-10,STORE_1,1021,14,False
2026-09-11,STORE_1,1021,17,False
2026-09-12,STORE_1,1021,18,False
2026-09-13,STORE_1,1021,10,False
2026-09-14,STORE_1,1021,13,False
2026-09-15,STORE_1,1021,8,False
2026-09-16,STORE_1,1021,11,False
2026-09-17,STORE_1,1021,13,False
2026-09-18,STORE_1,1021,19,False
2026-09-19,STORE_1,1021,24,False
2026-09-20,STORE_1,1021,12,False
2026-09-21,STORE_1,1021,11,False
2026-09-22,STORE_1,1021,0,False
2026-09-23,STORE_1,1021,8,False
2026-09-24,STORE_1,1021,13,True
2026-09-25,STORE_1,1021,11,False
2026-09-26,STORE_1,1021,11,False
2026-09-27,STORE_1,1021,7,False
2026-09-28,STORE_1,1021,8,False
2026-09-29,STORE_1,1021,12,False
2026-09-30,STORE_1,1021,0,False
2025-10-01,STORE_1,1022,21,False
2025-10-02,STORE_1,1022,15,False
2025-10-03,STORE_1,1022,27,False
2025-10-04,STORE_1,1022,34,False
2025-10-05,STORE_1,1022,21,False
2025-10-06,STORE_1,1022,13,False
2025-10-07,STORE_1,1022,12,False
2025-10-08,STORE_1,1022,11,False
2025-10-09,STORE_1,1022,28,True
2025-10-10,STORE_1,1022,23,True
2025-10-11,STORE_1,1022,23,False
2025-10-12,STORE_1,1022,32,False
2025-10-13,STORE_1,1022,19,False
2025-10-14,STORE_1,1022,13,False
2025-10-15,STORE_1,1022,28,False
2025-10-16,STORE_1,1022,20,False
2025-10-17,STORE_1,1022,27,True
2025-10-18,STORE_1,1022,30,False
2025-10-19,STORE_1,1022,20,False
2025-10-20,STORE_1,1022,26,True
2025-10-21,STORE_1,1022,16,False
2025-10-22,STORE_1,1022,21,False
2025-10-23,STORE_1,1022,20,False
2025-10-24,STORE_1,1022,21,False
2025-10-25,STORE_1,1022,23,False
2025-10-26,STORE_1,1022,28,False
2025-10-27,STORE_1,1022,14,True
2025-10-28,STORE_1,1022,19,False
2025-10-29,STORE_1,1022,15,False
2025-10-30,STORE_1,1022,23,False
2025-10-31,STORE_1,1022,19,False
2025-11-01,STORE_1,1022,35,False
2025-11-02,STORE_1,1022,31,False
2025-11-03,STORE_1,1022,22,True
2025-11-04,STORE_1,1022,17,False
2025-11-05,STORE_1,1022,22,False
2025-11-06,STORE_1,1022,24,False
2025-11-07,STORE_1,1022,21,False
2025-11-08,STORE_1,1022,53,True
2025-11-09,STORE_1,1022,21,False
2025-11-10,STORE_1,1022,23,False
2025-11-11,STORE_1,1022,15,False
2025-11-12,STORE_1,1022,15,False
2025-11-13,STORE_1,1022,18,False
2025-11-14,STORE_1,1022,25,False
2025-11-15,STORE_1,1022,23,False
2025-11-16,STORE_1,1022,21,False
2025-11-17,STORE_1,1022,14,False
2025-11-18,STORE_1,1022,17,False
2025-11-19,STORE_1,1022,36,True
2025-11-20,STORE_1,1022,28,False
2025-11-21,STORE_1,1022,30,False
2025-11-22,STORE_1,1022,35,False
2025-11-23,STORE_1,1022,24,False
2025-11-24,STORE_1,1022,22,False
2025-11-25,STORE_1,1022,29,False
2025-11-26,STORE_1,1022,23,False
2025-11-27,STORE_1,1022,31,False
2025-11-28,STORE_1,1022,38,False
2025-11-29,STORE_1,1022,54,False
2025-11-30,STORE_1,1022,35,False
2025-12-01,STORE_1,1022,0,False
2025-12-02,STORE_1,1022,18,False
2025-12-03,STORE_1,1022,25,False
2025-12-04,STORE_1,1022,26,False
2025-12-05,STORE_1,1022,11,False
2025-12-06,STORE_1,1022,65,True
2025-12-07,STORE_1,1022,37,False
2025-12-08,STORE_1,1022,8,False
2025-12-09,STORE_1,1022,19,False
2025-12-10,STORE_1,1022,25,False
2025-12-11,STORE_1,1022,23,False
2025-12-12,STORE_1,1022,23,True
2025-12-13,STORE_1,1022,22,False
2025-12-14,STORE_1,1022,29,False
2025-12-15,STORE_1,1022,22,False
2025-12-16,STORE_1,1022,16,False
2025-12-17,STORE_1,1022,17,False
2025-12-18,STORE_1,1022,15,False
2025-12-19,STORE_1,1022,26,False
2025-12-20,STORE_1,1022,42,False
2025-12-21,STORE_1,1022,34,False
2025-12-22,STORE_1,1022,34,True
2025-12-23,STORE_1,1022,30,False
2025-12-24,STORE_1,1022,24,False
2025-12-25,STORE_1,1022,18,False
2025-12-26,STORE_1,1022,27,False
2025-12-27,STORE_1,1022,55,True
2025-12-28,STORE_1,1022,24,False
2025-12-29,STORE_1,1022,20,False
2025-12-30,STORE_1,1022,23,False
2025-12-31,STORE_1,1022,21,False
2026-01-01,STORE_1,1022,28,False
2026-01-02,STORE_1,1022,25,False
2026-01-03,STORE_1,1022,28,False
2026-01-04,STORE_1,1022,20,False
2026-01-05,STORE_1,1022,22,False
2026-01-06,STORE_1,1022,8,False
2026-01-07,STORE_1,1022,16,False
2026-01-08,STORE_1,1022,24,False
2026-01-09,STORE_1,1022,29,False
2026-01-10,STORE_1,1022,17,False
2026-01-11,STORE_1,1022,26,False
2026-01-12,STORE_1,1022,13,False
2026-01-13,STORE_1,1022,14,False
2026-01-14,STORE_1,1022,21,False
2026-01-15,STORE_1,1022,18,False
2026-01-16,STORE_1,1022,15,False
2026-01-17,STORE_1,1022,19,False
2026-01-18,STORE_1,1022,22,False
2026-01-19,STORE_1,1022,16,False
2026-01-20,STORE_1,1022,15,False
2026-01-21,STORE_1,1022,25,True
2026-01-22,STORE_1,1022,15,False
2026-01-23,STORE_1,1022,23,False
2026-01-24,STORE_1,1022,0,False
2026-01-25,STORE_1,1022,27,False
2026-01-26,STORE_1,1022,20,False
2026-01-27,STORE_1,1022,17,False
2026-01-28,STORE_1,1022,15,False
2026-01-29,STORE_1,1022,24,False
2026-01-30,STORE_1,1022,22,False
2026-01-31,STORE_1,1022,25,False
2026-02-01,STORE_1,1022,31,False
2026-02-02,STORE_1,1022,13,False
2026-02-03,STORE_1,1022,13,False
2026-02-04,STORE_1,1022,16,False
2026-02-05,STORE_1,1022,14,False
2026-02-06,STORE_1,1022,18,False
2026-02-07,STORE_1,1022,38,False
2026-02-08,STORE_1,1022,21,False
2026-02-09,STORE_1,1022,19,False
2026-02-10,STORE_1,1022,11,False
2026-02-11,STORE_1,1022,13,False
2026-02-12,STORE_1,1022,28,False
2026-02-13,STORE_1,1022,18,False
2026-02-14,STORE_1,1022,29,False
2026-02-15,STORE_1,1022,8,False
2026-02-16,STORE_1,1022,11,False
2026-02-17,STORE_1,1022,15,False
2026-02-18,STORE_1,1022,21,False
2026-02-19,STORE_1,1022,19,False
2026-02-20,STORE_1,1022,23,False
2026-02-21,STORE_1,1022,43,True
2026-02-22,STORE_1,1022,29,False
2026-02-23,STORE_1,1022,13,False
2026-02-24,STORE_1,1022,18,True
2026-02-25,STORE_1,1022,16,False
2026-02-26,STORE_1,1022,17,False
2026-02-27,STORE_1,1022,37,True
2026-02-28,STORE_1,1022,25,False
2026-03-01,STORE_1,1022,19,False
2026-03-02,STORE_1,1022,16,False
2026-03-03,STORE_1,1022,17,False
2026-03-04,STORE_1,1022,15,False
2026-03-05,STORE_1,1022,22,False
2026-03-06,STORE_1,1022,27,False
2026-03-07,STORE_1,1022,12,False
2026-03-08,STORE_1,1022,26,False
2026-03-09,STORE_1,1022,16,False
2026-03-10,STORE_1,1022,8,False
2026-03-11,STORE_1,1022,16,False
2026-03-12,STORE_1,1022,15,False
2026-03-13,STORE_1,1022,29,False
2026-03-14,STORE_1,1022,34,False
2026-03-15,STORE_1,1022,18,False
2026-03-16,STORE_1,1022,13,False
2026-03-17,STORE_1,1022,19,False
2026-03-18,STORE_1,1022,19,False
2026-03-19,STORE_1,1022,21,False
2026-03-20,STORE_1,1022,18,False
2026-03-21,STORE_1,1022,23,False
2026-03-22,STORE_1,1022,15,False
2026-03-23,STORE_1,1022,11,False
2026-03-24,STORE_1,1022,22,False
2026-03-25,STORE_1,1022,27,True
2026-03-26,STORE_1,1022,32,False
2026-03-27,STORE_1,1022,15,False
2026-03-28,STORE_1,1022,37,False
2026-03-29,STORE_1,1022,27,False
2026-03-30,STORE_1,1022,18,False
2026-03-31,STORE_1,1022,20,True
2026-04-01,STORE_1,1022,11,False
2026-04-02,STORE_1,1022,20,False
2026-04-03,STORE_1,1022,24,False
2026-04-04,STORE_1,1022,24,False
2026-04-05,STORE_1,1022,16,False
2026-04-06,STORE_1,1022,22,False
2026-04-07,STORE_1,1022,15,False
2026-04-08,STORE_1,1022,19,False
2026-04-09,STORE_1,1022,26,True
2026-04-10,STORE_1,1022,22,False
2026-04-11,STORE_1,1022,17,False
2026-04-12,STORE_1,1022,23,False
2026-04-13,STORE_1,1022,18,False
2026-04-14,STORE_1,1022,9,False
2026-04-15,STORE_1,1022,12,False
2026-04-16,STORE_1,1022,20,True
2026-04-17,STORE_1,1022,27,False
2026-04-18,STORE_1,1022,33,False
2026-04-19,STORE_1,1022,20,False
2026-04-20,STORE_1,1022,20,False
2026-04-21,STORE_1,1022,23,False
2026-04-22,STORE_1,1022,18,False
2026-04-23,STORE_1,1022,17,False
2026-04-24,STORE_1,1022,21,False
2026-04-25,STORE_1,1022,22,False
2026-04-26,STORE_1,1022,0,False
2026-04-27,STORE_1,1022,12,False
2026-04-28,STORE_1,1022,29,True
2026-04-29,STORE_1,1022,17,False
2026-04-30,STORE_1,1022,16,False
2026-05-01,STORE_1,1022,14,False
2026-05-02,STORE_1,1022,32,False
2026-05-03,STORE_1,1022,20,False
2026-05-04,STORE_1,1022,22,False
2026-05-05,STORE_1,1022,17,False
2026-05-06,STORE_1,1022,18,False
2026-05-07,STORE_1,1022,0,False
2026-05-08,STORE_1,1022,25,False
2026-05-09,STORE_1,1022,32,False
2026-05-10,STORE_1,1022,31,False
2026-05-11,STORE_1,1022,9,False
2026-05-12,STORE_1,1022,22,True
2026-05-13,STORE_1,1022,8,False
2026-05-14,STORE_1,1022,21,True
2026-05-15,STORE_1,1022,14,False
2026-05-16,STORE_1,1022,31,False
2026-05-17,STORE_1,1022,25,False
2026-05-18,STORE_1,1022,17,False
2026-05-19,STORE_1,1022,13,False
2026-05-20,STORE_1,1022,23,False
2026-05-21,STORE_1,1022,14,False
2026-05-22,STORE_1,1022,21,False
2026-05-23,STORE_1,1022,25,False
2026-05-24,STORE_1,1022,21,False
2026-05-25,STORE_1,1022,0,False
2026-05-26,STORE_1,1022,14,False
2026-05-27,STORE_1,1022,23,False
2026-05-28,STORE_1,1022,9,False
2026-05-29,STORE_1,1022,20,False
2026-05-30,STORE_1,1022,19,False
2026-05-31,STORE_1,1022,27,False
2026-06-01,STORE_1,1022,15,False
2026-06-02,STORE_1,1022,17,False
2026-06-03,STORE_1,1022,17,False
2026-06-04,STORE_1,1022,18,False
2026-06-05,STORE_1,1022,27,False
2026-06-06,STORE_1,1022,29,False
2026-06-07,STORE_1,1022,23,False
2026-06-08,STORE_1,1022,13,False
2026-06-09,STORE_1,1022,16,False
2026-06-10,STORE_1,1022,15,False
2026-06-11,STORE_1,1022,23,False
2026-06-12,STORE_1,1022,32,False
2026-06-13,STORE_1,1022,19,False
2026-06-14,STORE_1,1022,22,False
2026-06-15,STORE_1,1022,14,False
2026-06-16,STORE_1,1022,0,False
2026-06-17,STORE_1,1022,11,False
2026-06-18,STORE_1,1022,0,True
2026-06-19,STORE_1,1022,20,False
2026-06-20,STORE_1,1022,27,False
2026-06-21,STORE_1,1022,20,False
2026-06-22,STORE_1,1022,10,False
2026-06-23,STORE_1,1022,16,False
2026-06-24,STORE_1,1022,36,True
2026-06-25,STORE_1,1022,20,False
2026-06-26,STORE_1,1022,26,False
2026-06-27,STORE_1,1022,35,False
2026-06-28,STORE_1,1022,38,True
2026-06-29,STORE_1,1022,14,False
2026-06-30,STORE_1,1022,13,False
2026-07-01,STORE_1,1022,16,False
2026-07-02,STORE_1,1022,18,False
2026-07-03,STORE_1,1022,30,False
2026-07-04,STORE_1,1022,40,False
2026-07-05,STORE_1,1022,29,False
2026-07-06,STORE_1,1022,22,False
2026-07-07,STORE_1,1022,17,False
2026-07-08,STORE_1,1022,27,False
2026-07-09,STORE_1,1022,22,False
2026-07-10,STORE_1,1022,0,False
2026-07-11,STORE_1,1022,27,False
2026-07-12,STORE_1,1022,20,False
2026-07-13,STORE_1,1022,13,False
2026-07-14,STORE_1,1022,17,False
2026-07-15,STORE_1,1022,21,False
2026-07-16,STORE_1,1022,21,False
2026-07-17,STORE_1,1022,22,False
2026-07-18,STORE_1,1022,28,False
2026-07-19,STORE_1,1022,19,False
2026-07-20,STORE_1,1022,20,False
2026-07-21,STORE_1,1022,20,False
2026-07-22,STORE_1,1022,21,False
2026-07-23,STORE_1,1022,18,False
2026-07-24,STORE_1,1022,21,False
2026-07-25,STORE_1,1022,34,False
2026-07-26,STORE_1,1022,21,False
2026-07-27,STORE_1,1022,18,False
2026-07-28,STORE_1,1022,17,False
2026-07-29,STORE_1,1022,17,False
2026-07-30,STORE_1,1022,23,False
2026-07-31,STORE_1,1022,16,False
2026-08-01,STORE_1,1022,30,False
2026-08-02,STORE_1,1022,34,False
2026-08-03,STORE_1,1022,14,False
2026-08-04,STORE_1,1022,15,False
2026-08-05,STORE_1,1022,18,False
2026-08-06,STORE_1,1022,12,False
2026-08-07,STORE_1,1022,23,False
2026-08-08,STORE_1,1022,25,False
2026-08-09,STORE_1,1022,22,False
2026-08-10,STORE_1,1022,16,False
2026-08-11,STORE_1,1022,17,False
2026-08-12,STORE_1,1022,15,False
2026-08-13,STORE_1,1022,19,False
2026-08-14,STORE_1,1022,25,False
2026-08-15,STORE_1,1022,34,False
2026-08-16,STORE_1,1022,29,False
2026-08-17,STORE_1,1022,28,True
2026-08-18,STORE_1,1022,22,False
2026-08-19,STORE_1,1022,20,False
2026-08-20,STORE_1,1022,28,False
2026-08-21,STORE_1,1022,19,False
2026-08-22,STORE_1,1022,27,False
2026-08-23,STORE_1,1022,21,False
2026-08-24,STORE_1,1022,19,False
2026-08-25,STORE_1,1022,17,False
2026-08-26,STORE_1,1022,13,False
2026-08-27,STORE_1,1022,0,False
2026-08-28,STORE_1,1022,29,False
2026-08-29,STORE_1,1022,29,False
2026-08-30,STORE_1,1022,26,False
2026-08-31,STORE_1,1022,14,False
2026-09-01,STORE_1,1022,11,False
2026-09-02,STORE_1,1022,21,True
2026-09-03,STORE_1,1022,16,False
2026-09-04,STORE_1,1022,36,False
2026-09-05,STORE_1,1022,18,False
2026-09-06,STORE_1,1022,23,False
2026-09-07,STORE_1,1022,25,False
2026-09-08,STORE_1,1022,13,False
2026-09-09,STORE_1,1022,21,False
2026-09-10,STORE_1,1022,16,False
2026-09-11,STORE_1,1022,28,False
2026-09-12,STORE_1,1022,22,False
2026-09-13,STORE_1,1022,0,False
2026-09-14,STORE_1,1022,12,False
2026-09-15,STORE_1,1022,13,False
2026-09-16,STORE_1,1022,17,False
2026-09-17,STORE_1,1022,21,False
2026-09-18,STORE_1,1022,25,False
2026-09-19,STORE_1,1022,15,False
2026-09-20,STORE_1,1022,17,False
2026-09-21,STORE_1,1022,18,False
2026-09-22,STORE_1,1022,18,False
2026-09-23,STORE_1,1022,16,False
2026-09-24,STORE_1,1022,22,False
2026-09-25,STORE_1,1022,28,False
2026-09-26,STORE_1,1022,41,False
2026-09-27,STORE_1,1022,25,True
2026-09-28,STORE_1,1022,15,False
2026-09-29,STORE_1,1022,21,False
2026-09-30,STORE_1,1022,21,False
2025-10-01,STORE_1,1023,10,False
2025-10-02,STORE_1,1023,14,False
2025-10-03,STORE_1,1023,17,False
2025-10-04,STORE_1,1023,19,False
2025-10-05,STORE_1,1023,22,True
2025-10-06,STORE_1,1023,9,False
2025-10-07,STORE_1,1023,5,False
2025-10-08,STORE_1,1023,12,True
2025-10-09,STORE_1,1023,14,False
2025-10-10,STORE_1,1023,16,False
2025-10-11,STORE_1,1023,16,True
2025-10-12,STORE_1,1023,12,False
2025-10-13,STORE_1,1023,9,False
2025-10-14,STORE_1,1023,13,False
2025-10-15,STORE_1,1023,11,False
2025-10-16,STORE_1,1023,13,True
2025-10-17,STORE_1,1023,16,False
2025-10-18,STORE_1,1023,20,False
2025-10-19,STORE_1,1023,11,False
2025-10-20,STORE_1,1023,12,False
2025-10-21,STORE_1,1023,15,False
2025-10-22,STORE_1,1023,20,True
2025-10-23,STORE_1,1023,13,False
2025-10-24,STORE_1,1023,12,False
2025-10-25,STORE_1,1023,18,False
2025-10-26,STORE_1,1023,20,False
2025-10-27,STORE_1,1023,8,False
2025-10-28,STORE_1,1023,0,False
2025-10-29,STORE_1,1023,4,False
2025-10-30,STORE_1,1023,11,False
2025-10-31,STORE_1,1023,23,False
2025-11-01,STORE_1,1023,17,False
2025-11-02,STORE_1,1023,17,False
2025-11-03,STORE_1,1023,15,False
2025-11-04,STORE_1,1023,13,True
2025-11-05,STORE_1,1023,10,False
2025-11-06,STORE_1,1023,11,False
2025-11-07,STORE_1,1023,8,False
2025-11-08,STORE_1,1023,20,False
2025-11-09,STORE_1,1023,9,False
2025-11-10,STORE_1,1023,14,False
2025-11-11,STORE_1,1023,0,False
2025-11-12,STORE_1,1023,8,False
2025-11-13,STORE_1,1023,0,False
2025-11-14,STORE_1,1023,13,False
2025-11-15,STORE_1,1023,16,False
2025-11-16,STORE_1,1023,13,False
2025-11-17,STORE_1,1023,12,False
2025-11-18,STORE_1,1023,14,False
2025-11-19,STORE_1,1023,10,False
2025-11-20,STORE_1,1023,8,False
2025-11-21,STORE_1,1023,27,False
2025-11-22,STORE_1,1023,27,False
2025-11-23,STORE_1,1023,14,False
2025-11-24,STORE_1,1023,10,False
2025-11-25,STORE_1,1023,15,False
2025-11-26,STORE_1,1023,23,True
2025-11-27,STORE_1,1023,18,False
2025-11-28,STORE_1,1023,24,False
2025-11-29,STORE_1,1023,28,False
2025-11-30,STORE_1,1023,0,False
2025-12-01,STORE_1,1023,0,False
2025-12-02,STORE_1,1023,6,False
2025-12-03,STORE_1,1023,21,False
2025-12-04,STORE_1,1023,19,False
2025-12-05,STORE_1,1023,19,False
2025-12-06,STORE_1,1023,32,False
2025-12-07,STORE_1,1023,20,False
2025-12-08,STORE_1,1023,12,False
2025-12-09,STORE_1,1023,17,False
2025-12-10,STORE_1,1023,14,False
2025-12-11,STORE_1,1023,13,False
2025-12-12,STORE_1,1023,16,False
2025-12-13,STORE_1,1023,37,True
2025-12-14,STORE_1,1023,14,False
2025-12-15,STORE_1,1023,14,False
2025-12-16,STORE_1,1023,11,False
2025-12-17,STORE_1,1023,9,False
2025-12-18,STORE_1,1023,17,False
2025-12-19,STORE_1,1023,25,False
2025-12-20,STORE_1,1023,24,True
2025-12-21,STORE_1,1023,15,False
2025-12-22,STORE_1,1023,12,False
2025-12-23,STORE_1,1023,26,True
2025-12-24,STORE_1,1023,26,False
2025-12-25,STORE_1,1023,26,False
2025-12-26,STORE_1,1023,21,False
2025-12-27,STORE_1,1023,0,False
2025-12-28,STORE_1,1023,19,False
2025-12-29,STORE_1,1023,13,False
2025-12-30,STORE_1,1023,15,False
2025-12-31,STORE_1,1023,0,False
2026-01-01,STORE_1,1023,16,False
2026-01-02,STORE_1,1023,26,False
2026-01-03,STORE_1,1023,23,False
2026-01-04,STORE_1,1023,14,False
2026-01-05,STORE_1,1023,7,False
2026-01-06,STORE_1,1023,13,False
2026-01-07,STORE_1,1023,7,False
2026-01-08,STORE_1,1023,11,False
2026-01-09,STORE_1,1023,16,False
2026-01-10,STORE_1,1023,11,False
2026-01-11,STORE_1,1023,11,False
2026-01-12,STORE_1,1023,12,True
2026-01-13,STORE_1,1023,12,False
2026-01-14,STORE_1,1023,16,True
2026-01-15,STORE_1,1023,7,False
2026-01-16,STORE_1,1023,18,False
2026-01-17,STORE_1,1023,14,False
2026-01-18,STORE_1,1023,13,False
2026-01-19,STORE_1,1023,11,False
2026-01-20,STORE_1,1023,7,False
2026-01-21,STORE_1,1023,9,False
2026-01-22,STORE_1,1023,18,False
2026-01-23,STORE_1,1023,14,False
2026-01-24,STORE_1,1023,18,False
2026-01-25,STORE_1,1023,15,False
2026-01-26,STORE_1,1023,15,False
2026-01-27,STORE_1,1023,13,False
2026-01-28,STORE_1,1023,3,False
2026-01-29,STORE_1,1023,9,False
2026-01-30,STORE_1,1023,21,False
2026-01-31,STORE_1,1023,26,False
2026-02-01,STORE_1,1023,25,True
2026-02-02,STORE_1,1023,12,False
2026-02-03,STORE_1,1023,10,False
2026-02-04,STORE_1,1023,12,False
2026-02-05,STORE_1,1023,17,False
2026-02-06,STORE_1,1023,14,False
2026-02-07,STORE_1,1023,24,False
2026-02-08,STORE_1,1023,7,False
2026-02-09,STORE_1,1023,9,False
2026-02-10,STORE_1,1023,10,False
2026-02-11,STORE_1,1023,11,False
2026-02-12,STORE_1,1023,15,False
2026-02-13,STORE_1,1023,20,False
2026-02-14,STORE_1,1023,17,False
2026-02-15,STORE_1,1023,16,False
2026-02-16,STORE_1,1023,10,False
2026-02-17,STORE_1,1023,12,False
2026-02-18,STORE_1,1023,13,False
2026-02-19,STORE_1,1023,14,False
2026-02-20,STORE_1,1023,16,False
2026-02-21,STORE_1,1023,17,False
2026-02-22,STORE_1,1023,18,False
2026-02-23,STORE_1,1023,15,False
2026-02-24,STORE_1,1023,12,False
2026-02-25,STORE_1,1023,12,False
2026-02-26,STORE_1,1023,14,False
2026-02-27,STORE_1,1023,9,False
2026-02-28,STORE_1,1023,26,False
2026-03-01,STORE_1,1023,16,False
2026-03-02,STORE_1,1023,11,False
2026-03-03,STORE_1,1023,12,False
2026-03-04,STORE_1,1023,13,False
2026-03-05,STORE_1,1023,15,False
2026-03-06,STORE_1,1023,19,False
2026-03-07,STORE_1,1023,17,False
2026-03-08,STORE_1,1023,11,False
2026-03-09,STORE_1,1023,9,False
2026-03-10,STORE_1,1023,15,False
2026-03-11,STORE_1,1023,0,False
2026-03-12,STORE_1,1023,18,False
2026-03-13,STORE_1,1023,16,False
2026-03-14,STORE_1,1023,14,False
2026-03-15,STORE_1,1023,22,False
2026-03-16,STORE_1,1023,13,False
2026-03-17,STORE_1,1023,15,True
2026-03-18,STORE_1,1023,13,False
2026-03-19,STORE_1,1023,17,False
2026-03-20,STORE_1,1023,33,True
2026-03-21,STORE_1,1023,21,False
2026-03-22,STORE_1,1023,16,False
2026-03-23,STORE_1,1023,11,False
2026-03-24,STORE_1,1023,8,False
2026-03-25,STORE_1,1023,4,False
2026-03-26,STORE_1,1023,15,False
2026-03-27,STORE_1,1023,11,False
2026-03-28,STORE_1,1023,13,False
2026-03-29,STORE_1,1023,14,False
2026-03-30,STORE_1,1023,11,False
2026-03-31,STORE_1,1023,8,False
2026-04-01,STORE_1,1023,13,False
2026-04-02,STORE_1,1023,7,False
2026-04-03,STORE_1,1023,19,False
2026-04-04,STORE_1,1023,16,False
2026-04-05,STORE_1,1023,11,False
2026-04-06,STORE_1,1023,0,False
2026-04-07,STORE_1,1023,11,False
2026-04-08,STORE_1,1023,13,False
2026-04-09,STORE_1,1023,12,False
2026-04-10,STORE_1,1023,15,False
2026-04-11,STORE_1,1023,16,False
2026-04-12,STORE_1,1023,12,False
2026-04-13,STORE_1,1023,19,True
2026-04-14,STORE_1,1023,11,False
2026-04-15,STORE_1,1023,9,False
2026-04-16,STORE_1,1023,9,False
2026-04-17,STORE_1,1023,13,False
2026-04-18,STORE_1,1023,15,False
2026-04-19,STORE_1,1023,16,False
2026-04-20,STORE_1,1023,8,True
2026-04-21,STORE_1,1023,10,False
2026-04-22,STORE_1,1023,12,False
2026-04-23,STORE_1,1023,10,False
2026-04-24,STORE_1,1023,15,False
2026-04-25,STORE_1,1023,15,False
2026-04-26,STORE_1,1023,9,False
2026-04-27,STORE_1,1023,9,False
2026-04-28,STORE_1,1023,9,False
2026-04-29,STORE_1,1023,16,True
2026-04-30,STORE_1,1023,9,False
2026-05-01,STORE_1,1023,17,False
2026-05-02,STORE_1,1023,16,False
2026-05-03,STORE_1,1023,13,False
2026-05-04,STORE_1,1023,11,False
2026-05-05,STORE_1,1023,9,False
2026-05-06,STORE_1,1023,20,True
2026-05-07,STORE_1,1023,13,False
2026-05-08,STORE_1,1023,17,False
2026-05-09,STORE_1,1023,13,False
2026-05-10,STORE_1,1023,14,False
2026-05-11,STORE_1,1023,10,False
2026-05-12,STORE_1,1023,9,False
2026-05-13,STORE_1,1023,13,False
2026-05-14,STORE_1,1023,13,False
2026-05-15,STORE_1,1023,7,False
2026-05-16,STORE_1,1023,14,False
2026-05-17,STORE_1,1023,16,False
2026-05-18,STORE_1,1023,15,False
2026-05-19,STORE_1,1023,9,False
2026-05-20,STORE_1,1023,11,False
2026-05-21,STORE_1,1023,18,False
2026-05-22,STORE_1,1023,15,False
2026-05-23,STORE_1,1023,23,False
2026-05-24,STORE_1,1023,14,False
2026-05-25,STORE_1,1023,14,False
2026-05-26,STORE_1,1023,13,False
2026-05-27,STORE_1,1023,13,False
2026-05-28,STORE_1,1023,18,False
2026-05-29,STORE_1,1023,17,False
2026-05-30,STORE_1,1023,17,False
2026-05-31,STORE_1,1023,19,True
2026-06-01,STORE_1,1023,11,False
2026-06-02,STORE_1,1023,7,False
2026-06-03,STORE_1,1023,13,False
2026-06-04,STORE_1,1023,13,False
2026-06-05,STORE_1,1023,12,False
2026-06-06,STORE_1,1023,15,False
2026-06-07,STORE_1,1023,19,False
2026-06-08,STORE_1,1023,8,False
2026-06-09,STORE_1,1023,14,False
2026-06-10,STORE_1,1023,10,False
2026-06-11,STORE_1,1023,11,False
2026-06-12,STORE_1,1023,17,False
2026-06-13,STORE_1,1023,10,False
2026-06-14,STORE_1,1023,15,False
2026-06-15,STORE_1,1023,13,False
2026-06-16,STORE_1,1023,9,False
2026-06-17,STORE_1,1023,11,False
2026-06-18,STORE_1,1023,19,False
2026-06-19,STORE_1,1023,19,False
2026-06-20,STORE_1,1023,13,False
2026-06-21,STORE_1,1023,12,False
2026-06-22,STORE_1,1023,10,False
2026-06-23,STORE_1,1023,0,False
2026-06-24,STORE_1,1023,6,False
2026-06-25,STORE_1,1023,14,False
2026-06-26,STORE_1,1023,11,False
2026-06-27,STORE_1,1023,23,False
2026-06-28,STORE_1,1023,0,False
2026-06-29,STORE_1,1023,14,False
2026-06-30,STORE_1,1023,8,False
2026-07-01,STORE_1,1023,14,False
2026-07-02,STORE_1,1023,7,False
2026-07-03,STORE_1,1023,13,True
2026-07-04,STORE_1,1023,23,False
2026-07-05,STORE_1,1023,15,False
2026-07-06,STORE_1,1023,11,False
2026-07-07,STORE_1,1023,11,False
2026-07-08,STORE_1,1023,0,False
2026-07-09,STORE_1,1023,10,False
2026-07-10,STORE_1,1023,25,True
2026-07-11,STORE_1,1023,19,False
2026-07-12,STORE_1,1023,6,False
2026-07-13,STORE_1,1023,7,False
2026-07-14,STORE_1,1023,11,False
2026-07-15,STORE_1,1023,16,False
2026-07-16,STORE_1,1023,18,False
2026-07-17,STORE_1,1023,20,False
2026-07-18,STORE_1,1023,13,False
2026-07-19,STORE_1,1023,16,True
2026-07-20,STORE_1,1023,12,False
2026-07-21,STORE_1,1023,6,False
2026-07-22,STORE_1,1023,10,False
2026-07-23,STORE_1,1023,12,False
2026-07-24,STORE_1,1023,18,False
2026-07-25,STORE_1,1023,12,False
2026-07-26,STORE_1,1023,17,False
2026-07-27,STORE_1,1023,12,False
2026-07-28,STORE_1,1023,15,False
2026-07-29,STORE_1,1023,15,False
2026-07-30,STORE_1,1023,16,False
2026-07-31,STORE_1,1023,8,False
2026-08-01,STORE_1,1023,12,False
2026-08-02,STORE_1,1023,17,False
2026-08-03,STORE_1,1023,10,False
2026-08-04,STORE_1,1023,14,False
2026-08-05,STORE_1,1023,11,False
2026-08-06,STORE_1,1023,14,False
2026-08-07,STORE_1,1023,17,False
2026-08-08,STORE_1,1023,17,False
2026-08-09,STORE_1,1023,18,False
2026-08-10,STORE_1,1023,13,False
2026-08-11,STORE_1,1023,7,False
2026-08-12,STORE_1,1023,17,False
2026-08-13,STORE_1,1023,20,True
2026-08-14,STORE_1,1023,8,False
2026-08-15,STORE_1,1023,13,False
2026-08-16,STORE_1,1023,11,False
2026-08-17,STORE_1,1023,12,False
2026-08-18,STORE_1,1023,11,False
2026-08-19,STORE_1,1023,16,True
2026-08-20,STORE_1,1023,10,False
2026-08-21,STORE_1,1023,20,True
2026-08-22,STORE_1,1023,17,False
2026-08-23,STORE_1,1023,11,False
2026-08-24,STORE_1,1023,11,False
2026-08-25,STORE_1,1023,13,False
2026-08-26,STORE_1,1023,5,False
2026-08-27,STORE_1,1023,13,False
2026-08-28,STORE_1,1023,9,False
2026-08-29,STORE_1,1023,18,False
2026-08-30,STORE_1,1023,13,True
2026-08-31,STORE_1,1023,14,False
2026-09-01,STORE_1,1023,12,False
2026-09-02,STORE_1,1023,6,False
2026-09-03,STORE_1,1023,9,False
2026-09-04,STORE_1,1023,17,True
2026-09-05,STORE_1,1023,19,False
2026-09-06,STORE_1,1023,8,False
2026-09-07,STORE_1,1023,11,False
2026-09-08,STORE_1,1023,11,False
2026-09-09,STORE_1,1023,15,False
2026-09-10,STORE_1,1023,13,False
2026-09-11,STORE_1,1023,11,False
2026-09-12,STORE_1,1023,19,False
2026-09-13,STORE_1,1023,15,False
2026-09-14,STORE_1,1023,13,False
2026-09-15,STORE_1,1023,11,False
2026-09-16,STORE_1,1023,8,False
2026-09-17,STORE_1,1023,0,False
2026-09-18,STORE_1,1023,19,False
2026-09-19,STORE_1,1023,23,True
2026-09-20,STORE_1,1023,8,False
2026-09-21,STORE_1,1023,11,False
2026-09-22,STORE_1,1023,11,False
2026-09-23,STORE_1,1023,8,False
2026-09-24,STORE_1,1023,18,False
2026-09-25,STORE_1,1023,14,False
2026-09-26,STORE_1,1023,17,False
2026-09-27,STORE_1,1023,16,False
2026-09-28,STORE_1,1023,7,False
2026-09-29,STORE_1,1023,0,False
2026-09-30,STORE_1,1023,0,False
2025-10-01,STORE_1,1024,13,False
2025-10-02,STORE_1,1024,30,False
2025-10-03,STORE_1,1024,20,False
2025-10-04,STORE_1,1024,36,False
2025-10-05,STORE_1,1024,18,False
2025-10-06,STORE_1,1024,12,False
2025-10-07,STORE_1,1024,14,True
2025-10-08,STORE_1,1024,0,False
2025-10-09,STORE_1,1024,21,False
2025-10-10,STORE_1,1024,41,True
2025-10-11,STORE_1,1024,28,False
2025-10-12,STORE_1,1024,28,False
2025-10-13,STORE_1,1024,18,False
2025-10-14,STORE_1,1024,14,False
2025-10-15,STORE_1,1024,19,False
2025-10-16,STORE_1,1024,15,False
2025-10-17,STORE_1,1024,27,False
2025-10-18,STORE_1,1024,20,False
2025-10-19,STORE_1,1024,21,False
2025-10-20,STORE_1,1024,15,False
2025-10-21,STORE_1,1024,0,False
2025-10-22,STORE_1,1024,23,False
2025-10-23,STORE_1,1024,25,False
2025-10-24,STORE_1,1024,18,False
2025-10-25,STORE_1,1024,50,True
2025-10-26,STORE_1,1024,26,False
2025-10-27,STORE_1,1024,18,False
2025-10-28,STORE_1,1024,16,False
2025-10-29,STORE_1,1024,14,False
2025-10-30,STORE_1,1024,11,False
2025-10-31,STORE_1,1024,24,False
2025-11-01,STORE_1,1024,35,False
2025-11-02,STORE_1,1024,30,False
2025-11-03,STORE_1,1024,11,False
2025-11-04,STORE_1,1024,22,False
2025-11-05,STORE_1,1024,19,False
2025-11-06,STORE_1,1024,30,True
2025-11-07,STORE_1,1024,32,False
2025-11-08,STORE_1,1024,23,False
2025-11-09,STORE_1,1024,25,False
2025-11-10,STORE_1,1024,23,False
2025-11-11,STORE_1,1024,18,False
2025-11-12,STORE_1,1024,16,False
2025-11-13,STORE_1,1024,9,False
2025-11-14,STORE_1,1024,21,False
2025-11-15,STORE_1,1024,21,False
2025-11-16,STORE_1,1024,15,False
2025-11-17,STORE_1,1024,33,True
2025-11-18,STORE_1,1024,4,False
2025-11-19,STORE_1,1024,13,False
2025-11-20,STORE_1,1024,22,False
2025-11-21,STORE_1,1024,25,False
2025-11-22,STORE_1,1024,42,False
2025-11-23,STORE_1,1024,27,False
2025-11-24,STORE_1,1024,16,False
2025-11-25,STORE_1,1024,22,False
2025-11-26,STORE_1,1024,24,False
2025-11-27,STORE_1,1024,18,False
2025-11-28,STORE_1,1024,29,False
2025-11-29,STORE_1,1024,39,False
2025-11-30,STORE_1,1024,37,False
2025-12-01,STORE_1,1024,18,False
2025-12-02,STORE_1,1024,24,False
2025-12-03,STORE_1,1024,19,False
2025-12-04,STORE_1,1024,25,False
2025-12-05,STORE_1,1024,23,False
2025-12-06,STORE_1,1024,39,False
2025-12-07,STORE_1,1024,36,False
2025-12-08,STORE_1,1024,21,False
2025-12-09,STORE_1,1024,19,False
2025-12-10,STORE_1,1024,20,False
2025-12-11,STORE_1,1024,17,False
2025-12-12,STORE_1,1024,37,False
2025-12-13,STORE_1,1024,45,False
2025-12-14,STORE_1,1024,23,False
2025-12-15,STORE_1,1024,23,False
2025-12-16,STORE_1,1024,23,False
2025-12-17,STORE_1,1024,19,False
2025-12-18,STORE_1,1024,34,False
2025-12-19,STORE_1,1024,33,False
2025-12-20,STORE_1,1024,22,False
2025-12-21,STORE_1,1024,36,False
2025-12-22,STORE_1,1024,9,False
2025-12-23,STORE_1,1024,20,False
2025-12-24,STORE_1,1024,20,False
2025-12-25,STORE_1,1024,29,False
2025-12-26,STORE_1,1024,27,False
2025-12-27,STORE_1,1024,47,False
2025-12-28,STORE_1,1024,36,False
2025-12-29,STORE_1,1024,15,True
2025-12-30,STORE_1,1024,33,False
2025-12-31,STORE_1,1024,27,False
2026-01-01,STORE_1,1024,23,False
2026-01-02,STORE_1,1024,31,False
2026-01-03,STORE_1,1024,30,False
2026-01-04,STORE_1,1024,22,False
2026-01-05,STORE_1,1024,24,False
2026-01-06,STORE_1,1024,18,False
2026-01-07,STORE_1,1024,18,False
2026-01-08,STORE_1,1024,12,False
2026-01-09,STORE_1,1024,15,False
2026-01-10,STORE_1,1024,0,False
2026-01-11,STORE_1,1024,15,False
2026-01-12,STORE_1,1024,21,False
2026-01-13,STORE_1,1024,8,False
2026-01-14,STORE_1,1024,14,False
2026-01-15,STORE_1,1024,18,False
2026-01-16,STORE_1,1024,25,False
2026-01-17,STORE_1,1024,30,False
2026-01-18,STORE_1,1024,17,False
2026-01-19,STORE_1,1024,25,False
2026-01-20,STORE_1,1024,12,False
2026-01-21,STORE_1,1024,19,False
2026-01-22,STORE_1,1024,8,False
2026-01-23,STORE_1,1024,0,False
2026-01-24,STORE_1,1024,24,True
2026-01-25,STORE_1,1024,22,False
2026-01-26,STORE_1,1024,19,False
2026-01-27,STORE_1,1024,0,True
2026-01-28,STORE_1,1024,16,False
2026-01-29,STORE_1,1024,24,False
2026-01-30,STORE_1,1024,18,False
2026-01-31,STORE_1,1024,30,False
2026-02-01,STORE_1,1024,18,False
2026-02-02,STORE_1,1024,20,False
2026-02-03,STORE_1,1024,14,False
2026-02-04,STORE_1,1024,11,False
2026-02-05,STORE_1,1024,16,False
2026-02-06,STORE_1,1024,23,False
2026-02-07,STORE_1,1024,0,False
2026-02-08,STORE_1,1024,27,False
2026-02-09,STORE_1,1024,14,False
2026-02-10,STORE_1,1024,16,False
2026-02-11,STORE_1,1024,10,False
2026-02-12,STORE_1,1024,16,False
2026-02-13,STORE_1,1024,26,False
2026-02-14,STORE_1,1024,28,False
2026-02-15,STORE_1,1024,10,False
2026-02-16,STORE_1,1024,16,False
2026-02-17,STORE_1,1024,17,False
2026-02-18,STORE_1,1024,18,False
2026-02-19,STORE_1,1024,13,False
2026-02-20,STORE_1,1024,28,False
2026-02-21,STORE_1,1024,39,False
2026-02-22,STORE_1,1024,27,False
2026-02-23,STORE_1,1024,17,False
2026-02-24,STORE_1,1024,22,False
2026-02-25,STORE_1,1024,25,True
2026-02-26,STORE_1,1024,23,False
2026-02-27,STORE_1,1024,20,False
2026-02-28,STORE_1,1024,19,False
2026-03-01,STORE_1,1024,14,False
2026-03-02,STORE_1,1024,22,False
2026-03-03,STORE_1,1024,0,True
2026-03-04,STORE_1,1024,17,False
2026-03-05,STORE_1,1024,30,False
2026-03-06,STORE_1,1024,26,False
2026-03-07,STORE_1,1024,25,False
2026-03-08,STORE_1,1024,22,False
2026-03-09,STORE_1,1024,15,False
2026-03-10,STORE_1,1024,25,False
2026-03-11,STORE_1,1024,21,True
2026-03-12,STORE_1,1024,19,False
2026-03-13,STORE_1,1024,28,False
2026-03-14,STORE_1,1024,32,False
2026-03-15,STORE_1,1024,32,False
2026-03-16,STORE_1,1024,23,True
2026-03-17,STORE_1,1024,15,False
2026-03-18,STORE_1,1024,18,False
2026-03-19,STORE_1,1024,22,False
2026-03-20,STORE_1,1024,31,False
2026-03-21,STORE_1,1024,26,True
2026-03-22,STORE_1,1024,27,False
2026-03-23,STORE_1,1024,17,False
2026-03-24,STORE_1,1024,8,False
2026-03-25,STORE_1,1024,21,True
2026-03-26,STORE_1,1024,31,False
2026-03-27,STORE_1,1024,25,False
2026-03-28,STORE_1,1024,31,False
2026-03-29,STORE_1,1024,29,False
2026-03-30,STORE_1,1024,11,False
2026-03-31,STORE_1,1024,15,False
2026-04-01,STORE_1,1024,19,False
2026-04-02,STORE_1,1024,21,False
2026-04-03,STORE_1,1024,24,False
2026-04-04,STORE_1,1024,32,False
2026-04-05,STORE_1,1024,31,True
2026-04-06,STORE_1,1024,22,False
2026-04-07,STORE_1,1024,17,False
2026-04-08,STORE_1,1024,16,False
2026-04-09,STORE_1,1024,16,False
2026-04-10,STORE_1,1024,42,True
2026-04-11,STORE_1,1024,33,False
2026-04-12,STORE_1,1024,22,False
2026-04-13,STORE_1,1024,19,False
2026-04-14,STORE_1,1024,19,False
2026-04-15,STORE_1,1024,14,False
2026-04-16,STORE_1,1024,23,False
2026-04-17,STORE_1,1024,27,False
2026-04-18,STORE_1,1024,25,False
2026-04-19,STORE_1,1024,22,False
2026-04-20,STORE_1,1024,23,False
2026-04-21,STORE_1,1024,14,False
2026-04-22,STORE_1,1024,18,False
2026-04-23,STORE_1,1024,20,False
2026-04-24,STORE_1,1024,2,False
2026-04-25,STORE_1,1024,22,False
2026-04-26,STORE_1,1024,0,False
2026-04-27,STORE_1,1024,14,False
2026-04-28,STORE_1,1024,16,False
2026-04-29,STORE_1,1024,18,False
2026-04-30,STORE_1,1024,23,False
2026-05-01,STORE_1,1024,19,False
2026-05-02,STORE_1,1024,25,True
2026-05-03,STORE_1,1024,21,False
2026-05-04,STORE_1,1024,16,False
2026-05-05,STORE_1,1024,19,False
2026-05-06,STORE_1,1024,9,False
2026-05-07,STORE_1,1024,24,False
2026-05-08,STORE_1,1024,11,False
2026-05-09,STORE_1,1024,38,False
2026-05-10,STORE_1,1024,31,False
2026-05-11,STORE_1,1024,18,False
2026-05-12,STORE_1,1024,20,False
2026-05-13,STORE_1,1024,25,False
2026-05-14,STORE_1,1024,19,False
2026-05-15,STORE_1,1024,32,False
2026-05-16,STORE_1,1024,20,False
2026-05-17,STORE_1,1024,14,False
2026-05-18,STORE_1,1024,23,False
2026-05-19,STORE_1,1024,13,False
2026-05-20,STORE_1,1024,16,False
2026-05-21,STORE_1,1024,15,False
2026-05-22,STORE_1,1024,26,False
2026-05-23,STORE_1,1024,37,False
2026-05-24,STORE_1,1024,16,False
2026-05-25,STORE_1,1024,17,False
2026-05-26,STORE_1,1024,11,False
2026-05-27,STORE_1,1024,26,False
2026-05-28,STORE_1,1024,21,False
2026-05-29,STORE_1,1024,40,False
2026-05-30,STORE_1,1024,29,False
2026-05-31,STORE_1,1024,16,False
2026-06-01,STORE_1,1024,11,False
2026-06-02,STORE_1,1024,16,False
2026-06-03,STORE_1,1024,0,False
2026-06-04,STORE_1,1024,17,False
2026-06-05,STORE_1,1024,19,False
2026-06-06,STORE_1,1024,28,False
2026-06-07,STORE_1,1024,28,False
2026-06-08,STORE_1,1024,14,False
2026-06-09,STORE_1,1024,8,False
2026-06-10,STORE_1,1024,17,False
2026-06-11,STORE_1,1024,15,False
2026-06-12,STORE_1,1024,23,True
2026-06-13,STORE_1,1024,29,False
2026-06-14,STORE_1,1024,17,False
2026-06-15,STORE_1,1024,22,False
2026-06-16,STORE_1,1024,13,False
2026-06-17,STORE_1,1024,17,False
2026-06-18,STORE_1,1024,17,False
2026-06-19,STORE_1,1024,31,False
2026-06-20,STORE_1,1024,24,False
2026-06-21,STORE_1,1024,28,False
2026-06-22,STORE_1,1024,12,False
2026-06-23,STORE_1,1024,0,False
2026-06-24,STORE_1,1024,14,False
2026-06-25,STORE_1,1024,16,False
2026-06-26,STORE_1,1024,23,False
2026-06-27,STORE_1,1024,13,False
2026-06-28,STORE_1,1024,18,False
2026-06-29,STORE_1,1024,26,False
2026-06-30,STORE_1,1024,26,False
2026-07-01,STORE_1,1024,8,True
2026-07-02,STORE_1,1024,19,False
2026-07-03,STORE_1,1024,22,False
2026-07-04,STORE_1,1024,40,True
2026-07-05,STORE_1,1024,20,False
2026-07-06,STORE_1,1024,17,False
2026-07-07,STORE_1,1024,17,True
2026-07-08,STORE_1,1024,26,False
2026-07-09,STORE_1,1024,17,False
2026-07-10,STORE_1,1024,13,False
2026-07-11,STORE_1,1024,33,False
2026-07-12,STORE_1,1024,3,False
2026-07-13,STORE_1,1024,11,False
2026-07-14,STORE_1,1024,20,False
2026-07-15,STORE_1,1024,12,False
2026-07-16,STORE_1,1024,41,True
2026-07-17,STORE_1,1024,27,False
2026-07-18,STORE_1,1024,36,False
2026-07-19,STORE_1,1024,30,False
2026-07-20,STORE_1,1024,17,False
2026-07-21,STORE_1,1024,22,False
2026-07-22,STORE_1,1024,18,False
2026-07-23,STORE_1,1024,23,False
2026-07-24,STORE_1,1024,24,False
2026-07-25,STORE_1,1024,17,False
2026-07-26,STORE_1,1024,34,False
2026-07-27,STORE_1,1024,39,True
2026-07-28,STORE_1,1024,13,False
2026-07-29,STORE_1,1024,19,False
2026-07-30,STORE_1,1024,25,False
2026-07-31,STORE_1,1024,19,False
2026-08-01,STORE_1,1024,2,True
2026-08-02,STORE_1,1024,27,True
2026-08-03,STORE_1,1024,17,False
2026-08-04,STORE_1,1024,14,False
2026-08-05,STORE_1,1024,17,False
2026-08-06,STORE_1,1024,13,False
2026-08-07,STORE_1,1024,31,False
2026-08-08,STORE_1,1024,31,False
2026-08-09,STORE_1,1024,33,False
2026-08-10,STORE_1,1024,14,False
2026-08-11,STORE_1,1024,19,False
2026-08-12,STORE_1,1024,12,False
2026-08-13,STORE_1,1024,19,False
2026-08-14,STORE_1,1024,25,False
2026-08-15,STORE_1,1024,16,False
2026-08-16,STORE_1,1024,36,True
2026-08-17,STORE_1,1024,18,False
2026-08-18,STORE_1,1024,16,False
2026-08-19,STORE_1,1024,13,False
2026-08-20,STORE_1,1024,26,False
2026-08-21,STORE_1,1024,17,False
2026-08-22,STORE_1,1024,24,False
2026-08-23,STORE_1,1024,19,False
2026-08-24,STORE_1,1024,17,False
2026-08-25,STORE_1,1024,17,False
2026-08-26,STORE_1,1024,0,True
2026-08-27,STORE_1,1024,26,False
2026-08-28,STORE_1,1024,15,False
2026-08-29,STORE_1,1024,34,False
2026-08-30,STORE_1,1024,26,False
2026-08-31,STORE_1,1024,14,False
2026-09-01,STORE_1,1024,15,False
2026-09-02,STORE_1,1024,23,False
2026-09-03,STORE_1,1024,20,False
2026-09-04,STORE_1,1024,26,False
2026-09-05,STORE_1,1024,30,False
2026-09-06,STORE_1,1024,19,False
2026-09-07,STORE_1,1024,17,False
2026-09-08,STORE_1,1024,25,False
2026-09-09,STORE_1,1024,21,False
2026-09-10,STORE_1,1024,0,False
2026-09-11,STORE_1,1024,32,False
2026-09-12,STORE_1,1024,29,False
2026-09-13,STORE_1,1024,22,False
2026-09-14,STORE_1,1024,16,False
2026-09-15,STORE_1,1024,28,True
2026-09-16,STORE_1,1024,14,False
2026-09-17,STORE_1,1024,13,False
2026-09-18,STORE_1,1024,23,False
2026-09-19,STORE_1,1024,34,False
2026-09-20,STORE_1,1024,22,False
2026-09-21,STORE_1,1024,19,False
2026-09-22,STORE_1,1024,17,False
2026-09-23,STORE_1,1024,18,False
2026-09-24,STORE_1,1024,30,True
2026-09-25,STORE_1,1024,26,False
2026-09-26,STORE_1,1024,34,False
2026-09-27,STORE_1,1024,24,False
2026-09-28,STORE_1,1024,7,False
2026-09-29,STORE_1,1024,18,False
2026-09-30,STORE_1,1024,0,False
2025-10-01,STORE_1,1025,29,False
2025-10-02,STORE_1,1025,12,False
2025-10-03,STORE_1,1025,24,False
2025-10-04,STORE_1,1025,40,True
2025-10-05,STORE_1,1025,46,False
2025-10-06,STORE_1,1025,24,False
2025-10-07,STORE_1,1025,22,False
2025-10-08,STORE_1,1025,17,False
2025-10-09,STORE_1,1025,23,False
2025-10-10,STORE_1,1025,34,False
2025-10-11,STORE_1,1025,41,False
2025-10-12,STORE_1,1025,33,False
2025-10-13,STORE_1,1025,20,False
2025-10-14,STORE_1,1025,29,False
2025-10-15,STORE_1,1025,23,False
2025-10-16,STORE_1,1025,25,False
2025-10-17,STORE_1,1025,23,False
2025-10-18,STORE_1,1025,42,False
2025-10-19,STORE_1,1025,29,False
2025-10-20,STORE_1,1025,21,False
2025-10-21,STORE_1,1025,14,False
2025-10-22,STORE_1,1025,15,False
2025-10-23,STORE_1,1025,28,False
2025-10-24,STORE_1,1025,45,False
2025-10-25,STORE_1,1025,75,True
2025-10-26,STORE_1,1025,46,False
2025-10-27,STORE_1,1025,30,False
2025-10-28,STORE_1,1025,21,False
2025-10-29,STORE_1,1025,22,False
2025-10-30,STORE_1,1025,24,False
2025-10-31,STORE_1,1025,44,False
2025-11-01,STORE_1,1025,56,False
2025-11-02,STORE_1,1025,20,False
2025-11-03,STORE_1,1025,31,False
2025-11-04,STORE_1,1025,26,True
2025-11-05,STORE_1,1025,14,False
2025-11-06,STORE_1,1025,23,False
2025-11-07,STORE_1,1025,30,False
2025-11-08,STORE_1,1025,27,False
2025-11-09,STORE_1,1025,31,False
2025-11-10,STORE_1,1025,28,False
2025-11-11,STORE_1,1025,26,False
2025-11-12,STORE_1,1025,19,False
2025-11-13,STORE_1,1025,28,False
2025-11-14,STORE_1,1025,35,False
2025-11-15,STORE_1,1025,53,False
2025-11-16,STORE_1,1025,33,False
2025-11-17,STORE_1,1025,26,False
2025-11-18,STORE_1,1025,27,False
2025-11-19,STORE_1,1025,16,False
2025-11-20,STORE_1,1025,24,True
2025-11-21,STORE_1,1025,51,False
2025-11-22,STORE_1,1025,65,False
2025-11-23,STORE_1,1025,29,False
2025-11-24,STORE_1,1025,26,False
2025-11-25,STORE_1,1025,22,False
2025-11-26,STORE_1,1025,39,True
2025-11-27,STORE_1,1025,20,False
2025-11-28,STORE_1,1025,71,True
2025-11-29,STORE_1,1025,65,False
2025-11-30,STORE_1,1025,46,False
2025-12-01,STORE_1,1025,16,True
2025-12-02,STORE_1,1025,33,False
2025-12-03,STORE_1,1025,38,False
2025-12-04,STORE_1,1025,25,False
2025-12-05,STORE_1,1025,30,False
2025-12-06,STORE_1,1025,53,False
2025-12-07,STORE_1,1025,45,False
2025-12-08,STORE_1,1025,25,False
2025-12-09,STORE_1,1025,22,False
2025-12-10,STORE_1,1025,37,False
2025-12-11,STORE_1,1025,20,False
2025-12-12,STORE_1,1025,36,False
2025-12-13,STORE_1,1025,17,False
2025-12-14,STORE_1,1025,29,False
2025-12-15,STORE_1,1025,34,False
2025-12-16,STORE_1,1025,22,False
2025-12-17,STORE_1,1025,44,False
2025-12-18,STORE_1,1025,42,False
2025-12-19,STORE_1,1025,36,False
2025-12-20,STORE_1,1025,0,False
2025-12-21,STORE_1,1025,25,False
2025-12-22,STORE_1,1025,19,False
2025-12-23,STORE_1,1025,28,False
2025-12-24,STORE_1,1025,35,False
2025-12-25,STORE_1,1025,27,False
2025-12-26,STORE_1,1025,50,False
2025-12-27,STORE_1,1025,48,False
2025-12-28,STORE_1,1025,35,False
2025-12-29,STORE_1,1025,33,False
2025-12-30,STORE_1,1025,29,False
2025-12-31,STORE_1,1025,32,False
2026-01-01,STORE_1,1025,38,False
2026-01-02,STORE_1,1025,38,True
2026-01-03,STORE_1,1025,32,False
2026-01-04,STORE_1,1025,26,False
2026-01-05,STORE_1,1025,25,True
2026-01-06,STORE_1,1025,32,False
2026-01-07,STORE_1,1025,23,False
2026-01-08,STORE_1,1025,29,False
2026-01-09,STORE_1,1025,19,False
2026-01-10,STORE_1,1025,46,False
2026-01-11,STORE_1,1025,28,False
2026-01-12,STORE_1,1025,32,True
2026-01-13,STORE_1,1025,25,False
2026-01-14,STORE_1,1025,33,False
2026-01-15,STORE_1,1025,0,True
2026-01-16,STORE_1,1025,29,True
2026-01-17,STORE_1,1025,28,False
2026-01-18,STORE_1,1025,34,False
2026-01-19,STORE_1,1025,22,False
2026-01-20,STORE_1,1025,9,False
2026-01-21,STORE_1,1025,20,False
2026-01-22,STORE_1,1025,44,True
2026-01-23,STORE_1,1025,21,False
2026-01-24,STORE_1,1025,50,False
2026-01-25,STORE_1,1025,33,False
2026-01-26,STORE_1,1025,24,False
2026-01-27,STORE_1,1025,21,False
2026-01-28,STORE_1,1025,20,False
2026-01-29,STORE_1,1025,18,False
2026-01-30,STORE_1,1025,38,False
2026-01-31,STORE_1,1025,38,False
2026-02-01,STORE_1,1025,49,True
2026-02-02,STORE_1,1025,22,False
2026-02-03,STORE_1,1025,0,False
2026-02-04,STORE_1,1025,26,False
2026-02-05,STORE_1,1025,28,False
2026-02-06,STORE_1,1025,15,False
2026-02-07,STORE_1,1025,53,False
2026-02-08,STORE_1,1025,31,False
2026-02-09,STORE_1,1025,12,False
2026-02-10,STORE_1,1025,24,False
2026-02-11,STORE_1,1025,31,False
2026-02-12,STORE_1,1025,22,False
2026-02-13,STORE_1,1025,28,False
2026-02-14,STORE_1,1025,42,False
2026-02-15,STORE_1,1025,33,False
2026-02-16,STORE_1,1025,23,False
2026-02-17,STORE_1,1025,17,False
2026-02-18,STORE_1,1025,0,False
2026-02-19,STORE_1,1025,23,True
2026-02-20,STORE_1,1025,16,False
2026-02-21,STORE_1,1025,46,False
2026-02-22,STORE_1,1025,35,False
2026-02-23,STORE_1,1025,26,False
2026-02-24,STORE_1,1025,25,False
2026-02-25,STORE_1,1025,21,False
2026-02-26,STORE_1,1025,0,False
2026-02-27,STORE_1,1025,19,False
2026-02-28,STORE_1,1025,56,True
2026-03-01,STORE_1,1025,49,False
2026-03-02,STORE_1,1025,25,False
2026-03-03,STORE_1,1025,36,True
2026-03-04,STORE_1,1025,23,False
2026-03-05,STORE_1,1025,33,False
2026-03-06,STORE_1,1025,34,False
2026-03-07,STORE_1,1025,48,False
2026-03-08,STORE_1,1025,38,False
2026-03-09,STORE_1,1025,12,False
2026-03-10,STORE_1,1025,22,False
2026-03-11,STORE_1,1025,29,False
2026-03-12,STORE_1,1025,24,False
2026-03-13,STORE_1,1025,0,False
2026-03-14,STORE_1,1025,25,False
2026-03-15,STORE_1,1025,34,True
2026-03-16,STORE_1,1025,20,False
2026-03-17,STORE_1,1025,10,False
2026-03-18,STORE_1,1025,36,False
2026-03-19,STORE_1,1025,28,False
2026-03-20,STORE_1,1025,41,False
2026-03-21,STORE_1,1025,43,False
2026-03-22,STORE_1,1025,19,False
2026-03-23,STORE_1,1025,24,False
2026-03-24,STORE_1,1025,21,False
2026-03-25,STORE_1,1025,41,True
2026-03-26,STORE_1,1025,24,False
2026-03-27,STORE_1,1025,27,False
2026-03-28,STORE_1,1025,29,False
2026-03-29,STORE_1,1025,32,False
2026-03-30,STORE_1,1025,19,False
2026-03-31,STORE_1,1025,27,False
2026-04-01,STORE_1,1025,21,False
2026-04-02,STORE_1,1025,29,False
2026-04-03,STORE_1,1025,42,False
2026-04-04,STORE_1,1025,50,False
2026-04-05,STORE_1,1025,31,False
2026-04-06,STORE_1,1025,11,False
2026-04-07,STORE_1,1025,11,False
2026-04-08,STORE_1,1025,29,False
2026-04-09,STORE_1,1025,19,False
2026-04-10,STORE_1,1025,29,False
2026-04-11,STORE_1,1025,46,False
2026-04-12,STORE_1,1025,25,False
2026-04-13,STORE_1,1025,15,False
2026-04-14,STORE_1,1025,20,False
2026-04-15,STORE_1,1025,27,False
2026-04-16,STORE_1,1025,30,True
2026-04-17,STORE_1,1025,23,False
2026-04-18,STORE_1,1025,48,False
2026-04-19,STORE_1,1025,31,False
2026-04-20,STORE_1,1025,44,True
2026-04-21,STORE_1,1025,19,False
2026-04-22,STORE_1,1025,19,False
2026-04-23,STORE_1,1025,22,False
2026-04-24,STORE_1,1025,37,False
2026-04-25,STORE_1,1025,44,False
2026-04-26,STORE_1,1025,39,False
2026-04-27,STORE_1,1025,35,False
2026-04-28,STORE_1,1025,23,False
2026-04-29,STORE_1,1025,19,False
2026-04-30,STORE_1,1025,24,False
2026-05-01,STORE_1,1025,24,False
2026-05-02,STORE_1,1025,37,False
2026-05-03,STORE_1,1025,23,False
2026-05-04,STORE_1,1025,30,False
2026-05-05,STORE_1,1025,27,True
2026-05-06,STORE_1,1025,22,False
2026-05-07,STORE_1,1025,37,False
2026-05-08,STORE_1,1025,23,False
2026-05-09,STORE_1,1025,32,False
2026-05-10,STORE_1,1025,32,False
2026-05-11,STORE_1,1025,25,False
2026-05-12,STORE_1,1025,15,False
2026-05-13,STORE_1,1025,22,False
2026-05-14,STORE_1,1025,25,False
2026-05-15,STORE_1,1025,28,False
2026-05-16,STORE_1,1025,27,False
2026-05-17,STORE_1,1025,23,False
2026-05-18,STORE_1,1025,17,False
2026-05-19,STORE_1,1025,16,False
2026-05-20,STORE_1,1025,23,False
2026-05-21,STORE_1,1025,37,False
2026-05-22,STORE_1,1025,35,False
2026-05-23,STORE_1,1025,39,False
2026-05-24,STORE_1,1025,28,False
2026-05-25,STORE_1,1025,27,False
2026-05-26,STORE_1,1025,29,False
2026-05-27,STORE_1,1025,19,False
2026-05-28,STORE_1,1025,9,False
2026-05-29,STORE_1,1025,21,False
2026-05-30,STORE_1,1025,39,False
2026-05-31,STORE_1,1025,26,False
2026-06-01,STORE_1,1025,20,False
2026-06-02,STORE_1,1025,10,False
2026-06-03,STORE_1,1025,16,False
2026-06-04,STORE_1,1025,23,False
2026-06-05,STORE_1,1025,29,False
2026-06-06,STORE_1,1025,33,False
2026-06-07,STORE_1,1025,27,False
2026-06-08,STORE_1,1025,26,False
2026-06-09,STORE_1,1025,13,False
2026-06-10,STORE_1,1025,38,True
2026-06-11,STORE_1,1025,14,False
2026-06-12,STORE_1,1025,31,False
2026-06-13,STORE_1,1025,35,False
2026-06-14,STORE_1,1025,32,False
2026-06-15,STORE_1,1025,19,False
2026-06-16,STORE_1,1025,16,False
2026-06-17,STORE_1,1025,33,False
2026-06-18,STORE_1,1025,27,False
2026-06-19,STORE_1,1025,25,False
2026-06-20,STORE_1,1025,31,False
2026-06-21,STORE_1,1025,43,False
2026-06-22,STORE_1,1025,31,False
2026-06-23,STORE_1,1025,18,False
2026-06-24,STORE_1,1025,17,False
2026-06-25,STORE_1,1025,19,False
2026-06-26,STORE_1,1025,0,False
2026-06-27,STORE_1,1025,38,False
2026-06-28,STORE_1,1025,33,False
2026-06-29,STORE_1,1025,17,False
2026-06-30,STORE_1,1025,25,False
2026-07-01,STORE_1,1025,25,False
2026-07-02,STORE_1,1025,20,False
2026-07-03,STORE_1,1025,26,False
2026-07-04,STORE_1,1025,52,True
2026-07-05,STORE_1,1025,36,False
2026-07-06,STORE_1,1025,28,False
2026-07-07,STORE_1,1025,19,False
2026-07-08,STORE_1,1025,17,False
2026-07-09,STORE_1,1025,27,False
2026-07-10,STORE_1,1025,33,False
2026-07-11,STORE_1,1025,39,False
2026-07-12,STORE_1,1025,48,False
2026-07-13,STORE_1,1025,25,False
2026-07-14,STORE_1,1025,31,False
2026-07-15,STORE_1,1025,21,False
2026-07-16,STORE_1,1025,28,False
2026-07-17,STORE_1,1025,23,False
2026-07-18,STORE_1,1025,29,False
2026-07-19,STORE_1,1025,29,False
2026-07-20,STORE_1,1025,17,False
2026-07-21,STORE_1,1025,25,False
2026-07-22,STORE_1,1025,26,False
2026-07-23,STORE_1,1025,21,False
2026-07-24,STORE_1,1025,30,False
2026-07-25,STORE_1,1025,47,False
2026-07-26,STORE_1,1025,31,False
2026-07-27,STORE_1,1025,51,True
2026-07-28,STORE_1,1025,24,False
2026-07-29,STORE_1,1025,22,False
2026-07-30,STORE_1,1025,26,False
2026-07-31,STORE_1,1025,19,False
2026-08-01,STORE_1,1025,54,True
2026-08-02,STORE_1,1025,26,False
2026-08-03,STORE_1,1025,25,False
2026-08-04,STORE_1,1025,24,False
2026-08-05,STORE_1,1025,26,False
2026-08-06,STORE_1,1025,38,False
2026-08-07,STORE_1,1025,48,False
2026-08-08,STORE_1,1025,25,False
2026-08-09,STORE_1,1025,31,False
2026-08-10,STORE_1,1025,23,False
2026-08-11,STORE_1,1025,13,False
2026-08-12,STORE_1,1025,15,False
2026-08-13,STORE_1,1025,22,False
2026-08-14,STORE_1,1025,47,False
2026-08-15,STORE_1,1025,48,False
2026-08-16,STORE_1,1025,31,False
2026-08-17,STORE_1,1025,15,False
2026-08-18,STORE_1,1025,19,False
2026-08-19,STORE_1,1025,17,False
2026-08-20,STORE_1,1025,28,False
2026-08-21,STORE_1,1025,36,False
2026-08-22,STORE_1,1025,42,False
2026-08-23,STORE_1,1025,28,False
2026-08-24,STORE_1,1025,18,False
2026-08-25,STORE_1,1025,30,False
2026-08-26,STORE_1,1025,26,False
2026-08-27,STORE_1,1025,32,False
2026-08-28,STORE_1,1025,38,False
2026-08-29,STORE_1,1025,42,True
2026-08-30,STORE_1,1025,34,False
2026-08-31,STORE_1,1025,16,False
2026-09-01,STORE_1,1025,25,False
2026-09-02,STORE_1,1025,22,False
2026-09-03,STORE_1,1025,28,False
2026-09-04,STORE_1,1025,23,False
2026-09-05,STORE_1,1025,42,False
2026-09-06,STORE_1,1025,0,False
2026-09-07,STORE_1,1025,23,False
2026-09-08,STORE_1,1025,18,False
2026-09-09,STORE_1,1025,18,False
2026-09-10,STORE_1,1025,28,False
2026-09-11,STORE_1,1025,29,False
2026-09-12,STORE_1,1025,47,False
2026-09-13,STORE_1,1025,26,False
2026-09-14,STORE_1,1025,22,False
2026-09-15,STORE_1,1025,27,False
2026-09-16,STORE_1,1025,17,False
2026-09-17,STORE_1,1025,33,False
2026-09-18,STORE_1,1025,38,False
2026-09-19,STORE_1,1025,46,False
2026-09-20,STORE_1,1025,34,False
2026-09-21,STORE_1,1025,32,False
2026-09-22,STORE_1,1025,20,False
2026-09-23,STORE_1,1025,31,False
2026-09-24,STORE_1,1025,18,False
2026-09-25,STORE_1,1025,26,True
2026-09-26,STORE_1,1025,36,False
2026-09-27,STORE_1,1025,42,True
2026-09-28,STORE_1,1025,34,False
2026-09-29,STORE_1,1025,27,False
2026-09-30,STORE_1,1025,14,False
2025-10-01,STORE_1,1026,16,False
2025-10-02,STORE_1,1026,23,False
2025-10-03,STORE_1,1026,21,False
2025-10-04,STORE_1,1026,33,False
2025-10-05,STORE_1,1026,23,False
2025-10-06,STORE_1,1026,19,False
2025-10-07,STORE_1,1026,25,False
2025-10-08,STORE_1,1026,25,True
2025-10-09,STORE_1,1026,26,False
2025-10-10,STORE_1,1026,38,True
2025-10-11,STORE_1,1026,19,False
2025-10-12,STORE_1,1026,36,False
2025-10-13,STORE_1,1026,19,False
2025-10-14,STORE_1,1026,22,False
2025-10-15,STORE_1,1026,13,False
2025-10-16,STORE_1,1026,24,False
2025-10-17,STORE_1,1026,0,False
2025-10-18,STORE_1,1026,17,False
2025-10-19,STORE_1,1026,30,False
2025-10-20,STORE_1,1026,17,False
2025-10-21,STORE_1,1026,14,False
2025-10-22,STORE_1,1026,14,False
2025-10-23,STORE_1,1026,19,False
2025-10-24,STORE_1,1026,21,False
2025-10-25,STORE_1,1026,44,False
2025-10-26,STORE_1,1026,26,False
2025-10-27,STORE_1,1026,25,False
2025-10-28,STORE_1,1026,22,True
2025-10-29,STORE_1,1026,4,False
2025-10-30,STORE_1,1026,20,False
2025-10-31,STORE_1,1026,43,False
2025-11-01,STORE_1,1026,36,False
2025-11-02,STORE_1,1026,28,False
2025-11-03,STORE_1,1026,12,False
2025-11-04,STORE_1,1026,25,False
2025-11-05,STORE_1,1026,24,False
2025-11-06,STORE_1,1026,25,False
2025-11-07,STORE_1,1026,26,False
2025-11-08,STORE_1,1026,27,False
2025-11-09,STORE_1,1026,23,False
2025-11-10,STORE_1,1026,17,False
2025-11-11,STORE_1,1026,18,False
2025-11-12,STORE_1,1026,16,False
2025-11-13,STORE_1,1026,19,False
2025-11-14,STORE_1,1026,33,False
2025-11-15,STORE_1,1026,33,False
2025-11-16,STORE_1,1026,23,False
2025-11-17,STORE_1,1026,32,True
2025-11-18,STORE_1,1026,20,False
2025-11-19,STORE_1,1026,20,False
2025-11-20,STORE_1,1026,33,False
2025-11-21,STORE_1,1026,29,False
2025-11-22,STORE_1,1026,35,False
2025-11-23,STORE_1,1026,35,False
2025-11-24,STORE_1,1026,26,False
2025-11-25,STORE_1,1026,19,False
2025-11-26,STORE_1,1026,32,False
2025-11-27,STORE_1,1026,20,False
2025-11-28,STORE_1,1026,32,False
2025-11-29,STORE_1,1026,28,False
2025-11-30,STORE_1,1026,51,False
2025-12-01,STORE_1,1026,0,False
2025-12-02,STORE_1,1026,13,False
2025-12-03,STORE_1,1026,27,False
2025-12-04,STORE_1,1026,41,True
2025-12-05,STORE_1,1026,43,False
2025-12-06,STORE_1,1026,31,False
2025-12-07,STORE_1,1026,44,False
2025-12-08,STORE_1,1026,25,False
2025-12-09,STORE_1,1026,27,False
2025-12-10,STORE_1,1026,22,False
2025-12-11,STORE_1,1026,36,False
2025-12-12,STORE_1,1026,38,False
2025-12-13,STORE_1,1026,33,False
2025-12-14,STORE_1,1026,29,False
2025-12-15,STORE_1,1026,31,False
2025-12-16,STORE_1,1026,26,False
2025-12-17,STORE_1,1026,23,False
2025-12-18,STORE_1,1026,34,False
2025-12-19,STORE_1,1026,37,False
2025-12-20,STORE_1,1026,21,False
2025-12-21,STORE_1,1026,12,False
2025-12-22,STORE_1,1026,24,False
2025-12-23,STORE_1,1026,50,True
2025-12-24,STORE_1,1026,19,False
2025-12-25,STORE_1,1026,31,False
2025-12-26,STORE_1,1026,34,False
2025-12-27,STORE_1,1026,32,False
2025-12-28,STORE_1,1026,34,False
2025-12-29,STORE_1,1026,23,False
2025-12-30,STORE_1,1026,28,False
2025-12-31,STORE_1,1026,26,False
2026-01-01,STORE_1,1026,19,False
2026-01-02,STORE_1,1026,31,False
2026-01-03,STORE_1,1026,32,False
2026-01-04,STORE_1,1026,23,False
2026-01-05,STORE_1,1026,21,False
2026-01-06,STORE_1,1026,17,False
2026-01-07,STORE_1,1026,27,False
2026-01-08,STORE_1,1026,19,False
2026-01-09,STORE_1,1026,24,False
2026-01-10,STORE_1,1026,16,False
2026-01-11,STORE_1,1026,18,False
2026-01-12,STORE_1,1026,29,False
2026-01-13,STORE_1,1026,11,False
2026-01-14,STORE_1,1026,14,False
2026-01-15,STORE_1,1026,17,False
2026-01-16,STORE_1,1026,24,False
2026-01-17,STORE_1,1026,24,False
2026-01-18,STORE_1,1026,24,False
2026-01-19,STORE_1,1026,8,False
2026-01-20,STORE_1,1026,14,False
2026-01-21,STORE_1,1026,22,True
2026-01-22,STORE_1,1026,32,False
2026-01-23,STORE_1,1026,32,False
2026-01-24,STORE_1,1026,31,False
2026-01-25,STORE_1,1026,21,False
2026-01-26,STORE_1,1026,16,False
2026-01-27,STORE_1,1026,18,False
2026-01-28,STORE_1,1026,20,False
2026-01-29,STORE_1,1026,10,False
2026-01-30,STORE_1,1026,24,False
2026-01-31,STORE_1,1026,31,False
2026-02-01,STORE_1,1026,27,False
2026-02-02,STORE_1,1026,18,False
2026-02-03,STORE_1,1026,20,False
2026-02-04,STORE_1,1026,16,False
2026-02-05,STORE_1,1026,23,False
2026-02-06,STORE_1,1026,28,False
2026-02-07,STORE_1,1026,40,True
2026-02-08,STORE_1,1026,17,False
2026-02-09,STORE_1,1026,17,False
2026-02-10,STORE_1,1026,17,False
2026-02-11,STORE_1,1026,13,False
2026-02-12,STORE_1,1026,17,False
2026-02-13,STORE_1,1026,37,False
2026-02-14,STORE_1,1026,30,False
2026-02-15,STORE_1,1026,26,False
2026-02-16,STORE_1,1026,23,False
2026-02-17,STORE_1,1026,18,False
2026-02-18,STORE_1,1026,25,False
2026-02-19,STORE_1,1026,14,False
2026-02-20,STORE_1,1026,30,False
2026-02-21,STORE_1,1026,44,False
2026-02-22,STORE_1,1026,41,True
2026-02-23,STORE_1,1026,23,False
2026-02-24,STORE_1,1026,17,False
2026-02-25,STORE_1,1026,0,False
2026-02-26,STORE_1,1026,20,False
2026-02-27,STORE_1,1026,21,False
2026-02-28,STORE_1,1026,32,False
2026-03-01,STORE_1,1026,17,False
2026-03-02,STORE_1,1026,21,False
2026-03-03,STORE_1,1026,0,False
2026-03-04,STORE_1,1026,10,False
2026-03-05,STORE_1,1026,20,False
2026-03-06,STORE_1,1026,20,False
2026-03-07,STORE_1,1026,33,False
2026-03-08,STORE_1,1026,17,False
2026-03-09,STORE_1,1026,0,False
2026-03-10,STORE_1,1026,18,False
2026-03-11,STORE_1,1026,17,False
2026-03-12,STORE_1,1026,16,False
2026-03-13,STORE_1,1026,34,False
2026-03-14,STORE_1,1026,30,False
2026-03-15,STORE_1,1026,26,False
2026-03-16,STORE_1,1026,17,False
2026-03-17,STORE_1,1026,29,False
2026-03-18,STORE_1,1026,19,False
2026-03-19,STORE_1,1026,27,False
2026-03-20,STORE_1,1026,25,False
2026-03-21,STORE_1,1026,40,True
2026-03-22,STORE_1,1026,21,False
2026-03-23,STORE_1,1026,12,False
2026-03-24,STORE_1,1026,19,True
2026-03-25,STORE_1,1026,20,False
2026-03-26,STORE_1,1026,27,False
2026-03-27,STORE_1,1026,26,False
2026-03-28,STORE_1,1026,46,True
2026-03-29,STORE_1,1026,35,False
2026-03-30,STORE_1,1026,21,True
2026-03-31,STORE_1,1026,16,False
2026-04-01,STORE_1,1026,39,True
2026-04-02,STORE_1,1026,34,False
2026-04-03,STORE_1,1026,17,False
2026-04-04,STORE_1,1026,37,False
2026-04-05,STORE_1,1026,28,False
2026-04-06,STORE_1,1026,10,False
2026-04-07,STORE_1,1026,24,False
2026-04-08,STORE_1,1026,27,False
2026-04-09,STORE_1,1026,21,False
2026-04-10,STORE_1,1026,36,False
2026-04-11,STORE_1,1026,28,False
2026-04-12,STORE_1,1026,9,False
2026-04-13,STORE_1,1026,22,False
2026-04-14,STORE_1,1026,19,False
2026-04-15,STORE_1,1026,9,False
2026-04-16,STORE_1,1026,19,False
2026-04-17,STORE_1,1026,35,False
2026-04-18,STORE_1,1026,31,False
2026-04-19,STORE_1,1026,17,False
2026-04-20,STORE_1,1026,25,False
2026-04-21,STORE_1,1026,27,True
2026-04-22,STORE_1,1026,22,False
2026-04-23,STORE_1,1026,34,True
2026-04-24,STORE_1,1026,22,False
2026-04-25,STORE_1,1026,30,False
2026-04-26,STORE_1,1026,26,False
2026-04-27,STORE_1,1026,20,False
2026-04-28,STORE_1,1026,13,False
2026-04-29,STORE_1,1026,15,False
2026-04-30,STORE_1,1026,22,False
2026-05-01,STORE_1,1026,16,False
2026-05-02,STORE_1,1026,34,False
2026-05-03,STORE_1,1026,23,False
2026-05-04,STORE_1,1026,29,True
2026-05-05,STORE_1,1026,16,False
2026-05-06,STORE_1,1026,20,False
2026-05-07,STORE_1,1026,15,False
2026-05-08,STORE_1,1026,34,False
2026-05-09,STORE_1,1026,24,False
2026-05-10,STORE_1,1026,14,False
2026-05-11,STORE_1,1026,16,False
2026-05-12,STORE_1,1026,12,False
2026-05-13,STORE_1,1026,15,False
2026-05-14,STORE_1,1026,14,False
2026-05-15,STORE_1,1026,30,False
2026-05-16,STORE_1,1026,0,False
2026-05-17,STORE_1,1026,31,True
2026-05-18,STORE_1,1026,12,False
2026-05-19,STORE_1,1026,14,False
2026-05-20,STORE_1,1026,20,False
2026-05-21,STORE_1,1026,18,False
2026-05-22,STORE_1,1026,26,False
2026-05-23,STORE_1,1026,27,False
2026-05-24,STORE_1,1026,31,False
2026-05-25,STORE_1,1026,25,False
2026-05-26,STORE_1,1026,17,False
2026-05-27,STORE_1,1026,20,False
2026-05-28,STORE_1,1026,21,False
2026-05-29,STORE_1,1026,33,False
2026-05-30,STORE_1,1026,19,False
2026-05-31,STORE_1,1026,25,False
2026-06-01,STORE_1,1026,16,False
2026-06-02,STORE_1,1026,24,False
2026-06-03,STORE_1,1026,24,False
2026-06-04,STORE_1,1026,18,False
2026-06-05,STORE_1,1026,24,False
2026-06-06,STORE_1,1026,22,False
2026-06-07,STORE_1,1026,29,False
2026-06-08,STORE_1,1026,22,False
2026-06-09,STORE_1,1026,17,False
2026-06-10,STORE_1,1026,0,False
2026-06-11,STORE_1,1026,19,False
2026-06-12,STORE_1,1026,22,False
2026-06-13,STORE_1,1026,29,False
2026-06-14,STORE_1,1026,20,False
2026-06-15,STORE_1,1026,16,False
2026-06-16,STORE_1,1026,14,False
2026-06-17,STORE_1,1026,19,False
2026-06-18,STORE_1,1026,18,False
2026-06-19,STORE_1,1026,8,False
2026-06-20,STORE_1,1026,37,False
2026-06-21,STORE_1,1026,21,False
2026-06-22,STORE_1,1026,21,False
2026-06-23,STORE_1,1026,10,False
2026-06-24,STORE_1,1026,25,True
2026-06-25,STORE_1,1026,24,False
2026-06-26,STORE_1,1026,12,False
2026-06-27,STORE_1,1026,26,False
2026-06-28,STORE_1,1026,29,False
2026-06-29,STORE_1,1026,12,False
2026-06-30,STORE_1,1026,18,False
2026-07-01,STORE_1,1026,26,False
2026-07-02,STORE_1,1026,25,False
2026-07-03,STORE_1,1026,30,False
2026-07-04,STORE_1,1026,26,False
2026-07-05,STORE_1,1026,35,True
2026-07-06,STORE_1,1026,17,False
2026-07-07,STORE_1,1026,17,False
2026-07-08,STORE_1,1026,17,False
2026-07-09,STORE_1,1026,15,False
2026-07-10,STORE_1,1026,0,False
2026-07-11,STORE_1,1026,39,True
2026-07-12,STORE_1,1026,25,False
2026-07-13,STORE_1,1026,24,False
2026-07-14,STORE_1,1026,15,False
2026-07-15,STORE_1,1026,21,True
2026-07-16,STORE_1,1026,28,False
2026-07-17,STORE_1,1026,15,False
2026-07-18,STORE_1,1026,30,False
2026-07-19,STORE_1,1026,24,False
2026-07-20,STORE_1,1026,21,False
2026-07-21,STORE_1,1026,18,False
2026-07-22,STORE_1,1026,17,False
2026-07-23,STORE_1,1026,19,False
2026-07-24,STORE_1,1026,32,False
2026-07-25,STORE_1,1026,37,True
2026-07-26,STORE_1,1026,12,False
2026-07-27,STORE_1,1026,20,False
2026-07-28,STORE_1,1026,22,True
2026-07-29,STORE_1,1026,22,False
2026-07-30,STORE_1,1026,18,False
2026-07-31,STORE_1,1026,28,False
2026-08-01,STORE_1,1026,41,False
2026-08-02,STORE_1,1026,31,False
2026-08-03,STORE_1,1026,16,False
2026-08-04,STORE_1,1026,18,False
2026-08-05,STORE_1,1026,6,False
2026-08-06,STORE_1,1026,24,False
2026-08-07,STORE_1,1026,18,False
2026-08-08,STORE_1,1026,29,False
2026-08-09,STORE_1,1026,23,False
2026-08-10,STORE_1,1026,24,False
2026-08-11,STORE_1,1026,19,False
2026-08-12,STORE_1,1026,18,False
2026-08-13,STORE_1,1026,24,False
2026-08-14,STORE_1,1026,35,False
2026-08-15,STORE_1,1026,12,False
2026-08-16,STORE_1,1026,20,False
2026-08-17,STORE_1,1026,27,False
2026-08-18,STORE_1,1026,28,False
2026-08-19,STORE_1,1026,15,False
2026-08-20,STORE_1,1026,26,False
2026-08-21,STORE_1,1026,21,False
2026-08-22,STORE_1,1026,21,False
2026-08-23,STORE_1,1026,25,True
2026-08-24,STORE_1,1026,16,False
2026-08-25,STORE_1,1026,14,False
2026-08-26,STORE_1,1026,15,False
2026-08-27,STORE_1,1026,26,False
2026-08-28,STORE_1,1026,33,True
2026-08-29,STORE_1,1026,28,False
2026-08-30,STORE_1,1026,24,False
2026-08-31,STORE_1,1026,18,False
2026-09-01,STORE_1,1026,18,False
2026-09-02,STORE_1,1026,23,True
2026-09-03,STORE_1,1026,44,True
2026-09-04,STORE_1,1026,22,False
2026-09-05,STORE_1,1026,17,False
2026-09-06,STORE_1,1026,28,False
2026-09-07,STORE_1,1026,14,False
2026-09-08,STORE_1,1026,20,False
2026-09-09,STORE_1,1026,16,False
2026-09-10,STORE_1,1026,32,False
2026-09-11,STORE_1,1026,36,False
2026-09-12,STORE_1,1026,28,False
2026-09-13,STORE_1,1026,27,False
2026-09-14,STORE_1,1026,20,False
2026-09-15,STORE_1,1026,15,False
2026-09-16,STORE_1,1026,22,False
2026-09-17,STORE_1,1026,21,False
2026-09-18,STORE_1,1026,28,False
2026-09-19,STORE_1,1026,34,False
2026-09-20,STORE_1,1026,24,False
2026-09-21,STORE_1,1026,15,False
2026-09-22,STORE_1,1026,20,False
2026-09-23,STORE_1,1026,22,False
2026-09-24,STORE_1,1026,25,False
2026-09-25,STORE_1,1026,33,True
2026-09-26,STORE_1,1026,35,False
2026-09-27,STORE_1,1026,34,False
2026-09-28,STORE_1,1026,23,False
2026-09-29,STORE_1,1026,20,False
2026-09-30,STORE_1,1026,0,False
2025-10-01,STORE_1,1027,9,False
2025-10-02,STORE_1,1027,13,False
2025-10-03,STORE_1,1027,15,False
2025-10-04,STORE_1,1027,16,False
2025-10-05,STORE_1,1027,13,False
2025-10-06,STORE_1,1027,11,False
2025-10-07,STORE_1,1027,7,False
2025-10-08,STORE_1,1027,5,False
2025-10-09,STORE_1,1027,13,False
2025-10-10,STORE_1,1027,13,False
2025-10-11,STORE_1,1027,0,False
2025-10-12,STORE_1,1027,12,False
2025-10-13,STORE_1,1027,8,False
2025-10-14,STORE_1,1027,10,False
2025-10-15,STORE_1,1027,13,True
2025-10-16,STORE_1,1027,13,False
2025-10-17,STORE_1,1027,15,False
2025-10-18,STORE_1,1027,17,False
2025-10-19,STORE_1,1027,15,False
2025-10-20,STORE_1,1027,10,False
2025-10-21,STORE_1,1027,12,False
2025-10-22,STORE_1,1027,8,False
2025-10-23,STORE_1,1027,13,False
2025-10-24,STORE_1,1027,7,False
2025-10-25,STORE_1,1027,8,False
2025-10-26,STORE_1,1027,9,True
2025-10-27,STORE_1,1027,9,False
2025-10-28,STORE_1,1027,7,False
2025-10-29,STORE_1,1027,8,False
2025-10-30,STORE_1,1027,13,False
2025-10-31,STORE_1,1027,12,False
2025-11-01,STORE_1,1027,13,False
2025-11-02,STORE_1,1027,12,False
2025-11-03,STORE_1,1027,14,False
2025-11-04,STORE_1,1027,7,False
2025-11-05,STORE_1,1027,8,False
2025-11-06,STORE_1,1027,12,False
2025-11-07,STORE_1,1027,19,False
2025-11-08,STORE_1,1027,17,True
2025-11-09,STORE_1,1027,7,False
2025-11-10,STORE_1,1027,3,False
2025-11-11,STORE_1,1027,11,False
2025-11-12,STORE_1,1027,8,False
2025-11-13,STORE_1,1027,5,False
2025-11-14,STORE_1,1027,12,False
2025-11-15,STORE_1,1027,14,False
2025-11-16,STORE_1,1027,16,False
2025-11-17,STORE_1,1027,9,False
2025-11-18,STORE_1,1027,9,False
2025-11-19,STORE_1,1027,9,False
2025-11-20,STORE_1,1027,17,False
2025-11-21,STORE_1,1027,14,False
2025-11-22,STORE_1,1027,19,True
2025-11-23,STORE_1,1027,18,False
2025-11-24,STORE_1,1027,6,False
2025-11-25,STORE_1,1027,15,False
2025-11-26,STORE_1,1027,18,True
2025-11-27,STORE_1,1027,13,False
2025-11-28,STORE_1,1027,9,False
2025-11-29,STORE_1,1027,19,False
2025-11-30,STORE_1,1027,15,False
2025-12-01,STORE_1,1027,11,False
2025-12-02,STORE_1,1027,11,False
2025-12-03,STORE_1,1027,13,False
2025-12-04,STORE_1,1027,15,False
2025-12-05,STORE_1,1027,16,False
2025-12-06,STORE_1,1027,26,False
2025-12-07,STORE_1,1027,24,True
2025-12-08,STORE_1,1027,9,False
2025-12-09,STORE_1,1027,11,False
2025-12-10,STORE_1,1027,18,False
2025-12-11,STORE_1,1027,9,True
2025-12-12,STORE_1,1027,14,False
2025-12-13,STORE_1,1027,19,False
2025-12-14,STORE_1,1027,14,False
2025-12-15,STORE_1,1027,13,False
2025-12-16,STORE_1,1027,0,False
2025-12-17,STORE_1,1027,9,False
2025-12-18,STORE_1,1027,19,False
2025-12-19,STORE_1,1027,15,False
2025-12-20,STORE_1,1027,9,False
2025-12-21,STORE_1,1027,17,False
2025-12-22,STORE_1,1027,10,False
2025-12-23,STORE_1,1027,12,False
2025-12-24,STORE_1,1027,15,False
2025-12-25,STORE_1,1027,17,False
2025-12-26,STORE_1,1027,24,False
2025-12-27,STORE_1,1027,20,True
2025-12-28,STORE_1,1027,15,False
2025-12-29,STORE_1,1027,16,False
2025-12-30,STORE_1,1027,11,False
2025-12-31,STORE_1,1027,12,False
2026-01-01,STORE_1,1027,15,False
2026-01-02,STORE_1,1027,23,False
2026-01-03,STORE_1,1027,11,False
2026-01-04,STORE_1,1027,8,False
2026-01-05,STORE_1,1027,12,False
2026-01-06,STORE_1,1027,10,False
2026-01-07,STORE_1,1027,7,False
2026-01-08,STORE_1,1027,11,False
2026-01-09,STORE_1,1027,12,False
2026-01-10,STORE_1,1027,0,False
2026-01-11,STORE_1,1027,20,True
2026-01-12,STORE_1,1027,8,False
2026-01-13,STORE_1,1027,9,False
2026-01-14,STORE_1,1027,9,False
2026-01-15,STORE_1,1027,5,False
2026-01-16,STORE_1,1027,11,False
2026-01-17,STORE_1,1027,19,False
2026-01-18,STORE_1,1027,6,False
2026-01-19,STORE_1,1027,10,False
2026-01-20,STORE_1,1027,7,False
2026-01-21,STORE_1,1027,8,False
2026-01-22,STORE_1,1027,0,False
2026-01-23,STORE_1,1027,14,False
2026-01-24,STORE_1,1027,15,False
2026-01-25,STORE_1,1027,9,True
2026-01-26,STORE_1,1027,10,False
2026-01-27,STORE_1,1027,7,False
2026-01-28,STORE_1,1027,9,True
2026-01-29,STORE_1,1027,11,False
2026-01-30,STORE_1,1027,9,False
2026-01-31,STORE_1,1027,18,False
2026-02-01,STORE_1,1027,18,True
2026-02-02,STORE_1,1027,10,False
2026-02-03,STORE_1,1027,7,False
2026-02-04,STORE_1,1027,13,False
2026-02-05,STORE_1,1027,8,True
2026-02-06,STORE_1,1027,31,True
2026-02-07,STORE_1,1027,17,False
2026-02-08,STORE_1,1027,13,False
2026-02-09,STORE_1,1027,10,False
2026-02-10,STORE_1,1027,6,False
2026-02-11,STORE_1,1027,12,False
2026-02-12,STORE_1,1027,5,False
2026-02-13,STORE_1,1027,14,False
2026-02-14,STORE_1,1027,19,False
2026-02-15,STORE_1,1027,9,False
2026-02-16,STORE_1,1027,5,True
2026-02-17,STORE_1,1027,11,False
2026-02-18,STORE_1,1027,11,False
2026-02-19,STORE_1,1027,3,False
2026-02-20,STORE_1,1027,14,False
2026-02-21,STORE_1,1027,10,False
2026-02-22,STORE_1,1027,17,False
2026-02-23,STORE_1,1027,16,True
2026-02-24,STORE_1,1027,11,False
2026-02-25,STORE_1,1027,7,False
2026-02-26,STORE_1,1027,12,False
2026-02-27,STORE_1,1027,17,False
2026-02-28,STORE_1,1027,18,False
2026-03-01,STORE_1,1027,14,False
2026-03-02,STORE_1,1027,9,False
2026-03-03,STORE_1,1027,8,False
2026-03-04,STORE_1,1027,7,True
2026-03-05,STORE_1,1027,9,False
2026-03-06,STORE_1,1027,12,False
2026-03-07,STORE_1,1027,18,False
2026-03-08,STORE_1,1027,13,False
2026-03-09,STORE_1,1027,10,False
2026-03-10,STORE_1,1027,11,False
2026-03-11,STORE_1,1027,8,False
2026-03-12,STORE_1,1027,12,False
2026-03-13,STORE_1,1027,7,False
2026-03-14,STORE_1,1027,0,False
2026-03-15,STORE_1,1027,13,False
2026-03-16,STORE_1,1027,8,False
2026-03-17,STORE_1,1027,10,False
2026-03-18,STORE_1,1027,12,False
2026-03-19,STORE_1,1027,13,False
2026-03-20,STORE_1,1027,19,False
2026-03-21,STORE_1,1027,13,False
2026-03-22,STORE_1,1027,10,False
2026-03-23,STORE_1,1027,0,False
2026-03-24,STORE_1,1027,5,False
2026-03-25,STORE_1,1027,10,False
2026-03-26,STORE_1,1027,10,False
2026-03-27,STORE_1,1027,9,False
2026-03-28,STORE_1,1027,14,False
2026-03-29,STORE_1,1027,12,False
2026-03-30,STORE_1,1027,8,False
2026-03-31,STORE_1,1027,10,False
2026-04-01,STORE_1,1027,7,False
2026-04-02,STORE_1,1027,10,False
2026-04-03,STORE_1,1027,15,False
2026-04-04,STORE_1,1027,13,False
2026-04-05,STORE_1,1027,18,False
2026-04-06,STORE_1,1027,6,False
2026-04-07,STORE_1,1027,8,False
2026-04-08,STORE_1,1027,8,False
2026-04-09,STORE_1,1027,10,False
2026-04-10,STORE_1,1027,10,False
2026-04-11,STORE_1,1027,15,False
2026-04-12,STORE_1,1027,11,False
2026-04-13,STORE_1,1027,10,False
2026-04-14,STORE_1,1027,8,False
2026-04-15,STORE_1,1027,8,False
2026-04-16,STORE_1,1027,9,False
2026-04-17,STORE_1,1027,12,False
2026-04-18,STORE_1,1027,16,False
2026-04-19,STORE_1,1027,5,False
2026-04-20,STORE_1,1027,10,False
2026-04-21,STORE_1,1027,10,False
2026-04-22,STORE_1,1027,9,False
2026-04-23,STORE_1,1027,4,False
2026-04-24,STORE_1,1027,19,False
2026-04-25,STORE_1,1027,14,False
2026-04-26,STORE_1,1027,14,False
2026-04-27,STORE_1,1027,10,False
2026-04-28,STORE_1,1027,15,True
2026-04-29,STORE_1,1027,8,False
2026-04-30,STORE_1,1027,3,False
2026-05-01,STORE_1,1027,9,False
2026-05-02,STORE_1,1027,13,False
2026-05-03,STORE_1,1027,14,False
2026-05-04,STORE_1,1027,9,False
2026-05-05,STORE_1,1027,10,False
2026-05-06,STORE_1,1027,8,False
2026-05-07,STORE_1,1027,11,False
2026-05-08,STORE_1,1027,16,False
2026-05-09,STORE_1,1027,19,False
2026-05-10,STORE_1,1027,18,False
2026-05-11,STORE_1,1027,10,False
2026-05-12,STORE_1,1027,4,False
2026-05-13,STORE_1,1027,10,False
2026-05-14,STORE_1,1027,12,True
2026-05-15,STORE_1,1027,9,False
2026-05-16,STORE_1,1027,23,True
2026-05-17,STORE_1,1027,11,False
2026-05-18,STORE_1,1027,10,False
2026-05-19,STORE_1,1027,10,False
2026-05-20,STORE_1,1027,3,False
2026-05-21,STORE_1,1027,11,False
2026-05-22,STORE_1,1027,5,False
2026-05-23,STORE_1,1027,12,False
2026-05-24,STORE_1,1027,13,False
2026-05-25,STORE_1,1027,4,False
2026-05-26,STORE_1,1027,12,True
2026-05-27,STORE_1,1027,8,False
2026-05-28,STORE_1,1027,13,False
2026-05-29,STORE_1,1027,8,False
2026-05-30,STORE_1,1027,18,False
2026-05-31,STORE_1,1027,7,False
2026-06-01,STORE_1,1027,6,False
2026-06-02,STORE_1,1027,8,False
2026-06-03,STORE_1,1027,12,False
2026-06-04,STORE_1,1027,9,False
2026-06-05,STORE_1,1027,14,False
2026-06-06,STORE_1,1027,13,False
2026-06-07,STORE_1,1027,9,False
2026-06-08,STORE_1,1027,6,False
2026-06-09,STORE_1,1027,8,False
2026-06-10,STORE_1,1027,13,False
2026-06-11,STORE_1,1027,12,True
2026-06-12,STORE_1,1027,0,False
2026-06-13,STORE_1,1027,14,False
2026-06-14,STORE_1,1027,12,False
2026-06-15,STORE_1,1027,7,False
2026-06-16,STORE_1,1027,9,False
2026-06-17,STORE_1,1027,7,False
2026-06-18,STORE_1,1027,10,False
2026-06-19,STORE_1,1027,10,False
2026-06-20,STORE_1,1027,14,False
2026-06-21,STORE_1,1027,9,False
2026-06-22,STORE_1,1027,11,False
2026-06-23,STORE_1,1027,8,False
2026-06-24,STORE_1,1027,12,False
2026-06-25,STORE_1,1027,11,False
2026-06-26,STORE_1,1027,12,False
2026-06-27,STORE_1,1027,0,False
2026-06-28,STORE_1,1027,7,False
2026-06-29,STORE_1,1027,10,False
2026-06-30,STORE_1,1027,11,False
2026-07-01,STORE_1,1027,5,False
2026-07-02,STORE_1,1027,6,False
2026-07-03,STORE_1,1027,10,False
2026-07-04,STORE_1,1027,18,False
2026-07-05,STORE_1,1027,9,False
2026-07-06,STORE_1,1027,11,False
2026-07-07,STORE_1,1027,9,False
2026-07-08,STORE_1,1027,8,False
2026-07-09,STORE_1,1027,14,True
2026-07-10,STORE_1,1027,11,False
2026-07-11,STORE_1,1027,12,False
2026-07-12,STORE_1,1027,10,False
2026-07-13,STORE_1,1027,9,False
2026-07-14,STORE_1,1027,7,False
2026-07-15,STORE_1,1027,7,False
2026-07-16,STORE_1,1027,12,False
2026-07-17,STORE_1,1027,0,False
2026-07-18,STORE_1,1027,18,False
2026-07-19,STORE_1,1027,7,False
2026-07-20,STORE_1,1027,7,False
2026-07-21,STORE_1,1027,8,False
2026-07-22,STORE_1,1027,9,False
2026-07-23,STORE_1,1027,14,False
2026-07-24,STORE_1,1027,10,False
2026-07-25,STORE_1,1027,0,False
2026-07-26,STORE_1,1027,25,True
2026-07-27,STORE_1,1027,9,False
2026-07-28,STORE_1,1027,6,False
2026-07-29,STORE_1,1027,12,False
2026-07-30,STORE_1,1027,0,False
2026-07-31,STORE_1,1027,13,True
2026-08-01,STORE_1,1027,21,False
2026-08-02,STORE_1,1027,10,False
2026-08-03,STORE_1,1027,17,True
2026-08-04,STORE_1,1027,15,True
2026-08-05,STORE_1,1027,10,False
2026-08-06,STORE_1,1027,9,False
2026-08-07,STORE_1,1027,11,False
2026-08-08,STORE_1,1027,13,False
2026-08-09,STORE_1,1027,19,False
2026-08-10,STORE_1,1027,10,False
2026-08-11,STORE_1,1027,9,False
2026-08-12,STORE_1,1027,11,False
2026-08-13,STORE_1,1027,10,False
2026-08-14,STORE_1,1027,18,False
2026-08-15,STORE_1,1027,16,False
2026-08-16,STORE_1,1027,11,False
2026-08-17,STORE_1,1027,8,False
2026-08-18,STORE_1,1027,0,False
2026-08-19,STORE_1,1027,10,False
2026-08-20,STORE_1,1027,10,False
2026-08-21,STORE_1,1027,12,False
2026-08-22,STORE_1,1027,12,False
2026-08-23,STORE_1,1027,4,False
2026-08-24,STORE_1,1027,11,False
2026-08-25,STORE_1,1027,7,False
2026-08-26,STORE_1,1027,10,False
2026-08-27,STORE_1,1027,11,False
2026-08-28,STORE_1,1027,17,False
2026-08-29,STORE_1,1027,8,False
2026-08-30,STORE_1,1027,12,False
2026-08-31,STORE_1,1027,11,False
2026-09-01,STORE_1,1027,13,False
2026-09-02,STORE_1,1027,12,False
2026-09-03,STORE_1,1027,8,False
2026-09-04,STORE_1,1027,17,False
2026-09-05,STORE_1,1027,11,False
2026-09-06,STORE_1,1027,20,False
2026-09-07,STORE_1,1027,9,False
2026-09-08,STORE_1,1027,6,False
2026-09-09,STORE_1,1027,5,False
2026-09-10,STORE_1,1027,8,False
2026-09-11,STORE_1,1027,10,False
2026-09-12,STORE_1,1027,16,False
2026-09-13,STORE_1,1027,15,False
2026-09-14,STORE_1,1027,8,False
2026-09-15,STORE_1,1027,3,False
2026-09-16,STORE_1,1027,7,False
2026-09-17,STORE_1,1027,15,False
2026-09-18,STORE_1,1027,16,False
2026-09-19,STORE_1,1027,18,True
2026-09-20,STORE_1,1027,16,False
2026-09-21,STORE_1,1027,8,False
2026-09-22,STORE_1,1027,7,False
2026-09-23,STORE_1,1027,12,False
2026-09-24,STORE_1,1027,6,False
2026-09-25,STORE_1,1027,17,False
2026-09-26,STORE_1,1027,22,False
2026-09-27,STORE_1,1027,11,True
2026-09-28,STORE_1,1027,11,False
2026-09-29,STORE_1,1027,10,False
2026-09-30,STORE_1,1027,8,False
2025-10-01,STORE_1,1028,19,False
2025-10-02,STORE_1,1028,24,False
2025-10-03,STORE_1,1028,26,False
2025-10-04,STORE_1,1028,42,False
2025-10-05,STORE_1,1028,21,False
2025-10-06,STORE_1,1028,20,False
2025-10-07,STORE_1,1028,0,False
2025-10-08,STORE_1,1028,17,True
2025-10-09,STORE_1,1028,19,False
2025-10-10,STORE_1,1028,30,False
2025-10-11,STORE_1,1028,18,False
2025-10-12,STORE_1,1028,22,False
2025-10-13,STORE_1,1028,20,False
2025-10-14,STORE_1,1028,20,True
2025-10-15,STORE_1,1028,14,False
2025-10-16,STORE_1,1028,0,False
2025-10-17,STORE_1,1028,26,False
2025-10-18,STORE_1,1028,40,False
2025-10-19,STORE_1,1028,19,False
2025-10-20,STORE_1,1028,18,False
2025-10-21,STORE_1,1028,15,False
2025-10-22,STORE_1,1028,15,False
2025-10-23,STORE_1,1028,25,False
2025-10-24,STORE_1,1028,23,False
2025-10-25,STORE_1,1028,23,False
2025-10-26,STORE_1,1028,26,False
2025-10-27,STORE_1,1028,18,False
2025-10-28,STORE_1,1028,21,False
2025-10-29,STORE_1,1028,13,False
2025-10-30,STORE_1,1028,24,False
2025-10-31,STORE_1,1028,23,False
2025-11-01,STORE_1,1028,34,False
2025-11-02,STORE_1,1028,29,False
2025-11-03,STORE_1,1028,17,False
2025-11-04,STORE_1,1028,18,False
2025-11-05,STORE_1,1028,19,True
2025-11-06,STORE_1,1028,30,True
2025-11-07,STORE_1,1028,28,False
2025-11-08,STORE_1,1028,35,False
2025-11-09,STORE_1,1028,22,False
2025-11-10,STORE_1,1028,15,False
2025-11-11,STORE_1,1028,15,False
2025-11-12,STORE_1,1028,12,False
2025-11-13,STORE_1,1028,28,False
2025-11-14,STORE_1,1028,29,True
2025-11-15,STORE_1,1028,18,False
2025-11-16,STORE_1,1028,26,False
2025-11-17,STORE_1,1028,28,False
2025-11-18,STORE_1,1028,12,False
2025-11-19,STORE_1,1028,17,False
2025-11-20,STORE_1,1028,30,False
2025-11-21,STORE_1,1028,35,False
2025-11-22,STORE_1,1028,61,True
2025-11-23,STORE_1,1028,34,False
2025-11-24,STORE_1,1028,22,False
2025-11-25,STORE_1,1028,31,False
2025-11-26,STORE_1,1028,22,False
2025-11-27,STORE_1,1028,26,False
2025-11-28,STORE_1,1028,32,False
2025-11-29,STORE_1,1028,49,False
2025-11-30,STORE_1,1028,32,False
2025-12-01,STORE_1,1028,27,False
2025-12-02,STORE_1,1028,18,False
2025-12-03,STORE_1,1028,18,False
2025-12-04,STORE_1,1028,29,False
2025-12-05,STORE_1,1028,49,False
2025-12-06,STORE_1,1028,48,True
2025-12-07,STORE_1,1028,24,False
2025-12-08,STORE_1,1028,21,False
2025-12-09,STORE_1,1028,20,False
2025-12-10,STORE_1,1028,26,False
2025-12-11,STORE_1,1028,32,False
2025-12-12,STORE_1,1028,25,False
2025-12-13,STORE_1,1028,73,True
2025-12-14,STORE_1,1028,28,False
2025-12-15,STORE_1,1028,17,False
2025-12-16,STORE_1,1028,27,True
2025-12-17,STORE_1,1028,33,False
2025-12-18,STORE_1,1028,27,False
2025-12-19,STORE_1,1028,28,False
2025-12-20,STORE_1,1028,28,False
2025-12-21,STORE_1,1028,33,False
2025-12-22,STORE_1,1028,22,False
2025-12-23,STORE_1,1028,16,False
2025-12-24,STORE_1,1028,15,False
2025-12-25,STORE_1,1028,30,False
2025-12-26,STORE_1,1028,46,True
2025-12-27,STORE_1,1028,49,False
2025-12-28,STORE_1,1028,24,False
2025-12-29,STORE_1,1028,28,False
2025-12-30,STORE_1,1028,24,False
2025-12-31,STORE_1,1028,39,True
2026-01-01,STORE_1,1028,35,False
2026-01-02,STORE_1,1028,35,False
2026-01-03,STORE_1,1028,19,False
2026-01-04,STORE_1,1028,19,False
2026-01-05,STORE_1,1028,23,False
2026-01-06,STORE_1,1028,23,False
2026-01-07,STORE_1,1028,14,False
2026-01-08,STORE_1,1028,30,True
2026-01-09,STORE_1,1028,26,False
2026-01-10,STORE_1,1028,24,False
2026-01-11,STORE_1,1028,16,False
2026-01-12,STORE_1,1028,18,False
2026-01-13,STORE_1,1028,11,False
2026-01-14,STORE_1,1028,22,False
2026-01-15,STORE_1,1028,20,False
2026-01-16,STORE_1,1028,32,False
2026-01-17,STORE_1,1028,31,False
2026-01-18,STORE_1,1028,27,False
2026-01-19,STORE_1,1028,16,False
2026-01-20,STORE_1,1028,31,True
2026-01-21,STORE_1,1028,17,False
2026-01-22,STORE_1,1028,21,False
2026-01-23,STORE_1,1028,27,False
2026-01-24,STORE_1,1028,30,False
2026-01-25,STORE_1,1028,28,False
2026-01-26,STORE_1,1028,24,False
2026-01-27,STORE_1,1028,25,False
2026-01-28,STORE_1,1028,13,False
2026-01-29,STORE_1,1028,24,False
2026-01-30,STORE_1,1028,32,False
2026-01-31,STORE_1,1028,26,False
2026-02-01,STORE_1,1028,21,False
2026-02-02,STORE_1,1028,19,False
2026-02-03,STORE_1,1028,23,False
2026-02-04,STORE_1,1028,16,False
2026-02-05,STORE_1,1028,22,False
2026-02-06,STORE_1,1028,29,False
2026-02-07,STORE_1,1028,43,False
2026-02-08,STORE_1,1028,18,False
2026-02-09,STORE_1,1028,16,False
2026-02-10,STORE_1,1028,19,False
2026-02-11,STORE_1,1028,16,False
2026-02-12,STORE_1,1028,18,False
2026-02-13,STORE_1,1028,20,False
2026-02-14,STORE_1,1028,44,False
2026-02-15,STORE_1,1028,24,False
2026-02-16,STORE_1,1028,19,False
2026-02-17,STORE_1,1028,21,False
2026-02-18,STORE_1,1028,18,False
2026-02-19,STORE_1,1028,19,False
2026-02-20,STORE_1,1028,60,True
2026-02-21,STORE_1,1028,34,False
2026-02-22,STORE_1,1028,27,False
2026-02-23,STORE_1,1028,18,False
2026-02-24,STORE_1,1028,20,False
2026-02-25,STORE_1,1028,22,False
2026-02-26,STORE_1,1028,22,False
2026-02-27,STORE_1,1028,25,False
2026-02-28,STORE_1,1028,31,False
2026-03-01,STORE_1,1028,25,False
2026-03-02,STORE_1,1028,9,False
2026-03-03,STORE_1,1028,28,False
2026-03-04,STORE_1,1028,21,False
2026-03-05,STORE_1,1028,27,False
2026-03-06,STORE_1,1028,0,False
2026-03-07,STORE_1,1028,18,False
2026-03-08,STORE_1,1028,45,True
2026-03-09,STORE_1,1028,11,False
2026-03-10,STORE_1,1028,20,False
2026-03-11,STORE_1,1028,23,False
2026-03-12,STORE_1,1028,20,False
2026-03-13,STORE_1,1028,29,False
2026-03-14,STORE_1,1028,15,False
2026-03-15,STORE_1,1028,27,False
2026-03-16,STORE_1,1028,17,False
2026-03-17,STORE_1,1028,20,False
2026-03-18,STORE_1,1028,18,False
2026-03-19,STORE_1,1028,21,False
2026-03-20,STORE_1,1028,30,False
2026-03-21,STORE_1,1028,27,False
2026-03-22,STORE_1,1028,23,False
2026-03-23,STORE_1,1028,28,False
2026-03-24,STORE_1,1028,23,False
2026-03-25,STORE_1,1028,18,False
2026-03-26,STORE_1,1028,21,False
2026-03-27,STORE_1,1028,0,False
2026-03-28,STORE_1,1028,26,False
2026-03-29,STORE_1,1028,22,False
2026-03-30,STORE_1,1028,8,False
2026-03-31,STORE_1,1028,15,False
2026-04-01,STORE_1,1028,17,False
2026-04-02,STORE_1,1028,28,False
2026-04-03,STORE_1,1028,31,False
2026-04-04,STORE_1,1028,25,False
2026-04-05,STORE_1,1028,35,False
2026-04-06,STORE_1,1028,21,False
2026-04-07,STORE_1,1028,21,False
2026-04-08,STORE_1,1028,10,False
2026-04-09,STORE_1,1028,28,True
2026-04-10,STORE_1,1028,29,False
2026-04-11,STORE_1,1028,20,False
2026-04-12,STORE_1,1028,28,False
2026-04-13,STORE_1,1028,17,True
2026-04-14,STORE_1,1028,18,False
2026-04-15,STORE_1,1028,15,False
2026-04-16,STORE_1,1028,30,False
2026-04-17,STORE_1,1028,33,False
2026-04-18,STORE_1,1028,0,False
2026-04-19,STORE_1,1028,20,False
2026-04-20,STORE_1,1028,20,False
2026-04-21,STORE_1,1028,18,False
2026-04-22,STORE_1,1028,15,False
2026-04-23,STORE_1,1028,14,False
2026-04-24,STORE_1,1028,32,False
2026-04-25,STORE_1,1028,27,False
2026-04-26,STORE_1,1028,40,True
2026-04-27,STORE_1,1028,0,False
2026-04-28,STORE_1,1028,14,False
2026-04-29,STORE_1,1028,20,False
2026-04-30,STORE_1,1028,20,False
2026-05-01,STORE_1,1028,26,False
2026-05-02,STORE_1,1028,38,False
2026-05-03,STORE_1,1028,25,False
2026-05-04,STORE_1,1028,18,False
2026-05-05,STORE_1,1028,13,False
2026-05-06,STORE_1,1028,20,False
2026-05-07,STORE_1,1028,25,False
2026-05-08,STORE_1,1028,25,False
2026-05-09,STORE_1,1028,36,False
2026-05-10,STORE_1,1028,0,False
2026-05-11,STORE_1,1028,18,False
2026-05-12,STORE_1,1028,17,False
2026-05-13,STORE_1,1028,27,False
2026-05-14,STORE_1,1028,25,True
2026-05-15,STORE_1,1028,24,False
2026-05-16,STORE_1,1028,28,False
2026-05-17,STORE_1,1028,35,False
2026-05-18,STORE_1,1028,19,False
2026-05-19,STORE_1,1028,12,False
2026-05-20,STORE_1,1028,16,False
2026-05-21,STORE_1,1028,21,False
2026-05-22,STORE_1,1028,27,False
2026-05-23,STORE_1,1028,11,False
2026-05-24,STORE_1,1028,27,False
2026-05-25,STORE_1,1028,27,True
2026-05-26,STORE_1,1028,18,False
2026-05-27,STORE_1,1028,15,False
2026-05-28,STORE_1,1028,27,False
2026-05-29,STORE_1,1028,29,False
2026-05-30,STORE_1,1028,28,False
2026-05-31,STORE_1,1028,9,False
2026-06-01,STORE_1,1028,21,False
2026-06-02,STORE_1,1028,15,False
2026-06-03,STORE_1,1028,22,False
2026-06-04,STORE_1,1028,24,False
2026-06-05,STORE_1,1028,23,False
2026-06-06,STORE_1,1028,25,False
2026-06-07,STORE_1,1028,32,False
2026-06-08,STORE_1,1028,18,False
2026-06-09,STORE_1,1028,18,False
2026-06-10,STORE_1,1028,19,False
2026-06-11,STORE_1,1028,28,False
2026-06-12,STORE_1,1028,32,False
2026-06-13,STORE_1,1028,34,False
2026-06-14,STORE_1,1028,22,False
2026-06-15,STORE_1,1028,18,False
2026-06-16,STORE_1,1028,17,False
2026-06-17,STORE_1,1028,17,False
2026-06-18,STORE_1,1028,21,False
2026-06-19,STORE_1,1028,22,False
2026-06-20,STORE_1,1028,26,False
2026-06-21,STORE_1,1028,25,False
2026-06-22,STORE_1,1028,36,True
2026-06-23,STORE_1,1028,21,False
2026-06-24,STORE_1,1028,20,False
2026-06-25,STORE_1,1028,22,False
2026-06-26,STORE_1,1028,26,False
2026-06-27,STORE_1,1028,34,False
2026-06-28,STORE_1,1028,12,False
2026-06-29,STORE_1,1028,26,False
2026-06-30,STORE_1,1028,27,False
2026-07-01,STORE_1,1028,9,False
2026-07-02,STORE_1,1028,25,False
2026-07-03,STORE_1,1028,36,False
2026-07-04,STORE_1,1028,30,False
2026-07-05,STORE_1,1028,0,False
2026-07-06,STORE_1,1028,0,False
2026-07-07,STORE_1,1028,16,False
2026-07-08,STORE_1,1028,16,False
2026-07-09,STORE_1,1028,23,False
2026-07-10,STORE_1,1028,34,False
2026-07-11,STORE_1,1028,16,False
2026-07-12,STORE_1,1028,18,False
2026-07-13,STORE_1,1028,16,False
2026-07-14,STORE_1,1028,11,False
2026-07-15,STORE_1,1028,22,False
2026-07-16,STORE_1,1028,24,False
2026-07-17,STORE_1,1028,32,False
2026-07-18,STORE_1,1028,14,False
2026-07-19,STORE_1,1028,29,False
2026-07-20,STORE_1,1028,25,False
2026-07-21,STORE_1,1028,21,False
2026-07-22,STORE_1,1028,19,False
2026-07-23,STORE_1,1028,0,False
2026-07-24,STORE_1,1028,37,False
2026-07-25,STORE_1,1028,44,True
2026-07-26,STORE_1,1028,21,False
2026-07-27,STORE_1,1028,0,False
2026-07-28,STORE_1,1028,16,False
2026-07-29,STORE_1,1028,20,False
2026-07-30,STORE_1,1028,21,False
2026-07-31,STORE_1,1028,20,False
2026-08-01,STORE_1,1028,30,False
2026-08-02,STORE_1,1028,30,False
2026-08-03,STORE_1,1028,18,False
2026-08-04,STORE_1,1028,14,False
2026-08-05,STORE_1,1028,17,False
2026-08-06,STORE_1,1028,36,True
2026-08-07,STORE_1,1028,23,True
2026-08-08,STORE_1,1028,28,False
2026-08-09,STORE_1,1028,20,False
2026-08-10,STORE_1,1028,16,False
2026-08-11,STORE_1,1028,19,False
2026-08-12,STORE_1,1028,18,False
2026-08-13,STORE_1,1028,14,False
2026-08-14,STORE_1,1028,38,False
2026-08-15,STORE_1,1028,32,False
2026-08-16,STORE_1,1028,22,False
2026-08-17,STORE_1,1028,8,False
2026-08-18,STORE_1,1028,21,False
2026-08-19,STORE_1,1028,0,True
2026-08-20,STORE_1,1028,13,False
2026-08-21,STORE_1,1028,29,False
2026-08-22,STORE_1,1028,32,False
2026-08-23,STORE_1,1028,0,False
2026-08-24,STORE_1,1028,13,False
2026-08-25,STORE_1,1028,14,False
2026-08-26,STORE_1,1028,31,True
2026-08-27,STORE_1,1028,19,False
2026-08-28,STORE_1,1028,24,False
2026-08-29,STORE_1,1028,18,False
2026-08-30,STORE_1,1028,16,False
2026-08-31,STORE_1,1028,18,False
2026-09-01,STORE_1,1028,22,True
2026-09-02,STORE_1,1028,23,False
2026-09-03,STORE_1,1028,33,True
2026-09-04,STORE_1,1028,21,False
2026-09-05,STORE_1,1028,30,False
2026-09-06,STORE_1,1028,25,False
2026-09-07,STORE_1,1028,15,False
2026-09-08,STORE_1,1028,21,False
2026-09-09,STORE_1,1028,24,False
2026-09-10,STORE_1,1028,20,False
2026-09-11,STORE_1,1028,19,False
2026-09-12,STORE_1,1028,37,False
2026-09-13,STORE_1,1028,15,False
2026-09-14,STORE_1,1028,20,False
2026-09-15,STORE_1,1028,14,False
2026-09-16,STORE_1,1028,13,False
2026-09-17,STORE_1,1028,18,False
2026-09-18,STORE_1,1028,27,False
2026-09-19,STORE_1,1028,22,False
2026-09-20,STORE_1,1028,16,False
2026-09-21,STORE_1,1028,10,False
2026-09-22,STORE_1,1028,25,False
2026-09-23,STORE_1,1028,21,False
2026-09-24,STORE_1,1028,38,True
2026-09-25,STORE_1,1028,32,False
2026-09-26,STORE_1,1028,27,False
2026-09-27,STORE_1,1028,26,False
2026-09-28,STORE_1,1028,12,False
2026-09-29,STORE_1,1028,20,False
2026-09-30,STORE_1,1028,24,False
2025-10-01,STORE_1,1029,12,False
2025-10-02,STORE_1,1029,21,False
2025-10-03,STORE_1,1029,29,False
2025-10-04,STORE_1,1029,15,False
2025-10-05,STORE_1,1029,11,False
2025-10-06,STORE_1,1029,10,False
2025-10-07,STORE_1,1029,13,False
2025-10-08,STORE_1,1029,17,False
2025-10-09,STORE_1,1029,22,False
2025-10-10,STORE_1,1029,21,False
2025-10-11,STORE_1,1029,25,False
2025-10-12,STORE_1,1029,17,False
2025-10-13,STORE_1,1029,16,False
2025-10-14,STORE_1,1029,16,False
2025-10-15,STORE_1,1029,13,False
2025-10-16,STORE_1,1029,13,False
2025-10-17,STORE_1,1029,0,False
2025-10-18,STORE_1,1029,25,False
2025-10-19,STORE_1,1029,31,True
2025-10-20,STORE_1,1029,12,False
2025-10-21,STORE_1,1029,13,False
2025-10-22,STORE_1,1029,14,False
2025-10-23,STORE_1,1029,13,False
2025-10-24,STORE_1,1029,0,False
2025-10-25,STORE_1,1029,23,False
2025-10-26,STORE_1,1029,0,False
2025-10-27,STORE_1,1029,10,False
2025-10-28,STORE_1,1029,14,False
2025-10-29,STORE_1,1029,16,False
2025-10-30,STORE_1,1029,12,False
2025-10-31,STORE_1,1029,27,False
2025-11-01,STORE_1,1029,19,False
2025-11-02,STORE_1,1029,32,True
2025-11-03,STORE_1,1029,9,False
2025-11-04,STORE_1,1029,20,False
2025-11-05,STORE_1,1029,11,False
2025-11-06,STORE_1,1029,22,True
2025-11-07,STORE_1,1029,26,False
2025-11-08,STORE_1,1029,12,False
2025-11-09,STORE_1,1029,17,False
2025-11-10,STORE_1,1029,16,False
2025-11-11,STORE_1,1029,8,False
2025-11-12,STORE_1,1029,15,False
2025-11-13,STORE_1,1029,20,False
2025-11-14,STORE_1,1029,28,False
2025-11-15,STORE_1,1029,33,False
2025-11-16,STORE_1,1029,27,False
2025-11-17,STORE_1,1029,25,False
2025-11-18,STORE_1,1029,19,True
2025-11-19,STORE_1,1029,15,False
2025-11-20,STORE_1,1029,6,False
2025-11-21,STORE_1,1029,28,False
2025-11-22,STORE_1,1029,34,False
2025-11-23,STORE_1,1029,21,False
2025-11-24,STORE_1,1029,20,False
2025-11-25,STORE_1,1029,19,False
2025-11-26,STORE_1,1029,26,False
2025-11-27,STORE_1,1029,13,False
2025-11-28,STORE_1,1029,36,True
2025-11-29,STORE_1,1029,32,False
2025-11-30,STORE_1,1029,31,False
2025-12-01,STORE_1,1029,18,False
2025-12-02,STORE_1,1029,29,False
2025-12-03,STORE_1,1029,22,False
2025-12-04,STORE_1,1029,15,False
2025-12-05,STORE_1,1029,36,False
2025-12-06,STORE_1,1029,37,False
2025-12-07,STORE_1,1029,25,False
2025-12-08,STORE_1,1029,27,False
2025-12-09,STORE_1,1029,16,False
2025-12-10,STORE_1,1029,18,False
2025-12-11,STORE_1,1029,19,False
2025-12-12,STORE_1,1029,31,False
2025-12-13,STORE_1,1029,33,False
2025-12-14,STORE_1,1029,19,False
2025-12-15,STORE_1,1029,24,True
2025-12-16,STORE_1,1029,21,False
2025-12-17,STORE_1,1029,19,False
2025-12-18,STORE_1,1029,19,False
2025-12-19,STORE_1,1029,25,False
2025-12-20,STORE_1,1029,40,False
2025-12-21,STORE_1,1029,26,False
2025-12-22,STORE_1,1029,11,True
2025-12-23,STORE_1,1029,25,False
2025-12-24,STORE_1,1029,40,True
2025-12-25,STORE_1,1029,16,False
2025-12-26,STORE_1,1029,31,False
2025-12-27,STORE_1,1029,27,False
2025-12-28,STORE_1,1029,25,False
2025-12-29,STORE_1,1029,26,False
2025-12-30,STORE_1,1029,24,False
2025-12-31,STORE_1,1029,32,False
2026-01-01,STORE_1,1029,22,False
2026-01-02,STORE_1,1029,40,False
2026-01-03,STORE_1,1029,22,False
2026-01-04,STORE_1,1029,5,False
2026-01-05,STORE_1,1029,15,False
2026-01-06,STORE_1,1029,11,False
2026-01-07,STORE_1,1029,13,False
2026-01-08,STORE_1,1029,17,False
2026-01-09,STORE_1,1029,29,False
2026-01-10,STORE_1,1029,0,False
2026-01-11,STORE_1,1029,20,False
2026-01-12,STORE_1,1029,15,False
2026-01-13,STORE_1,1029,16,False
2026-01-14,STORE_1,1029,12,False
2026-01-15,STORE_1,1029,10,False
2026-01-16,STORE_1,1029,21,False
2026-01-17,STORE_1,1029,32,False
2026-01-18,STORE_1,1029,20,False
2026-01-19,STORE_1,1029,14,False
2026-01-20,STORE_1,1029,13,False
2026-01-21,STORE_1,1029,14,False
2026-01-22,STORE_1,1029,6,False
2026-01-23,STORE_1,1029,28,False
2026-01-24,STORE_1,1029,21,False
2026-01-25,STORE_1,1029,20,False
2026-01-26,STORE_1,1029,14,False
2026-01-27,STORE_1,1029,12,False
2026-01-28,STORE_1,1029,20,False
2026-01-29,STORE_1,1029,26,True
2026-01-30,STORE_1,1029,10,False
2026-01-31,STORE_1,1029,26,False
2026-02-01,STORE_1,1029,17,False
2026-02-02,STORE_1,1029,12,False
2026-02-03,STORE_1,1029,12,False
2026-02-04,STORE_1,1029,8,False
2026-02-05,STORE_1,1029,9,False
2026-02-06,STORE_1,1029,34,True
2026-02-07,STORE_1,1029,27,False
2026-02-08,STORE_1,1029,26,False
2026-02-09,STORE_1,1029,4,False
2026-02-10,STORE_1,1029,13,False
2026-02-11,STORE_1,1029,16,False
2026-02-12,STORE_1,1029,17,False
2026-02-13,STORE_1,1029,23,False
2026-02-14,STORE_1,1029,30,False
2026-02-15,STORE_1,1029,16,False
2026-02-16,STORE_1,1029,16,False
2026-02-17,STORE_1,1029,19,False
2026-02-18,STORE_1,1029,23,True
2026-02-19,STORE_1,1029,18,False
2026-02-20,STORE_1,1029,31,True
2026-02-21,STORE_1,1029,21,False
2026-02-22,STORE_1,1029,8,False
2026-02-23,STORE_1,1029,17,False
2026-02-24,STORE_1,1029,15,False
2026-02-25,STORE_1,1029,12,False
2026-02-26,STORE_1,1029,11,False
2026-02-27,STORE_1,1029,31,False
2026-02-28,STORE_1,1029,29,True
2026-03-01,STORE_1,1029,24,False
2026-03-02,STORE_1,1029,11,False
2026-03-03,STORE_1,1029,11,False
2026-03-04,STORE_1,1029,13,False
2026-03-05,STORE_1,1029,0,False
2026-03-06,STORE_1,1029,28,False
2026-03-07,STORE_1,1029,26,False
2026-03-08,STORE_1,1029,25,False
2026-03-09,STORE_1,1029,8,False
2026-03-10,STORE_1,1029,12,False
2026-03-11,STORE_1,1029,15,False
2026-03-12,STORE_1,1029,16,False
2026-03-13,STORE_1,1029,24,False
2026-03-14,STORE_1,1029,16,False
2026-03-15,STORE_1,1029,13,False
2026-03-16,STORE_1,1029,17,False
2026-03-17,STORE_1,1029,18,False
2026-03-18,STORE_1,1029,14,False
2026-03-19,STORE_1,1029,23,False
2026-03-20,STORE_1,1029,30,False
2026-03-21,STORE_1,1029,24,False
2026-03-22,STORE_1,1029,18,False
2026-03-23,STORE_1,1029,13,False
2026-03-24,STORE_1,1029,12,False
2026-03-25,STORE_1,1029,18,False
2026-03-26,STORE_1,1029,29,True
2026-03-27,STORE_1,1029,10,False
2026-03-28,STORE_1,1029,29,False
2026-03-29,STORE_1,1029,17,False
2026-03-30,STORE_1,1029,24,True
2026-03-31,STORE_1,1029,14,False
2026-04-01,STORE_1,1029,10,False
2026-04-02,STORE_1,1029,15,False
2026-04-03,STORE_1,1029,21,False
2026-04-04,STORE_1,1029,20,False
2026-04-05,STORE_1,1029,21,False
2026-04-06,STORE_1,1029,6,False
2026-04-07,STORE_1,1029,14,False
2026-04-08,STORE_1,1029,20,False
2026-04-09,STORE_1,1029,21,False
2026-04-10,STORE_1,1029,22,False
2026-04-11,STORE_1,1029,26,True
2026-04-12,STORE_1,1029,27,False
2026-04-13,STORE_1,1029,16,False
2026-04-14,STORE_1,1029,13,False
2026-04-15,STORE_1,1029,13,False
2026-04-16,STORE_1,1029,13,False
2026-04-17,STORE_1,1029,21,False
2026-04-18,STORE_1,1029,20,False
2026-04-19,STORE_1,1029,22,False
2026-04-20,STORE_1,1029,18,False
2026-04-21,STORE_1,1029,16,False
2026-04-22,STORE_1,1029,18,False
2026-04-23,STORE_1,1029,22,False
2026-04-24,STORE_1,1029,26,False
2026-04-25,STORE_1,1029,23,False
2026-04-26,STORE_1,1029,12,False
2026-04-27,STORE_1,1029,9,False
2026-04-28,STORE_1,1029,17,False
2026-04-29,STORE_1,1029,15,False
2026-04-30,STORE_1,1029,18,False
2026-05-01,STORE_1,1029,13,False
2026-05-02,STORE_1,1029,36,True
2026-05-03,STORE_1,1029,19,False
2026-05-04,STORE_1,1029,0,False
2026-05-05,STORE_1,1029,16,False
2026-05-06,STORE_1,1029,13,False
2026-05-07,STORE_1,1029,16,False
2026-05-08,STORE_1,1029,19,False
2026-05-09,STORE_1,1029,0,False
2026-05-10,STORE_1,1029,26,False
2026-05-11,STORE_1,1029,20,False
2026-05-12,STORE_1,1029,21,True
2026-05-13,STORE_1,1029,14,False
2026-05-14,STORE_1,1029,17,False
2026-05-15,STORE_1,1029,25,False
2026-05-16,STORE_1,1029,23,False
2026-05-17,STORE_1,1029,28,False
2026-05-18,STORE_1,1029,16,False
2026-05-19,STORE_1,1029,14,False
2026-05-20,STORE_1,1029,11,False
2026-05-21,STORE_1,1029,18,False
2026-05-22,STORE_1,1029,10,False
2026-05-23,STORE_1,1029,19,False
2026-05-24,STORE_1,1029,18,False
2026-05-25,STORE_1,1029,15,False
2026-05-26,STORE_1,1029,11,False
2026-05-27,STORE_1,1029,11,False
2026-05-28,STORE_1,1029,16,False
2026-05-29,STORE_1,1029,18,False
2026-05-30,STORE_1,1029,21,False
2026-05-31,STORE_1,1029,22,False
2026-06-01,STORE_1,1029,20,False
2026-06-02,STORE_1,1029,13,False
2026-06-03,STORE_1,1029,17,False
2026-06-04,STORE_1,1029,15,False
2026-06-05,STORE_1,1029,18,False
2026-06-06,STORE_1,1029,22,False
2026-06-07,STORE_1,1029,24,False
2026-06-08,STORE_1,1029,9,False
2026-06-09,STORE_1,1029,8,False
2026-06-10,STORE_1,1029,20,True
2026-06-11,STORE_1,1029,14,False
2026-06-12,STORE_1,1029,21,False
2026-06-13,STORE_1,1029,30,False
2026-06-14,STORE_1,1029,20,False
2026-06-15,STORE_1,1029,12,False
2026-06-16,STORE_1,1029,10,False
2026-06-17,STORE_1,1029,18,False
2026-06-18,STORE_1,1029,19,False
2026-06-19,STORE_1,1029,28,False
2026-06-20,STORE_1,1029,23,False
2026-06-21,STORE_1,1029,21,False
2026-06-22,STORE_1,1029,11,False
2026-06-23,STORE_1,1029,13,True
2026-06-24,STORE_1,1029,9,False
2026-06-25,STORE_1,1029,13,False
2026-06-26,STORE_1,1029,0,False
2026-06-27,STORE_1,1029,31,False
2026-06-28,STORE_1,1029,16,False
2026-06-29,STORE_1,1029,23,True
2026-06-30,STORE_1,1029,11,False
2026-07-01,STORE_1,1029,18,False
2026-07-02,STORE_1,1029,17,False
2026-07-03,STORE_1,1029,22,False
2026-07-04,STORE_1,1029,37,False
2026-07-05,STORE_1,1029,22,False
2026-07-06,STORE_1,1029,14,False
2026-07-07,STORE_1,1029,13,False
2026-07-08,STORE_1,1029,15,False
2026-07-09,STORE_1,1029,25,True
2026-07-10,STORE_1,1029,24,False
2026-07-11,STORE_1,1029,23,False
2026-07-12,STORE_1,1029,22,False
2026-07-13,STORE_1,1029,0,False
2026-07-14,STORE_1,1029,9,False
2026-07-15,STORE_1,1029,17,False
2026-07-16,STORE_1,1029,14,False
2026-07-17,STORE_1,1029,26,False
2026-07-18,STORE_1,1029,28,False
2026-07-19,STORE_1,1029,27,False
2026-07-20,STORE_1,1029,15,False
2026-07-21,STORE_1,1029,17,False
2026-07-22,STORE_1,1029,24,True
2026-07-23,STORE_1,1029,12,False
2026-07-24,STORE_1,1029,22,False
2026-07-25,STORE_1,1029,24,False
2026-07-26,STORE_1,1029,22,False
2026-07-27,STORE_1,1029,0,False
2026-07-28,STORE_1,1029,21,True
2026-07-29,STORE_1,1029,26,False
2026-07-30,STORE_1,1029,17,False
2026-07-31,STORE_1,1029,19,False
2026-08-01,STORE_1,1029,29,False
2026-08-02,STORE_1,1029,24,False
2026-08-03,STORE_1,1029,16,False
2026-08-04,STORE_1,1029,19,False
2026-08-05,STORE_1,1029,15,False
2026-08-06,STORE_1,1029,21,False
2026-08-07,STORE_1,1029,13,False
2026-08-08,STORE_1,1029,31,False
2026-08-09,STORE_1,1029,22,False
2026-08-10,STORE_1,1029,18,False
2026-08-11,STORE_1,1029,13,False
2026-08-12,STORE_1,1029,9,False
2026-08-13,STORE_1,1029,12,False
2026-08-14,STORE_1,1029,25,False
2026-08-15,STORE_1,1029,30,True
2026-08-16,STORE_1,1029,15,False
2026-08-17,STORE_1,1029,14,False
2026-08-18,STORE_1,1029,20,False
2026-08-19,STORE_1,1029,12,False
2026-08-20,STORE_1,1029,10,False
2026-08-21,STORE_1,1029,21,False
2026-08-22,STORE_1,1029,32,False
2026-08-23,STORE_1,1029,20,False
2026-08-24,STORE_1,1029,14,False
2026-08-25,STORE_1,1029,13,False
2026-08-26,STORE_1,1029,0,False
2026-08-27,STORE_1,1029,23,False
2026-08-28,STORE_1,1029,22,False
2026-08-29,STORE_1,1029,33,False
2026-08-30,STORE_1,1029,20,False
2026-08-31,STORE_1,1029,17,False
2026-09-01,STORE_1,1029,18,False
2026-09-02,STORE_1,1029,32,True
2026-09-03,STORE_1,1029,17,False
2026-09-04,STORE_1,1029,23,False
2026-09-05,STORE_1,1029,33,False
2026-09-06,STORE_1,1029,20,False
2026-09-07,STORE_1,1029,0,False
2026-09-08,STORE_1,1029,13,False
2026-09-09,STORE_1,1029,16,False
2026-09-10,STORE_1,1029,19,False
2026-09-11,STORE_1,1029,11,False
2026-09-12,STORE_1,1029,29,False
2026-09-13,STORE_1,1029,24,False
2026-09-14,STORE_1,1029,17,False
2026-09-15,STORE_1,1029,16,False
2026-09-16,STORE_1,1029,11,False
2026-09-17,STORE_1,1029,22,False
2026-09-18,STORE_1,1029,15,False
2026-09-19,STORE_1,1029,21,False
2026-09-20,STORE_1,1029,24,False
2026-09-21,STORE_1,1029,13,False
2026-09-22,STORE_1,1029,17,False
2026-09-23,STORE_1,1029,18,True
2026-09-24,STORE_1,1029,16,False
2026-09-25,STORE_1,1029,25,False
2026-09-26,STORE_1,1029,10,False
2026-09-27,STORE_1,1029,28,False
2026-09-28,STORE_1,1029,15,False
2026-09-29,STORE_1,1029,26,True
2026-09-30,STORE_1,1029,35,True
2025-10-01,STORE_1,1030,12,False
2025-10-02,STORE_1,1030,21,False
2025-10-03,STORE_1,1030,25,False
2025-10-04,STORE_1,1030,23,False
2025-10-05,STORE_1,1030,18,False
2025-10-06,STORE_1,1030,22,False
2025-10-07,STORE_1,1030,8,False
2025-10-08,STORE_1,1030,18,False
2025-10-09,STORE_1,1030,15,False
2025-10-10,STORE_1,1030,25,False
2025-10-11,STORE_1,1030,21,False
2025-10-12,STORE_1,1030,23,False
2025-10-13,STORE_1,1030,21,False
2025-10-14,STORE_1,1030,14,False
2025-10-15,STORE_1,1030,15,False
2025-10-16,STORE_1,1030,20,False
2025-10-17,STORE_1,1030,27,False
2025-10-18,STORE_1,1030,40,False
2025-10-19,STORE_1,1030,19,False
2025-10-20,STORE_1,1030,15,False
2025-10-21,STORE_1,1030,12,False
2025-10-22,STORE_1,1030,7,False
2025-10-23,STORE_1,1030,23,False
2025-10-24,STORE_1,1030,0,False
2025-10-25,STORE_1,1030,28,False
2025-10-26,STORE_1,1030,21,False
2025-10-27,STORE_1,1030,18,False
2025-10-28,STORE_1,1030,20,False
2025-10-29,STORE_1,1030,13,False
2025-10-30,STORE_1,1030,27,False
2025-10-31,STORE_1,1030,24,False
2025-11-01,STORE_1,1030,25,False
2025-11-02,STORE_1,1030,21,False
2025-11-03,STORE_1,1030,15,False
2025-11-04,STORE_1,1030,18,False
2025-11-05,STORE_1,1030,18,False
2025-11-06,STORE_1,1030,20,False
2025-11-07,STORE_1,1030,21,False
2025-11-08,STORE_1,1030,29,False
2025-11-09,STORE_1,1030,37,True
2025-11-10,STORE_1,1030,17,False
2025-11-11,STORE_1,1030,0,True
2025-11-12,STORE_1,1030,16,False
2025-11-13,STORE_1,1030,0,False
2025-11-14,STORE_1,1030,21,False
2025-11-15,STORE_1,1030,31,False
2025-11-16,STORE_1,1030,27,False
2025-11-17,STORE_1,1030,16,False
2025-11-18,STORE_1,1030,17,False
2025-11-19,STORE_1,1030,19,False
2025-11-20,STORE_1,1030,26,False
2025-11-21,STORE_1,1030,33,False
2025-11-22,STORE_1,1030,39,False
2025-11-23,STORE_1,1030,16,False
2025-11-24,STORE_1,1030,20,False
2025-11-25,STORE_1,1030,20,False
2025-11-26,STORE_1,1030,18,False
2025-11-27,STORE_1,1030,23,False
2025-11-28,STORE_1,1030,31,True
2025-11-29,STORE_1,1030,42,False
2025-11-30,STORE_1,1030,27,False
2025-12-01,STORE_1,1030,24,False
2025-12-02,STORE_1,1030,20,False
2025-12-03,STORE_1,1030,29,False
2025-12-04,STORE_1,1030,18,False
2025-12-05,STORE_1,1030,32,False
2025-12-06,STORE_1,1030,23,False
2025-12-07,STORE_1,1030,32,False
2025-12-08,STORE_1,1030,26,True
2025-12-09,STORE_1,1030,24,False
2025-12-10,STORE_1,1030,22,False
2025-12-11,STORE_1,1030,18,False
2025-12-12,STORE_1,1030,35,False
2025-12-13,STORE_1,1030,71,True
2025-12-14,STORE_1,1030,12,False
2025-12-15,STORE_1,1030,23,True
2025-12-16,STORE_1,1030,25,False
2025-12-17,STORE_1,1030,29,False
2025-12-18,STORE_1,1030,22,False
2025-12-19,STORE_1,1030,41,False
2025-12-20,STORE_1,1030,37,False
2025-12-21,STORE_1,1030,27,False
2025-12-22,STORE_1,1030,22,False
2025-12-23,STORE_1,1030,16,False
2025-12-24,STORE_1,1030,18,False
2025-12-25,STORE_1,1030,26,True
2025-12-26,STORE_1,1030,31,False
2025-12-27,STORE_1,1030,34,False
2025-12-28,STORE_1,1030,31,False
2025-12-29,STORE_1,1030,34,False
2025-12-30,STORE_1,1030,15,False
2025-12-31,STORE_1,1030,23,False
2026-01-01,STORE_1,1030,26,False
2026-01-02,STORE_1,1030,39,False
2026-01-03,STORE_1,1030,26,False
2026-01-04,STORE_1,1030,12,False
2026-01-05,STORE_1,1030,17,False
2026-01-06,STORE_1,1030,8,False
2026-01-07,STORE_1,1030,21,False
2026-01-08,STORE_1,1030,19,False
2026-01-09,STORE_1,1030,26,False
2026-01-10,STORE_1,1030,20,False
2026-01-11,STORE_1,1030,16,False
2026-01-12,STORE_1,1030,15,True
2026-01-13,STORE_1,1030,0,False
2026-01-14,STORE_1,1030,14,False
2026-01-15,STORE_1,1030,25,False
2026-01-16,STORE_1,1030,0,True
2026-01-17,STORE_1,1030,22,False
2026-01-18,STORE_1,1030,22,False
2026-01-19,STORE_1,1030,15,False
2026-01-20,STORE_1,1030,18,False
2026-01-21,STORE_1,1030,12,False
2026-01-22,STORE_1,1030,23,False
2026-01-23,STORE_1,1030,21,False
2026-01-24,STORE_1,1030,18,False
2026-01-25,STORE_1,1030,15,False
2026-01-26,STORE_1,1030,16,False
2026-01-27,STORE_1,1030,11,True
2026-01-28,STORE_1,1030,20,False
2026-01-29,STORE_1,1030,24,False
2026-01-30,STORE_1,1030,23,False
2026-01-31,STORE_1,1030,20,False
2026-02-01,STORE_1,1030,15,False
2026-02-02,STORE_1,1030,12,False
2026-02-03,STORE_1,1030,11,False
2026-02-04,STORE_1,1030,42,True
2026-02-05,STORE_1,1030,14,False
2026-02-06,STORE_1,1030,14,False
2026-02-07,STORE_1,1030,30,False
2026-02-08,STORE_1,1030,31,False
2026-02-09,STORE_1,1030,20,False
2026-02-10,STORE_1,1030,15,False
2026-02-11,STORE_1,1030,13,False
2026-02-12,STORE_1,1030,21,False
2026-02-13,STORE_1,1030,22,False
2026-02-14,STORE_1,1030,24,False
2026-02-15,STORE_1,1030,29,False
2026-02-16,STORE_1,1030,17,True
2026-02-17,STORE_1,1030,21,False
2026-02-18,STORE_1,1030,24,False
2026-02-19,STORE_1,1030,18,False
2026-02-20,STORE_1,1030,34,False
2026-02-21,STORE_1,1030,17,False
2026-02-22,STORE_1,1030,23,False
2026-02-23,STORE_1,1030,23,False
2026-02-24,STORE_1,1030,19,False
2026-02-25,STORE_1,1030,19,False
2026-02-26,STORE_1,1030,18,False
2026-02-27,STORE_1,1030,21,False
2026-02-28,STORE_1,1030,29,False
2026-03-01,STORE_1,1030,25,False
2026-03-02,STORE_1,1030,21,False
2026-03-03,STORE_1,1030,17,False
2026-03-04,STORE_1,1030,12,False
2026-03-05,STORE_1,1030,15,False
2026-03-06,STORE_1,1030,23,False
2026-03-07,STORE_1,1030,17,False
2026-03-08,STORE_1,1030,14,False
2026-03-09,STORE_1,1030,21,False
2026-03-10,STORE_1,1030,13,False
2026-03-11,STORE_1,1030,20,False
2026-03-12,STORE_1,1030,0,False
2026-03-13,STORE_1,1030,22,False
2026-03-14,STORE_1,1030,18,False
2026-03-15,STORE_1,1030,27,False
2026-03-16,STORE_1,1030,16,False
2026-03-17,STORE_1,1030,23,False
2026-03-18,STORE_1,1030,10,False
2026-03-19,STORE_1,1030,14,False
2026-03-20,STORE_1,1030,22,True
2026-03-21,STORE_1,1030,27,False
2026-03-22,STORE_1,1030,19,False
2026-03-23,STORE_1,1030,13,False
2026-03-24,STORE_1,1030,15,False
2026-03-25,STORE_1,1030,17,False
2026-03-26,STORE_1,1030,18,False
2026-03-27,STORE_1,1030,23,False
2026-03-28,STORE_1,1030,27,False
2026-03-29,STORE_1,1030,18,False
2026-03-30,STORE_1,1030,15,False
2026-03-31,STORE_1,1030,18,False
2026-04-01,STORE_1,1030,15,False
2026-04-02,STORE_1,1030,16,False
2026-04-03,STORE_1,1030,21,False
2026-04-04,STORE_1,1030,43,False
2026-04-05,STORE_1,1030,23,False
2026-04-06,STORE_1,1030,15,False
2026-04-07,STORE_1,1030,22,False
2026-04-08,STORE_1,1030,18,False
2026-04-09,STORE_1,1030,22,False
2026-04-10,STORE_1,1030,17,False
2026-04-11,STORE_1,1030,38,True
2026-04-12,STORE_1,1030,31,False
2026-04-13,STORE_1,1030,21,False
2026-04-14,STORE_1,1030,23,False
2026-04-15,STORE_1,1030,20,True
2026-04-16,STORE_1,1030,18,True
2026-04-17,STORE_1,1030,20,False
2026-04-18,STORE_1,1030,25,False
2026-04-19,STORE_1,1030,21,False
2026-04-20,STORE_1,1030,19,False
2026-04-21,STORE_1,1030,14,False
2026-04-22,STORE_1,1030,15,False
2026-04-23,STORE_1,1030,28,False
2026-04-24,STORE_1,1030,10,False
2026-04-25,STORE_1,1030,13,False
2026-04-26,STORE_1,1030,16,False
2026-04-27,STORE_1,1030,8,False
2026-04-28,STORE_1,1030,8,False
2026-04-29,STORE_1,1030,15,False
2026-04-30,STORE_1,1030,20,False
2026-05-01,STORE_1,1030,21,False
2026-05-02,STORE_1,1030,28,False
2026-05-03,STORE_1,1030,26,False
2026-05-04,STORE_1,1030,17,False
2026-05-05,STORE_1,1030,17,False
2026-05-06,STORE_1,1030,15,False
2026-05-07,STORE_1,1030,16,False
2026-05-08,STORE_1,1030,11,False
2026-05-09,STORE_1,1030,32,False
2026-05-10,STORE_1,1030,22,False
2026-05-11,STORE_1,1030,18,False
2026-05-12,STORE_1,1030,18,True
2026-05-13,STORE_1,1030,17,False
2026-05-14,STORE_1,1030,24,False
2026-05-15,STORE_1,1030,22,False
2026-05-16,STORE_1,1030,28,False
2026-05-17,STORE_1,1030,8,False
2026-05-18,STORE_1,1030,0,False
2026-05-19,STORE_1,1030,19,False
2026-05-20,STORE_1,1030,17,False
2026-05-21,STORE_1,1030,0,False
2026-05-22,STORE_1,1030,30,False
2026-05-23,STORE_1,1030,40,False
2026-05-24,STORE_1,1030,15,False
2026-05-25,STORE_1,1030,15,False
2026-05-26,STORE_1,1030,13,False
2026-05-27,STORE_1,1030,16,False
2026-05-28,STORE_1,1030,18,False
2026-05-29,STORE_1,1030,27,False
2026-05-30,STORE_1,1030,31,False
2026-05-31,STORE_1,1030,18,False
2026-06-01,STORE_1,1030,12,False
2026-06-02,STORE_1,1030,10,False
2026-06-03,STORE_1,1030,17,False
2026-06-04,STORE_1,1030,18,False
2026-06-05,STORE_1,1030,16,False
2026-06-06,STORE_1,1030,41,True
2026-06-07,STORE_1,1030,33,True
2026-06-08,STORE_1,1030,17,False
2026-06-09,STORE_1,1030,11,False
2026-06-10,STORE_1,1030,14,False
2026-06-11,STORE_1,1030,12,False
2026-06-12,STORE_1,1030,26,False
2026-06-13,STORE_1,1030,25,False
2026-06-14,STORE_1,1030,25,False
2026-06-15,STORE_1,1030,13,False
2026-06-16,STORE_1,1030,8,False
2026-06-17,STORE_1,1030,23,False
2026-06-18,STORE_1,1030,17,False
2026-06-19,STORE_1,1030,34,False
2026-06-20,STORE_1,1030,29,False
2026-06-21,STORE_1,1030,26,False
2026-06-22,STORE_1,1030,19,False
2026-06-23,STORE_1,1030,15,False
2026-06-24,STORE_1,1030,17,False
2026-06-25,STORE_1,1030,24,False
2026-06-26,STORE_1,1030,10,False
2026-06-27,STORE_1,1030,34,False
2026-06-28,STORE_1,1030,34,True
2026-06-29,STORE_1,1030,15,False
2026-06-30,STORE_1,1030,21,True
2026-07-01,STORE_1,1030,13,False
2026-07-02,STORE_1,1030,17,True
2026-07-03,STORE_1,1030,26,False
2026-07-04,STORE_1,1030,30,False
2026-07-05,STORE_1,1030,16,False
2026-07-06,STORE_1,1030,14,False
2026-07-07,STORE_1,1030,17,False
2026-07-08,STORE_1,1030,18,False
2026-07-09,STORE_1,1030,19,False
2026-07-10,STORE_1,1030,18,False
2026-07-11,STORE_1,1030,42,False
2026-07-12,STORE_1,1030,19,False
2026-07-13,STORE_1,1030,18,False
2026-07-14,STORE_1,1030,19,True
2026-07-15,STORE_1,1030,15,False
2026-07-16,STORE_1,1030,16,False
2026-07-17,STORE_1,1030,19,False
2026-07-18,STORE_1,1030,40,False
2026-07-19,STORE_1,1030,32,False
2026-07-20,STORE_1,1030,23,False
2026-07-21,STORE_1,1030,26,True
2026-07-22,STORE_1,1030,19,False
2026-07-23,STORE_1,1030,10,False
2026-07-24,STORE_1,1030,28,False
2026-07-25,STORE_1,1030,29,False
2026-07-26,STORE_1,1030,22,False
2026-07-27,STORE_1,1030,26,False
2026-07-28,STORE_1,1030,28,True
2026-07-29,STORE_1,1030,17,False
2026-07-30,STORE_1,1030,20,False
2026-07-31,STORE_1,1030,25,False
2026-08-01,STORE_1,1030,19,False
2026-08-02,STORE_1,1030,7,False
2026-08-03,STORE_1,1030,18,False
2026-08-04,STORE_1,1030,15,False
2026-08-05,STORE_1,1030,22,False
2026-08-06,STORE_1,1030,14,False
2026-08-07,STORE_1,1030,24,False
2026-08-08,STORE_1,1030,23,False
2026-08-09,STORE_1,1030,28,False
2026-08-10,STORE_1,1030,16,False
2026-08-11,STORE_1,1030,16,False
2026-08-12,STORE_1,1030,17,False
2026-08-13,STORE_1,1030,16,True
2026-08-14,STORE_1,1030,32,False
2026-08-15,STORE_1,1030,27,False
2026-08-16,STORE_1,1030,26,False
2026-08-17,STORE_1,1030,30,False
2026-08-18,STORE_1,1030,22,False
2026-08-19,STORE_1,1030,19,False
2026-08-20,STORE_1,1030,19,False
2026-08-21,STORE_1,1030,30,False
2026-08-22,STORE_1,1030,25,False
2026-08-23,STORE_1,1030,12,False
2026-08-24,STORE_1,1030,21,False
2026-08-25,STORE_1,1030,20,False
2026-08-26,STORE_1,1030,16,False
2026-08-27,STORE_1,1030,19,False
2026-08-28,STORE_1,1030,22,False
2026-08-29,STORE_1,1030,25,False
2026-08-30,STORE_1,1030,18,False
2026-08-31,STORE_1,1030,24,True
2026-09-01,STORE_1,1030,14,False
2026-09-02,STORE_1,1030,19,False
2026-09-03,STORE_1,1030,25,False
2026-09-04,STORE_1,1030,20,False
2026-09-05,STORE_1,1030,40,True
2026-09-06,STORE_1,1030,20,False
2026-09-07,STORE_1,1030,17,False
2026-09-08,STORE_1,1030,12,False
2026-09-09,STORE_1,1030,13,False
2026-09-10,STORE_1,1030,25,False
2026-09-11,STORE_1,1030,19,False
2026-09-12,STORE_1,1030,38,False
2026-09-13,STORE_1,1030,18,False
2026-09-14,STORE_1,1030,15,False
2026-09-15,STORE_1,1030,10,False
2026-09-16,STORE_1,1030,19,False
2026-09-17,STORE_1,1030,16,False
2026-09-18,STORE_1,1030,24,False
2026-09-19,STORE_1,1030,34,False
2026-09-20,STORE_1,1030,17,False
2026-09-21,STORE_1,1030,14,False
2026-09-22,STORE_1,1030,17,False
2026-09-23,STORE_1,1030,18,False
2026-09-24,STORE_1,1030,23,False
2026-09-25,STORE_1,1030,30,False
2026-09-26,STORE_1,1030,27,False
2026-09-27,STORE_1,1030,22,True
2026-09-28,STORE_1,1030,19,False
2026-09-29,STORE_1,1030,13,False
2026-09-30,STORE_1,1030,15,False
2025-10-01,STORE_1,1031,20,False
2025-10-02,STORE_1,1031,29,False
2025-10-03,STORE_1,1031,34,True
2025-10-04,STORE_1,1031,49,False
2025-10-05,STORE_1,1031,44,True
2025-10-06,STORE_1,1031,50,True
2025-10-07,STORE_1,1031,22,False
2025-10-08,STORE_1,1031,23,False
2025-10-09,STORE_1,1031,23,False
2025-10-10,STORE_1,1031,34,False
2025-10-11,STORE_1,1031,41,False
2025-10-12,STORE_1,1031,35,False
2025-10-13,STORE_1,1031,19,False
2025-10-14,STORE_1,1031,13,False
2025-10-15,STORE_1,1031,13,False
2025-10-16,STORE_1,1031,27,False
2025-10-17,STORE_1,1031,33,False
2025-10-18,STORE_1,1031,31,False
2025-10-19,STORE_1,1031,26,True
2025-10-20,STORE_1,1031,7,False
2025-10-21,STORE_1,1031,24,False
2025-10-22,STORE_1,1031,17,False
2025-10-23,STORE_1,1031,22,False
2025-10-24,STORE_1,1031,18,False
2025-10-25,STORE_1,1031,41,False
2025-10-26,STORE_1,1031,35,False
2025-10-27,STORE_1,1031,24,False
2025-10-28,STORE_1,1031,21,False
2025-10-29,STORE_1,1031,0,False
2025-10-30,STORE_1,1031,43,True
2025-10-31,STORE_1,1031,43,False
2025-11-01,STORE_1,1031,28,False
2025-11-02,STORE_1,1031,27,False
2025-11-03,STORE_1,1031,16,False
2025-11-04,STORE_1,1031,3,True
2025-11-05,STORE_1,1031,21,False
2025-11-06,STORE_1,1031,29,False
2025-11-07,STORE_1,1031,39,False
2025-11-08,STORE_1,1031,24,False
2025-11-09,STORE_1,1031,30,False
2025-11-10,STORE_1,1031,30,False
2025-11-11,STORE_1,1031,23,False
2025-11-12,STORE_1,1031,17,False
2025-11-13,STORE_1,1031,31,False
2025-11-14,STORE_1,1031,35,False
2025-11-15,STORE_1,1031,38,False
2025-11-16,STORE_1,1031,27,False
2025-11-17,STORE_1,1031,24,False
2025-11-18,STORE_1,1031,35,False
2025-11-19,STORE_1,1031,12,False
2025-11-20,STORE_1,1031,28,False
2025-11-21,STORE_1,1031,37,False
2025-11-22,STORE_1,1031,18,False
2025-11-23,STORE_1,1031,56,False
2025-11-24,STORE_1,1031,21,False
2025-11-25,STORE_1,1031,20,False
2025-11-26,STORE_1,1031,0,False
2025-11-27,STORE_1,1031,25,False
2025-11-28,STORE_1,1031,51,False
2025-11-29,STORE_1,1031,52,False
2025-11-30,STORE_1,1031,44,False
2025-12-01,STORE_1,1031,23,False
2025-12-02,STORE_1,1031,25,False
2025-12-03,STORE_1,1031,27,False
2025-12-04,STORE_1,1031,42,False
2025-12-05,STORE_1,1031,22,False
2025-12-06,STORE_1,1031,35,False
2025-12-07,STORE_1,1031,45,False
2025-12-08,STORE_1,1031,23,False
2025-12-09,STORE_1,1031,28,False
2025-12-10,STORE_1,1031,34,False
2025-12-11,STORE_1,1031,37,False
2025-12-12,STORE_1,1031,34,False
2025-12-13,STORE_1,1031,39,False
2025-12-14,STORE_1,1031,44,False
2025-12-15,STORE_1,1031,36,False
2025-12-16,STORE_1,1031,25,False
2025-12-17,STORE_1,1031,19,False
2025-12-18,STORE_1,1031,27,False
2025-12-19,STORE_1,1031,42,False
2025-12-20,STORE_1,1031,36,False
2025-12-21,STORE_1,1031,27,False
2025-12-22,STORE_1,1031,25,False
2025-12-23,STORE_1,1031,34,False
2025-12-24,STORE_1,1031,28,False
2025-12-25,STORE_1,1031,36,False
2025-12-26,STORE_1,1031,32,True
2025-12-27,STORE_1,1031,15,False
2025-12-28,STORE_1,1031,47,True
2025-12-29,STORE_1,1031,31,False
2025-12-30,STORE_1,1031,0,False
2025-12-31,STORE_1,1031,29,False
2026-01-01,STORE_1,1031,20,False
2026-01-02,STORE_1,1031,42,False
2026-01-03,STORE_1,1031,37,False
2026-01-04,STORE_1,1031,30,False
2026-01-05,STORE_1,1031,18,False
2026-01-06,STORE_1,1031,23,False
2026-01-07,STORE_1,1031,25,False
2026-01-08,STORE_1,1031,27,False
2026-01-09,STORE_1,1031,28,False
2026-01-10,STORE_1,1031,47,False
2026-01-11,STORE_1,1031,37,False
2026-01-12,STORE_1,1031,22,False
2026-01-13,STORE_1,1031,17,False
2026-01-14,STORE_1,1031,32,True
2026-01-15,STORE_1,1031,29,False
2026-01-16,STORE_1,1031,24,False
2026-01-17,STORE_1,1031,29,True
2026-01-18,STORE_1,1031,0,False
2026-01-19,STORE_1,1031,23,False
2026-01-20,STORE_1,1031,23,False
2026-01-21,STORE_1,1031,20,False
2026-01-22,STORE_1,1031,21,False
2026-01-23,STORE_1,1031,19,False
2026-01-24,STORE_1,1031,37,False
2026-01-25,STORE_1,1031,36,False
2026-01-26,STORE_1,1031,14,False
2026-01-27,STORE_1,1031,11,False
2026-01-28,STORE_1,1031,26,False
2026-01-29,STORE_1,1031,22,False
2026-01-30,STORE_1,1031,39,False
2026-01-31,STORE_1,1031,53,True
2026-02-01,STORE_1,1031,17,True
2026-02-02,STORE_1,1031,17,False
2026-02-03,STORE_1,1031,20,False
2026-02-04,STORE_1,1031,19,False
2026-02-05,STORE_1,1031,26,False
2026-02-06,STORE_1,1031,26,False
2026-02-07,STORE_1,1031,32,False
2026-02-08,STORE_1,1031,21,False
2026-02-09,STORE_1,1031,25,False
2026-02-10,STORE_1,1031,21,False
2026-02-11,STORE_1,1031,24,False
2026-02-12,STORE_1,1031,24,False
2026-02-13,STORE_1,1031,36,False
2026-02-14,STORE_1,1031,29,False
2026-02-15,STORE_1,1031,58,True
2026-02-16,STORE_1,1031,19,False
2026-02-17,STORE_1,1031,19,False
2026-02-18,STORE_1,1031,29,False
2026-02-19,STORE_1,1031,24,False
2026-02-20,STORE_1,1031,25,False
2026-02-21,STORE_1,1031,34,False
2026-02-22,STORE_1,1031,33,False
2026-02-23,STORE_1,1031,18,False
2026-02-24,STORE_1,1031,23,False
2026-02-25,STORE_1,1031,0,False
2026-02-26,STORE_1,1031,34,False
2026-02-27,STORE_1,1031,43,False
2026-02-28,STORE_1,1031,33,False
2026-03-01,STORE_1,1031,28,False
2026-03-02,STORE_1,1031,19,False
2026-03-03,STORE_1,1031,23,False
2026-03-04,STORE_1,1031,17,False
2026-03-05,STORE_1,1031,23,False
2026-03-06,STORE_1,1031,24,False
2026-03-07,STORE_1,1031,36,False
2026-03-08,STORE_1,1031,0,False
2026-03-09,STORE_1,1031,27,False
2026-03-10,STORE_1,1031,15,False
2026-03-11,STORE_1,1031,24,False
2026-03-12,STORE_1,1031,25,False
2026-03-13,STORE_1,1031,35,True
2026-03-14,STORE_1,1031,27,False
2026-03-15,STORE_1,1031,8,False
2026-03-16,STORE_1,1031,28,False
2026-03-17,STORE_1,1031,48,True
2026-03-18,STORE_1,1031,28,False
2026-03-19,STORE_1,1031,27,False
2026-03-20,STORE_1,1031,38,False
2026-03-21,STORE_1,1031,34,False
2026-03-22,STORE_1,1031,40,False
2026-03-23,STORE_1,1031,28,False
2026-03-24,STORE_1,1031,30,False
2026-03-25,STORE_1,1031,17,False
2026-03-26,STORE_1,1031,17,False
2026-03-27,STORE_1,1031,43,False
2026-03-28,STORE_1,1031,38,False
2026-03-29,STORE_1,1031,28,False
2026-03-30,STORE_1,1031,20,False
2026-03-31,STORE_1,1031,21,False
2026-04-01,STORE_1,1031,19,False
2026-04-02,STORE_1,1031,34,False
2026-04-03,STORE_1,1031,41,False
2026-04-04,STORE_1,1031,29,False
2026-04-05,STORE_1,1031,25,False
2026-04-06,STORE_1,1031,24,False
2026-04-07,STORE_1,1031,23,False
2026-04-08,STORE_1,1031,23,False
2026-04-09,STORE_1,1031,27,True
2026-04-10,STORE_1,1031,39,False
2026-04-11,STORE_1,1031,35,False
2026-04-12,STORE_1,1031,32,False
2026-04-13,STORE_1,1031,26,True
2026-04-14,STORE_1,1031,16,False
2026-04-15,STORE_1,1031,21,False
2026-04-16,STORE_1,1031,17,False
2026-04-17,STORE_1,1031,30,False
2026-04-18,STORE_1,1031,44,False
2026-04-19,STORE_1,1031,44,False
2026-04-20,STORE_1,1031,23,False
2026-04-21,STORE_1,1031,22,False
2026-04-22,STORE_1,1031,11,False
2026-04-23,STORE_1,1031,27,False
2026-04-24,STORE_1,1031,36,False
2026-04-25,STORE_1,1031,43,False
2026-04-26,STORE_1,1031,13,False
2026-04-27,STORE_1,1031,17,False
2026-04-28,STORE_1,1031,22,False
2026-04-29,STORE_1,1031,0,False
2026-04-30,STORE_1,1031,12,False
2026-05-01,STORE_1,1031,37,False
2026-05-02,STORE_1,1031,27,False
2026-05-03,STORE_1,1031,21,False
2026-05-04,STORE_1,1031,22,False
2026-05-05,STORE_1,1031,29,True
2026-05-06,STORE_1,1031,15,False
2026-05-07,STORE_1,1031,0,False
2026-05-08,STORE_1,1031,31,False
2026-05-09,STORE_1,1031,33,False
2026-05-10,STORE_1,1031,34,False
2026-05-11,STORE_1,1031,24,False
2026-05-12,STORE_1,1031,23,False
2026-05-13,STORE_1,1031,17,False
2026-05-14,STORE_1,1031,24,False
2026-05-15,STORE_1,1031,24,False
2026-05-16,STORE_1,1031,33,False
2026-05-17,STORE_1,1031,23,False
2026-05-18,STORE_1,1031,21,False
2026-05-19,STORE_1,1031,20,False
2026-05-20,STORE_1,1031,21,False
2026-05-21,STORE_1,1031,29,False
2026-05-22,STORE_1,1031,35,False
2026-05-23,STORE_1,1031,23,False
2026-05-24,STORE_1,1031,0,True
2026-05-25,STORE_1,1031,23,False
2026-05-26,STORE_1,1031,17,False
2026-05-27,STORE_1,1031,23,False
2026-05-28,STORE_1,1031,21,False
2026-05-29,STORE_1,1031,30,False
2026-05-30,STORE_1,1031,26,False
2026-05-31,STORE_1,1031,27,False
2026-06-01,STORE_1,1031,25,False
2026-06-02,STORE_1,1031,24,False
2026-06-03,STORE_1,1031,23,True
2026-06-04,STORE_1,1031,17,False
2026-06-05,STORE_1,1031,25,False
2026-06-06,STORE_1,1031,37,False
2026-06-07,STORE_1,1031,33,False
2026-06-08,STORE_1,1031,38,False
2026-06-09,STORE_1,1031,18,False
2026-06-10,STORE_1,1031,25,False
2026-06-11,STORE_1,1031,27,False
2026-06-12,STORE_1,1031,37,False
2026-06-13,STORE_1,1031,53,False
2026-06-14,STORE_1,1031,34,False
2026-06-15,STORE_1,1031,0,False
2026-06-16,STORE_1,1031,19,False
2026-06-17,STORE_1,1031,10,False
2026-06-18,STORE_1,1031,32,False
2026-06-19,STORE_1,1031,37,False
2026-06-20,STORE_1,1031,33,False
2026-06-21,STORE_1,1031,16,False
2026-06-22,STORE_1,1031,22,False
2026-06-23,STORE_1,1031,0,False
2026-06-24,STORE_1,1031,24,False
2026-06-25,STORE_1,1031,27,False
2026-06-26,STORE_1,1031,51,False
2026-06-27,STORE_1,1031,41,False
2026-06-28,STORE_1,1031,39,True
2026-06-29,STORE_1,1031,25,False
2026-06-30,STORE_1,1031,16,False
2026-07-01,STORE_1,1031,27,False
2026-07-02,STORE_1,1031,23,False
2026-07-03,STORE_1,1031,15,False
2026-07-04,STORE_1,1031,13,False
2026-07-05,STORE_1,1031,27,False
2026-07-06,STORE_1,1031,21,False
2026-07-07,STORE_1,1031,20,False
2026-07-08,STORE_1,1031,23,False
2026-07-09,STORE_1,1031,35,False
2026-07-10,STORE_1,1031,30,False
2026-07-11,STORE_1,1031,35,False
2026-07-12,STORE_1,1031,24,False
2026-07-13,STORE_1,1031,21,False
2026-07-14,STORE_1,1031,23,False
2026-07-15,STORE_1,1031,25,False
2026-07-16,STORE_1,1031,33,False
2026-07-17,STORE_1,1031,17,False
2026-07-18,STORE_1,1031,41,False
2026-07-19,STORE_1,1031,46,True
2026-07-20,STORE_1,1031,23,False
2026-07-21,STORE_1,1031,21,False
2026-07-22,STORE_1,1031,20,False
2026-07-23,STORE_1,1031,35,False
2026-07-24,STORE_1,1031,33,False
2026-07-25,STORE_1,1031,39,False
2026-07-26,STORE_1,1031,26,False
2026-07-27,STORE_1,1031,28,False
2026-07-28,STORE_1,1031,14,False
2026-07-29,STORE_1,1031,24,False
2026-07-30,STORE_1,1031,29,False
2026-07-31,STORE_1,1031,25,False
2026-08-01,STORE_1,1031,52,False
2026-08-02,STORE_1,1031,29,False
2026-08-03,STORE_1,1031,18,False
2026-08-04,STORE_1,1031,27,True
2026-08-05,STORE_1,1031,17,False
2026-08-06,STORE_1,1031,18,False
2026-08-07,STORE_1,1031,18,False
2026-08-08,STORE_1,1031,32,False
2026-08-09,STORE_1,1031,16,False
2026-08-10,STORE_1,1031,20,False
2026-08-11,STORE_1,1031,11,False
2026-08-12,STORE_1,1031,20,False
2026-08-13,STORE_1,1031,28,False
2026-08-14,STORE_1,1031,23,False
2026-08-15,STORE_1,1031,37,False
2026-08-16,STORE_1,1031,30,False
2026-08-17,STORE_1,1031,18,False
2026-08-18,STORE_1,1031,12,False
2026-08-19,STORE_1,1031,30,False
2026-08-20,STORE_1,1031,30,False
2026-08-21,STORE_1,1031,25,False
2026-08-22,STORE_1,1031,0,False
2026-08-23,STORE_1,1031,30,False
2026-08-24,STORE_1,1031,12,False
2026-08-25,STORE_1,1031,23,False
2026-08-26,STORE_1,1031,37,True
2026-08-27,STORE_1,1031,31,False
2026-08-28,STORE_1,1031,31,False
2026-08-29,STORE_1,1031,0,False
2026-08-30,STORE_1,1031,34,False
2026-08-31,STORE_1,1031,19,False
2026-09-01,STORE_1,1031,24,False
2026-09-02,STORE_1,1031,22,False
2026-09-03,STORE_1,1031,32,True
2026-09-04,STORE_1,1031,43,False
2026-09-05,STORE_1,1031,35,False
2026-09-06,STORE_1,1031,32,False
2026-09-07,STORE_1,1031,29,False
2026-09-08,STORE_1,1031,18,False
2026-09-09,STORE_1,1031,32,False
2026-09-10,STORE_1,1031,0,False
2026-09-11,STORE_1,1031,14,False
2026-09-12,STORE_1,1031,39,False
2026-09-13,STORE_1,1031,23,False
2026-09-14,STORE_1,1031,32,False
2026-09-15,STORE_1,1031,42,True
2026-09-16,STORE_1,1031,34,False
2026-09-17,STORE_1,1031,0,False
2026-09-18,STORE_1,1031,45,False
2026-09-19,STORE_1,1031,25,False
2026-09-20,STORE_1,1031,18,True
2026-09-21,STORE_1,1031,18,False
2026-09-22,STORE_1,1031,26,False
2026-09-23,STORE_1,1031,34,True
2026-09-24,STORE_1,1031,30,False
2026-09-25,STORE_1,1031,28,False
2026-09-26,STORE_1,1031,28,True
2026-09-27,STORE_1,1031,29,False
2026-09-28,STORE_1,1031,23,False
2026-09-29,STORE_1,1031,22,False
2026-09-30,STORE_1,1031,18,False
2025-10-01,STORE_1,1032,0,False
2025-10-02,STORE_1,1032,34,False
2025-10-03,STORE_1,1032,29,False
2025-10-04,STORE_1,1032,30,False
2025-10-05,STORE_1,1032,28,False
2025-10-06,STORE_1,1032,26,False
2025-10-07,STORE_1,1032,17,False
2025-10-08,STORE_1,1032,28,True
2025-10-09,STORE_1,1032,22,False
2025-10-10,STORE_1,1032,24,True
2025-10-11,STORE_1,1032,21,False
2025-10-12,STORE_1,1032,32,False
2025-10-13,STORE_1,1032,0,False
2025-10-14,STORE_1,1032,21,False
2025-10-15,STORE_1,1032,21,False
2025-10-16,STORE_1,1032,15,False
2025-10-17,STORE_1,1032,29,False
2025-10-18,STORE_1,1032,39,False
2025-10-19,STORE_1,1032,32,True
2025-10-20,STORE_1,1032,18,False
2025-10-21,STORE_1,1032,19,False
2025-10-22,STORE_1,1032,13,False
2025-10-23,STORE_1,1032,11,False
2025-10-24,STORE_1,1032,34,False
2025-10-25,STORE_1,1032,27,False
2025-10-26,STORE_1,1032,21,False
2025-10-27,STORE_1,1032,21,False
2025-10-28,STORE_1,1032,26,True
2025-10-29,STORE_1,1032,22,False
2025-10-30,STORE_1,1032,25,False
2025-10-31,STORE_1,1032,35,False
2025-11-01,STORE_1,1032,41,False
2025-11-02,STORE_1,1032,36,False
2025-11-03,STORE_1,1032,10,False
2025-11-04,STORE_1,1032,23,False
2025-11-05,STORE_1,1032,24,False
2025-11-06,STORE_1,1032,16,False
2025-11-07,STORE_1,1032,27,False
2025-11-08,STORE_1,1032,43,True
2025-11-09,STORE_1,1032,21,False
2025-11-10,STORE_1,1032,0,False
2025-11-11,STORE_1,1032,26,False
2025-11-12,STORE_1,1032,25,False
2025-11-13,STORE_1,1032,29,True
2025-11-14,STORE_1,1032,33,False
2025-11-15,STORE_1,1032,25,False
2025-11-16,STORE_1,1032,20,False
2025-11-17,STORE_1,1032,10,False
2025-11-18,STORE_1,1032,20,False
2025-11-19,STORE_1,1032,9,False
2025-11-20,STORE_1,1032,28,False
2025-11-21,STORE_1,1032,27,False
2025-11-22,STORE_1,1032,36,False
2025-11-23,STORE_1,1032,33,False
2025-11-24,STORE_1,1032,25,False
2025-11-25,STORE_1,1032,29,False
2025-11-26,STORE_1,1032,12,False
2025-11-27,STORE_1,1032,33,False
2025-11-28,STORE_1,1032,36,False
2025-11-29,STORE_1,1032,49,False
2025-11-30,STORE_1,1032,32,False
2025-12-01,STORE_1,1032,16,False
2025-12-02,STORE_1,1032,22,False
2025-12-03,STORE_1,1032,28,False
2025-12-04,STORE_1,1032,52,True
2025-12-05,STORE_1,1032,37,False
2025-12-06,STORE_1,1032,37,False
2025-12-07,STORE_1,1032,45,False
2025-12-08,STORE_1,1032,30,False
2025-12-09,STORE_1,1032,18,False
2025-12-10,STORE_1,1032,45,True
2025-12-11,STORE_1,1032,44,False
2025-12-12,STORE_1,1032,42,False
2025-12-13,STORE_1,1032,36,False
2025-12-14,STORE_1,1032,22,False
2025-12-15,STORE_1,1032,27,False
2025-12-16,STORE_1,1032,32,False
2025-12-17,STORE_1,1032,24,False
2025-12-18,STORE_1,1032,34,False
2025-12-19,STORE_1,1032,42,False
2025-12-20,STORE_1,1032,39,False
2025-12-21,STORE_1,1032,38,False
2025-12-22,STORE_1,1032,18,False
2025-12-23,STORE_1,1032,22,False
2025-12-24,STORE_1,1032,27,False
2025-12-25,STORE_1,1032,27,False
2025-12-26,STORE_1,1032,26,False
2025-12-27,STORE_1,1032,47,False
2025-12-28,STORE_1,1032,35,False
2025-12-29,STORE_1,1032,26,False
2025-12-30,STORE_1,1032,31,False
2025-12-31,STORE_1,1032,30,False
2026-01-01,STORE_1,1032,11,False
2026-01-02,STORE_1,1032,36,False
2026-01-03,STORE_1,1032,31,False
2026-01-04,STORE_1,1032,22,False
2026-01-05,STORE_1,1032,9,False
2026-01-06,STORE_1,1032,0,False
2026-01-07,STORE_1,1032,24,False
2026-01-08,STORE_1,1032,22,False
2026-01-09,STORE_1,1032,25,False
2026-01-10,STORE_1,1032,0,False
2026-01-11,STORE_1,1032,27,False
2026-01-12,STORE_1,1032,14,False
2026-01-13,STORE_1,1032,9,False
2026-01-14,STORE_1,1032,17,False
2026-01-15,STORE_1,1032,18,False
2026-01-16,STORE_1,1032,28,False
2026-01-17,STORE_1,1032,42,True
2026-01-18,STORE_1,1032,16,False
2026-01-19,STORE_1,1032,21,False
2026-01-20,STORE_1,1032,20,False
2026-01-21,STORE_1,1032,24,False
2026-01-22,STORE_1,1032,37,True
2026-01-23,STORE_1,1032,23,False
2026-01-24,STORE_1,1032,33,False
2026-01-25,STORE_1,1032,22,False
2026-01-26,STORE_1,1032,21,False
2026-01-27,STORE_1,1032,12,False
2026-01-28,STORE_1,1032,16,False
2026-01-29,STORE_1,1032,22,False
2026-01-30,STORE_1,1032,29,False
2026-01-31,STORE_1,1032,35,False
2026-02-01,STORE_1,1032,17,False
2026-02-02,STORE_1,1032,20,False
2026-02-03,STORE_1,1032,11,False
2026-02-04,STORE_1,1032,17,False
2026-02-05,STORE_1,1032,21,False
2026-02-06,STORE_1,1032,25,False
2026-02-07,STORE_1,1032,42,False
2026-02-08,STORE_1,1032,24,False
2026-02-09,STORE_1,1032,22,False
2026-02-10,STORE_1,1032,19,False
2026-02-11,STORE_1,1032,19,False
2026-02-12,STORE_1,1032,24,False
2026-02-13,STORE_1,1032,27,False
2026-02-14,STORE_1,1032,30,False
2026-02-15,STORE_1,1032,23,False
2026-02-16,STORE_1,1032,17,False
2026-02-17,STORE_1,1032,15,False
2026-02-18,STORE_1,1032,19,False
2026-02-19,STORE_1,1032,25,True
2026-02-20,STORE_1,1032,26,False
2026-02-21,STORE_1,1032,33,False
2026-02-22,STORE_1,1032,31,False
2026-02-23,STORE_1,1032,17,False
2026-02-24,STORE_1,1032,0,False
2026-02-25,STORE_1,1032,25,True
2026-02-26,STORE_1,1032,26,False
2026-02-27,STORE_1,1032,21,False
2026-02-28,STORE_1,1032,34,False
2026-03-01,STORE_1,1032,29,False
2026-03-02,STORE_1,1032,13,False
2026-03-03,STORE_1,1032,17,False
2026-03-04,STORE_1,1032,11,False
2026-03-05,STORE_1,1032,16,False
2026-03-06,STORE_1,1032,34,False
2026-03-07,STORE_1,1032,32,False
2026-03-08,STORE_1,1032,19,False
2026-03-09,STORE_1,1032,25,False
2026-03-10,STORE_1,1032,22,False
2026-03-11,STORE_1,1032,15,False
2026-03-12,STORE_1,1032,21,False
2026-03-13,STORE_1,1032,14,False
2026-03-14,STORE_1,1032,23,False
2026-03-15,STORE_1,1032,25,False
2026-03-16,STORE_1,1032,20,False
2026-03-17,STORE_1,1032,16,False
2026-03-18,STORE_1,1032,22,True
2026-03-19,STORE_1,1032,21,False
2026-03-20,STORE_1,1032,38,False
2026-03-21,STORE_1,1032,27,False
2026-03-22,STORE_1,1032,17,False
2026-03-23,STORE_1,1032,20,False
2026-03-24,STORE_1,1032,11,False
2026-03-25,STORE_1,1032,13,False
2026-03-26,STORE_1,1032,22,False
2026-03-27,STORE_1,1032,30,False
2026-03-28,STORE_1,1032,28,True
2026-03-29,STORE_1,1032,25,False
2026-03-30,STORE_1,1032,18,False
2026-03-31,STORE_1,1032,19,False
2026-04-01,STORE_1,1032,15,False
2026-04-02,STORE_1,1032,24,False
2026-04-03,STORE_1,1032,19,False
2026-04-04,STORE_1,1032,18,False
2026-04-05,STORE_1,1032,31,False
2026-04-06,STORE_1,1032,34,True
2026-04-07,STORE_1,1032,7,False
2026-04-08,STORE_1,1032,17,False
2026-04-09,STORE_1,1032,16,False
2026-04-10,STORE_1,1032,25,False
2026-04-11,STORE_1,1032,25,False
2026-04-12,STORE_1,1032,23,False
2026-04-13,STORE_1,1032,23,False
2026-04-14,STORE_1,1032,12,False
2026-04-15,STORE_1,1032,26,False
2026-04-16,STORE_1,1032,12,False
2026-04-17,STORE_1,1032,14,False
2026-04-18,STORE_1,1032,30,False
2026-04-19,STORE_1,1032,29,False
2026-04-20,STORE_1,1032,19,False
2026-04-21,STORE_1,1032,17,False
2026-04-22,STORE_1,1032,18,False
2026-04-23,STORE_1,1032,16,False
2026-04-24,STORE_1,1032,33,False
2026-04-25,STORE_1,1032,26,False
2026-04-26,STORE_1,1032,25,False
2026-04-27,STORE_1,1032,12,False
2026-04-28,STORE_1,1032,17,False
2026-04-29,STORE_1,1032,34,True
2026-04-30,STORE_1,1032,19,False
2026-05-01,STORE_1,1032,33,False
2026-05-02,STORE_1,1032,27,False
2026-05-03,STORE_1,1032,35,False
2026-05-04,STORE_1,1032,17,False
2026-05-05,STORE_1,1032,24,False
2026-05-06,STORE_1,1032,16,False
2026-05-07,STORE_1,1032,11,False
2026-05-08,STORE_1,1032,27,False
2026-05-09,STORE_1,1032,33,True
2026-05-10,STORE_1,1032,15,False
2026-05-11,STORE_1,1032,21,False
2026-05-12,STORE_1,1032,16,False
2026-05-13,STORE_1,1032,13,False
2026-05-14,STORE_1,1032,25,False
2026-05-15,STORE_1,1032,19,False
2026-05-16,STORE_1,1032,34,False
2026-05-17,STORE_1,1032,30,True
2026-05-18,STORE_1,1032,18,False
2026-05-19,STORE_1,1032,20,False
2026-05-20,STORE_1,1032,23,False
2026-05-21,STORE_1,1032,19,False
2026-05-22,STORE_1,1032,20,False
2026-05-23,STORE_1,1032,30,True
2026-05-24,STORE_1,1032,21,False
2026-05-25,STORE_1,1032,26,False
2026-05-26,STORE_1,1032,16,False
2026-05-27,STORE_1,1032,0,False
2026-05-28,STORE_1,1032,24,False
2026-05-29,STORE_1,1032,29,False
2026-05-30,STORE_1,1032,29,False
2026-05-31,STORE_1,1032,29,False
2026-06-01,STORE_1,1032,9,False
2026-06-02,STORE_1,1032,15,False
2026-06-03,STORE_1,1032,24,False
2026-06-04,STORE_1,1032,17,False
2026-06-05,STORE_1,1032,10,False
2026-06-06,STORE_1,1032,30,False
2026-06-07,STORE_1,1032,27,False
2026-06-08,STORE_1,1032,24,True
2026-06-09,STORE_1,1032,20,False
2026-06-10,STORE_1,1032,0,False
2026-06-11,STORE_1,1032,28,True
2026-06-12,STORE_1,1032,23,False
2026-06-13,STORE_1,1032,31,False
2026-06-14,STORE_1,1032,20,False
2026-06-15,STORE_1,1032,19,True
2026-06-16,STORE_1,1032,24,False
2026-06-17,STORE_1,1032,13,False
2026-06-18,STORE_1,1032,19,False
2026-06-19,STORE_1,1032,28,False
2026-06-20,STORE_1,1032,25,False
2026-06-21,STORE_1,1032,21,False
2026-06-22,STORE_1,1032,20,False
2026-06-23,STORE_1,1032,14,False
2026-06-24,STORE_1,1032,19,False
2026-06-25,STORE_1,1032,25,False
2026-06-26,STORE_1,1032,22,False
2026-06-27,STORE_1,1032,21,False
2026-06-28,STORE_1,1032,34,False
2026-06-29,STORE_1,1032,27,False
2026-06-30,STORE_1,1032,18,True
2026-07-01,STORE_1,1032,20,False
2026-07-02,STORE_1,1032,18,False
2026-07-03,STORE_1,1032,28,False
2026-07-04,STORE_1,1032,21,False
2026-07-05,STORE_1,1032,20,False
2026-07-06,STORE_1,1032,15,False
2026-07-07,STORE_1,1032,17,False
2026-07-08,STORE_1,1032,29,False
2026-07-09,STORE_1,1032,27,False
2026-07-10,STORE_1,1032,22,False
2026-07-11,STORE_1,1032,26,False
2026-07-12,STORE_1,1032,35,False
2026-07-13,STORE_1,1032,27,True
2026-07-14,STORE_1,1032,16,False
2026-07-15,STORE_1,1032,22,False
2026-07-16,STORE_1,1032,13,False
2026-07-17,STORE_1,1032,19,False
2026-07-18,STORE_1,1032,26,False
2026-07-19,STORE_1,1032,18,False
2026-07-20,STORE_1,1032,9,False
2026-07-21,STORE_1,1032,23,False
2026-07-22,STORE_1,1032,12,False
2026-07-23,STORE_1,1032,18,False
2026-07-24,STORE_1,1032,39,False
2026-07-25,STORE_1,1032,18,False
2026-07-26,STORE_1,1032,24,False
2026-07-27,STORE_1,1032,17,False
2026-07-28,STORE_1,1032,19,False
2026-07-29,STORE_1,1032,20,False
2026-07-30,STORE_1,1032,22,False
2026-07-31,STORE_1,1032,32,False
2026-08-01,STORE_1,1032,35,False
2026-08-02,STORE_1,1032,53,True
2026-08-03,STORE_1,1032,15,False
2026-08-04,STORE_1,1032,20,False
2026-08-05,STORE_1,1032,23,False
2026-08-06,STORE_1,1032,32,False
2026-08-07,STORE_1,1032,20,False
2026-08-08,STORE_1,1032,33,False
2026-08-09,STORE_1,1032,25,False
2026-08-10,STORE_1,1032,24,False
2026-08-11,STORE_1,1032,18,False
2026-08-12,STORE_1,1032,23,False
2026-08-13,STORE_1,1032,23,False
2026-08-14,STORE_1,1032,32,False
2026-08-15,STORE_1,1032,32,False
2026-08-16,STORE_1,1032,29,False
2026-08-17,STORE_1,1032,20,False
2026-08-18,STORE_1,1032,21,False
2026-08-19,STORE_1,1032,20,False
2026-08-20,STORE_1,1032,17,False
2026-08-21,STORE_1,1032,38,True
2026-08-22,STORE_1,1032,28,False
2026-08-23,STORE_1,1032,16,False
2026-08-24,STORE_1,1032,25,False
2026-08-25,STORE_1,1032,26,False
2026-08-26,STORE_1,1032,19,False
2026-08-27,STORE_1,1032,19,False
2026-08-28,STORE_1,1032,16,False
2026-08-29,STORE_1,1032,30,False
2026-08-30,STORE_1,1032,21,False
2026-08-31,STORE_1,1032,11,False
2026-09-01,STORE_1,1032,21,False
2026-09-02,STORE_1,1032,21,False
2026-09-03,STORE_1,1032,18,False
2026-09-04,STORE_1,1032,37,False
2026-09-05,STORE_1,1032,29,False
2026-09-06,STORE_1,1032,24,False
2026-09-07,STORE_1,1032,18,False
2026-09-08,STORE_1,1032,13,True
2026-09-09,STORE_1,1032,16,False
2026-09-10,STORE_1,1032,31,True
2026-09-11,STORE_1,1032,31,False
2026-09-12,STORE_1,1032,18,False
2026-09-13,STORE_1,1032,29,False
2026-09-14,STORE_1,1032,21,False
2026-09-15,STORE_1,1032,13,False
2026-09-16,STORE_1,1032,17,False
2026-09-17,STORE_1,1032,38,True
2026-09-18,STORE_1,1032,32,False
2026-09-19,STORE_1,1032,30,False
2026-09-20,STORE_1,1032,20,False
2026-09-21,STORE_1,1032,17,False
2026-09-22,STORE_1,1032,6,False
2026-09-23,STORE_1,1032,0,False
2026-09-24,STORE_1,1032,25,False
2026-09-25,STORE_1,1032,27,False
2026-09-26,STORE_1,1032,32,False
2026-09-27,STORE_1,1032,29,False
2026-09-28,STORE_1,1032,22,False
2026-09-29,STORE_1,1032,19,False
2026-09-30,STORE_1,1032,21,False
2025-10-01,STORE_1,1033,8,False
2025-10-02,STORE_1,1033,8,False
2025-10-03,STORE_1,1033,17,False
2025-10-04,STORE_1,1033,11,False
2025-10-05,STORE_1,1033,12,False
2025-10-06,STORE_1,1033,11,False
2025-10-07,STORE_1,1033,9,False
2025-10-08,STORE_1,1033,11,False
2025-10-09,STORE_1,1033,8,False
2025-10-10,STORE_1,1033,9,False
2025-10-11,STORE_1,1033,16,False
2025-10-12,STORE_1,1033,14,False
2025-10-13,STORE_1,1033,17,True
2025-10-14,STORE_1,1033,8,False
2025-10-15,STORE_1,1033,10,False
2025-10-16,STORE_1,1033,6,False
2025-10-17,STORE_1,1033,12,False
2025-10-18,STORE_1,1033,18,False
2025-10-19,STORE_1,1033,18,True
2025-10-20,STORE_1,1033,8,False
2025-10-21,STORE_1,1033,10,False
2025-10-22,STORE_1,1033,9,False
2025-10-23,STORE_1,1033,14,False
2025-10-24,STORE_1,1033,8,False
2025-10-25,STORE_1,1033,16,False
2025-10-26,STORE_1,1033,10,False
2025-10-27,STORE_1,1033,10,False
2025-10-28,STORE_1,1033,0,False
2025-10-29,STORE_1,1033,14,True
2025-10-30,STORE_1,1033,7,False
2025-10-31,STORE_1,1033,12,False
2025-11-01,STORE_1,1033,17,False
2025-11-02,STORE_1,1033,10,False
2025-11-03,STORE_1,1033,8,False
2025-11-04,STORE_1,1033,10,False
2025-11-05,STORE_1,1033,0,False
2025-11-06,STORE_1,1033,15,False
2025-11-07,STORE_1,1033,9,False
2025-11-08,STORE_1,1033,10,False
2025-11-09,STORE_1,1033,10,False
2025-11-10,STORE_1,1033,8,False
2025-11-11,STORE_1,1033,8,False
2025-11-12,STORE_1,1033,8,False
2025-11-13,STORE_1,1033,10,False
2025-11-14,STORE_1,1033,14,False
2025-11-15,STORE_1,1033,11,False
2025-11-16,STORE_1,1033,10,False
2025-11-17,STORE_1,1033,12,False
2025-11-18,STORE_1,1033,2,False
2025-11-19,STORE_1,1033,11,False
2025-11-20,STORE_1,1033,16,False
2025-11-21,STORE_1,1033,10,False
2025-11-22,STORE_1,1033,27,False
2025-11-23,STORE_1,1033,14,False
2025-11-24,STORE_1,1033,14,False
2025-11-25,STORE_1,1033,11,False
2025-11-26,STORE_1,1033,6,False
2025-11-27,STORE_1,1033,11,False
2025-11-28,STORE_1,1033,20,False
2025-11-29,STORE_1,1033,22,False
2025-11-30,STORE_1,1033,15,False
2025-12-01,STORE_1,1033,8,False
2025-12-02,STORE_1,1033,14,False
2025-12-03,STORE_1,1033,9,False
2025-12-04,STORE_1,1033,13,False
2025-12-05,STORE_1,1033,18,False
2025-12-06,STORE_1,1033,21,False
2025-12-07,STORE_1,1033,16,False
2025-12-08,STORE_1,1033,9,False
2025-12-09,STORE_1,1033,9,False
2025-12-10,STORE_1,1033,9,False
2025-12-11,STORE_1,1033,15,False
2025-12-12,STORE_1,1033,18,False
2025-12-13,STORE_1,1033,14,False
2025-12-14,STORE_1,1033,18,False
2025-12-15,STORE_1,1033,14,False
2025-12-16,STORE_1,1033,14,False
2025-12-17,STORE_1,1033,9,True
2025-12-18,STORE_1,1033,13,False
2025-12-19,STORE_1,1033,21,False
2025-12-20,STORE_1,1033,15,False
2025-12-21,STORE_1,1033,13,False
2025-12-22,STORE_1,1033,8,False
2025-12-23,STORE_1,1033,9,False
2025-12-24,STORE_1,1033,8,False
2025-12-25,STORE_1,1033,13,False
2025-12-26,STORE_1,1033,16,False
2025-12-27,STORE_1,1033,18,False
2025-12-28,STORE_1,1033,14,False
2025-12-29,STORE_1,1033,10,False
2025-12-30,STORE_1,1033,8,False
2025-12-31,STORE_1,1033,11,False
2026-01-01,STORE_1,1033,13,False
2026-01-02,STORE_1,1033,17,False
2026-01-03,STORE_1,1033,16,False
2026-01-04,STORE_1,1033,15,False
2026-01-05,STORE_1,1033,9,False
2026-01-06,STORE_1,1033,9,False
2026-01-07,STORE_1,1033,5,False
2026-01-08,STORE_1,1033,8,True
2026-01-09,STORE_1,1033,11,False
2026-01-10,STORE_1,1033,14,False
2026-01-11,STORE_1,1033,7,False
2026-01-12,STORE_1,1033,0,False
2026-01-13,STORE_1,1033,10,True
2026-01-14,STORE_1,1033,11,False
2026-01-15,STORE_1,1033,7,True
2026-01-16,STORE_1,1033,13,False
2026-01-17,STORE_1,1033,14,False
2026-01-18,STORE_1,1033,14,False
2026-01-19,STORE_1,1033,9,False
2026-01-20,STORE_1,1033,7,False
2026-01-21,STORE_1,1033,8,False
2026-01-22,STORE_1,1033,0,False
2026-01-23,STORE_1,1033,10,False
2026-01-24,STORE_1,1033,8,False
2026-01-25,STORE_1,1033,11,False
2026-01-26,STORE_1,1033,13,False
2026-01-27,STORE_1,1033,6,False
2026-01-28,STORE_1,1033,16,True
2026-01-29,STORE_1,1033,5,False
2026-01-30,STORE_1,1033,10,False
2026-01-31,STORE_1,1033,11,False
2026-02-01,STORE_1,1033,9,False
2026-02-02,STORE_1,1033,10,False
2026-02-03,STORE_1,1033,13,False
2026-02-04,STORE_1,1033,6,False
2026-02-05,STORE_1,1033,13,False
2026-02-06,STORE_1,1033,9,False
2026-02-07,STORE_1,1033,10,False
2026-02-08,STORE_1,1033,11,False
2026-02-09,STORE_1,1033,9,False
2026-02-10,STORE_1,1033,7,False
2026-02-11,STORE_1,1033,9,False
2026-02-12,STORE_1,1033,10,False
2026-02-13,STORE_1,1033,14,False
2026-02-14,STORE_1,1033,12,False
2026-02-15,STORE_1,1033,8,False
2026-02-16,STORE_1,1033,5,False
2026-02-17,STORE_1,1033,5,False
2026-02-18,STORE_1,1033,10,False
2026-02-19,STORE_1,1033,13,False
2026-02-20,STORE_1,1033,9,False
2026-02-21,STORE_1,1033,16,False
2026-02-22,STORE_1,1033,8,False
2026-02-23,STORE_1,1033,4,False
2026-02-24,STORE_1,1033,0,False
2026-02-25,STORE_1,1033,8,False
2026-02-26,STORE_1,1033,0,False
2026-02-27,STORE_1,1033,13,False
2026-02-28,STORE_1,1033,17,False
2026-03-01,STORE_1,1033,11,False
2026-03-02,STORE_1,1033,6,False
2026-03-03,STORE_1,1033,11,False
2026-03-04,STORE_1,1033,9,False
2026-03-05,STORE_1,1033,13,False
2026-03-06,STORE_1,1033,13,True
2026-03-07,STORE_1,1033,19,False
2026-03-08,STORE_1,1033,5,True
2026-03-09,STORE_1,1033,11,True
2026-03-10,STORE_1,1033,9,False
2026-03-11,STORE_1,1033,8,False
2026-03-12,STORE_1,1033,8,False
2026-03-13,STORE_1,1033,11,False
2026-03-14,STORE_1,1033,20,False
2026-03-15,STORE_1,1033,14,False
2026-03-16,STORE_1,1033,10,False
2026-03-17,STORE_1,1033,11,True
2026-03-18,STORE_1,1033,9,False
2026-03-19,STORE_1,1033,5,False
2026-03-20,STORE_1,1033,21,False
2026-03-21,STORE_1,1033,14,False
2026-03-22,STORE_1,1033,10,True
2026-03-23,STORE_1,1033,10,False
2026-03-24,STORE_1,1033,6,False
2026-03-25,STORE_1,1033,8,False
2026-03-26,STORE_1,1033,12,False
2026-03-27,STORE_1,1033,0,False
2026-03-28,STORE_1,1033,23,True
2026-03-29,STORE_1,1033,10,False
2026-03-30,STORE_1,1033,6,False
2026-03-31,STORE_1,1033,10,True
2026-04-01,STORE_1,1033,6,False
2026-04-02,STORE_1,1033,8,False
2026-04-03,STORE_1,1033,16,True
2026-04-04,STORE_1,1033,18,False
2026-04-05,STORE_1,1033,19,True
2026-04-06,STORE_1,1033,8,False
2026-04-07,STORE_1,1033,9,False
2026-04-08,STORE_1,1033,10,False
2026-04-09,STORE_1,1033,10,False
2026-04-10,STORE_1,1033,12,False
2026-04-11,STORE_1,1033,8,False
2026-04-12,STORE_1,1033,14,False
2026-04-13,STORE_1,1033,9,False
2026-04-14,STORE_1,1033,9,False
2026-04-15,STORE_1,1033,9,False
2026-04-16,STORE_1,1033,8,False
2026-04-17,STORE_1,1033,10,False
2026-04-18,STORE_1,1033,13,False
2026-04-19,STORE_1,1033,13,False
2026-04-20,STORE_1,1033,8,False
2026-04-21,STORE_1,1033,4,False
2026-04-22,STORE_1,1033,9,False
2026-04-23,STORE_1,1033,8,False
2026-04-24,STORE_1,1033,10,False
2026-04-25,STORE_1,1033,22,True
2026-04-26,STORE_1,1033,13,False
2026-04-27,STORE_1,1033,8,False
2026-04-28,STORE_1,1033,7,False
2026-04-29,STORE_1,1033,4,False
2026-04-30,STORE_1,1033,9,False
2026-05-01,STORE_1,1033,6,False
2026-05-02,STORE_1,1033,13,False
2026-05-03,STORE_1,1033,4,False
2026-05-04,STORE_1,1033,5,False
2026-05-05,STORE_1,1033,5,False
2026-05-06,STORE_1,1033,11,True
2026-05-07,STORE_1,1033,10,False
2026-05-08,STORE_1,1033,13,False
2026-05-09,STORE_1,1033,15,False
2026-05-10,STORE_1,1033,9,False
2026-05-11,STORE_1,1033,8,False
2026-05-12,STORE_1,1033,8,False
2026-05-13,STORE_1,1033,7,False
2026-05-14,STORE_1,1033,12,False
2026-05-15,STORE_1,1033,19,False
2026-05-16,STORE_1,1033,15,False
2026-05-17,STORE_1,1033,12,False
2026-05-18,STORE_1,1033,11,False
2026-05-19,STORE_1,1033,10,False
2026-05-20,STORE_1,1033,9,False
2026-05-21,STORE_1,1033,14,False
2026-05-22,STORE_1,1033,10,False
2026-05-23,STORE_1,1033,16,False
2026-05-24,STORE_1,1033,5,False
2026-05-25,STORE_1,1033,8,False
2026-05-26,STORE_1,1033,9,False
2026-05-27,STORE_1,1033,8,False
2026-05-28,STORE_1,1033,14,False
2026-05-29,STORE_1,1033,16,False
2026-05-30,STORE_1,1033,15,False
2026-05-31,STORE_1,1033,14,False
2026-06-01,STORE_1,1033,7,False
2026-06-02,STORE_1,1033,5,False
2026-06-03,STORE_1,1033,7,False
2026-06-04,STORE_1,1033,14,False
2026-06-05,STORE_1,1033,11,False
2026-06-06,STORE_1,1033,17,False
2026-06-07,STORE_1,1033,11,False
2026-06-08,STORE_1,1033,8,False
2026-06-09,STORE_1,1033,11,True
2026-06-10,STORE_1,1033,6,False
2026-06-11,STORE_1,1033,11,False
2026-06-12,STORE_1,1033,13,False
2026-06-13,STORE_1,1033,11,False
2026-06-14,STORE_1,1033,0,False
2026-06-15,STORE_1,1033,0,False
2026-06-16,STORE_1,1033,5,False
2026-06-17,STORE_1,1033,9,False
2026-06-18,STORE_1,1033,6,False
2026-06-19,STORE_1,1033,15,True
2026-06-20,STORE_1,1033,11,False
2026-06-21,STORE_1,1033,14,False
2026-06-22,STORE_1,1033,6,False
2026-06-23,STORE_1,1033,3,False
2026-06-24,STORE_1,1033,10,False
2026-06-25,STORE_1,1033,5,False
2026-06-26,STORE_1,1033,12,False
2026-06-27,STORE_1,1033,14,False
2026-06-28,STORE_1,1033,7,False
2026-06-29,STORE_1,1033,6,False
2026-06-30,STORE_1,1033,8,False
2026-07-01,STORE_1,1033,14,True
2026-07-02,STORE_1,1033,11,True
2026-07-03,STORE_1,1033,17,False
2026-07-04,STORE_1,1033,18,False
2026-07-05,STORE_1,1033,11,False
2026-07-06,STORE_1,1033,10,True
2026-07-07,STORE_1,1033,10,False
2026-07-08,STORE_1,1033,10,True
2026-07-09,STORE_1,1033,13,False
2026-07-10,STORE_1,1033,15,False
2026-07-11,STORE_1,1033,20,True
2026-07-12,STORE_1,1033,13,True
2026-07-13,STORE_1,1033,8,False
2026-07-14,STORE_1,1033,9,False
2026-07-15,STORE_1,1033,8,False
2026-07-16,STORE_1,1033,11,False
2026-07-17,STORE_1,1033,8,False
2026-07-18,STORE_1,1033,15,False
2026-07-19,STORE_1,1033,20,True
2026-07-20,STORE_1,1033,9,False
2026-07-21,STORE_1,1033,10,False
2026-07-22,STORE_1,1033,9,False
2026-07-23,STORE_1,1033,12,False
2026-07-24,STORE_1,1033,15,False
2026-07-25,STORE_1,1033,13,False
2026-07-26,STORE_1,1033,18,False
2026-07-27,STORE_1,1033,6,False
2026-07-28,STORE_1,1033,7,False
2026-07-29,STORE_1,1033,5,False
2026-07-30,STORE_1,1033,10,False
2026-07-31,STORE_1,1033,14,False
2026-08-01,STORE_1,1033,15,False
2026-08-02,STORE_1,1033,13,False
2026-08-03,STORE_1,1033,5,False
2026-08-04,STORE_1,1033,8,False
2026-08-05,STORE_1,1033,7,False
2026-08-06,STORE_1,1033,11,False
2026-08-07,STORE_1,1033,0,False
2026-08-08,STORE_1,1033,15,False
2026-08-09,STORE_1,1033,10,False
2026-08-10,STORE_1,1033,8,False
2026-08-11,STORE_1,1033,9,False
2026-08-12,STORE_1,1033,11,False
2026-08-13,STORE_1,1033,12,False
2026-08-14,STORE_1,1033,12,False
2026-08-15,STORE_1,1033,18,False
2026-08-16,STORE_1,1033,8,False
2026-08-17,STORE_1,1033,14,False
2026-08-18,STORE_1,1033,6,False
2026-08-19,STORE_1,1033,9,False
2026-08-20,STORE_1,1033,10,False
2026-08-21,STORE_1,1033,13,False
2026-08-22,STORE_1,1033,17,False
2026-08-23,STORE_1,1033,9,False
2026-08-24,STORE_1,1033,9,False
2026-08-25,STORE_1,1033,10,False
2026-08-26,STORE_1,1033,11,False
2026-08-27,STORE_1,1033,9,False
2026-08-28,STORE_1,1033,13,False
2026-08-29,STORE_1,1033,14,False
2026-08-30,STORE_1,1033,13,False
2026-08-31,STORE_1,1033,10,False
2026-09-01,STORE_1,1033,7,False
2026-09-02,STORE_1,1033,9,False
2026-09-03,STORE_1,1033,10,False
2026-09-04,STORE_1,1033,9,False
2026-09-05,STORE_1,1033,15,False
2026-09-06,STORE_1,1033,12,False
2026-09-07,STORE_1,1033,6,False
2026-09-08,STORE_1,1033,9,False
2026-09-09,STORE_1,1033,15,False
2026-09-10,STORE_1,1033,9,True
2026-09-11,STORE_1,1033,10,False
2026-09-12,STORE_1,1033,11,False
2026-09-13,STORE_1,1033,11,False
2026-09-14,STORE_1,1033,5,False
2026-09-15,STORE_1,1033,9,False
2026-09-16,STORE_1,1033,4,False
2026-09-17,STORE_1,1033,11,False
2026-09-18,STORE_1,1033,0,False
2026-09-19,STORE_1,1033,16,False
2026-09-20,STORE_1,1033,0,False
2026-09-21,STORE_1,1033,7,False
2026-09-22,STORE_1,1033,9,False
2026-09-23,STORE_1,1033,10,False
2026-09-24,STORE_1,1033,0,False
2026-09-25,STORE_1,1033,0,False
2026-09-26,STORE_1,1033,15,False
2026-09-27,STORE_1,1033,19,False
2026-09-28,STORE_1,1033,16,False
2026-09-29,STORE_1,1033,9,False
2026-09-30,STORE_1,1033,9,False
2025-10-01,STORE_1,1034,9,False
2025-10-02,STORE_1,1034,20,False
2025-10-03,STORE_1,1034,16,False
2025-10-04,STORE_1,1034,27,False
2025-10-05,STORE_1,1034,18,False
2025-10-06,STORE_1,1034,18,False
2025-10-07,STORE_1,1034,10,False
2025-10-08,STORE_1,1034,13,False
2025-10-09,STORE_1,1034,15,False
2025-10-10,STORE_1,1034,21,False
2025-10-11,STORE_1,1034,41,True
2025-10-12,STORE_1,1034,0,True
2025-10-13,STORE_1,1034,15,False
2025-10-14,STORE_1,1034,17,False
2025-10-15,STORE_1,1034,19,True
2025-10-16,STORE_1,1034,15,False
2025-10-17,STORE_1,1034,12,False
2025-10-18,STORE_1,1034,23,False
2025-10-19,STORE_1,1034,21,False
2025-10-20,STORE_1,1034,15,False
2025-10-21,STORE_1,1034,0,False
2025-10-22,STORE_1,1034,10,False
2025-10-23,STORE_1,1034,9,False
2025-10-24,STORE_1,1034,23,False
2025-10-25,STORE_1,1034,37,False
2025-10-26,STORE_1,1034,15,False
2025-10-27,STORE_1,1034,22,False
2025-10-28,STORE_1,1034,10,False
2025-10-29,STORE_1,1034,27,True
2025-10-30,STORE_1,1034,14,False
2025-10-31,STORE_1,1034,25,False
2025-11-01,STORE_1,1034,31,False
2025-11-02,STORE_1,1034,15,False
2025-11-03,STORE_1,1034,18,False
2025-11-04,STORE_1,1034,19,False
2025-11-05,STORE_1,1034,0,False
2025-11-06,STORE_1,1034,5,False
2025-11-07,STORE_1,1034,26,False
2025-11-08,STORE_1,1034,17,False
2025-11-09,STORE_1,1034,24,False
2025-11-10,STORE_1,1034,18,False
2025-11-11,STORE_1,1034,22,True
2025-11-12,STORE_1,1034,8,False
2025-11-13,STORE_1,1034,16,False
2025-11-14,STORE_1,1034,21,False
2025-11-15,STORE_1,1034,26,False
2025-11-16,STORE_1,1034,14,False
2025-11-17,STORE_1,1034,14,False
2025-11-18,STORE_1,1034,15,False
2025-11-19,STORE_1,1034,13,False
2025-11-20,STORE_1,1034,12,False
2025-11-21,STORE_1,1034,35,False
2025-11-22,STORE_1,1034,45,False
2025-11-23,STORE_1,1034,27,False
2025-11-24,STORE_1,1034,21,False
2025-11-25,STORE_1,1034,18,False
2025-11-26,STORE_1,1034,13,False
2025-11-27,STORE_1,1034,13,False
2025-11-28,STORE_1,1034,10,False
2025-11-29,STORE_1,1034,39,False
2025-11-30,STORE_1,1034,36,False
2025-12-01,STORE_1,1034,21,False
2025-12-02,STORE_1,1034,16,False
2025-12-03,STORE_1,1034,18,False
2025-12-04,STORE_1,1034,25,False
2025-12-05,STORE_1,1034,34,False
2025-12-06,STORE_1,1034,30,False
2025-12-07,STORE_1,1034,23,False
2025-12-08,STORE_1,1034,15,False
2025-12-09,STORE_1,1034,16,False
2025-12-10,STORE_1,1034,22,False
2025-12-11,STORE_1,1034,23,False
2025-12-12,STORE_1,1034,28,False
2025-12-13,STORE_1,1034,23,False
2025-12-14,STORE_1,1034,23,False
2025-12-15,STORE_1,1034,23,False
2025-12-16,STORE_1,1034,25,False
2025-12-17,STORE_1,1034,23,False
2025-12-18,STORE_1,1034,27,False
2025-12-19,STORE_1,1034,15,False
2025-12-20,STORE_1,1034,40,False
2025-12-21,STORE_1,1034,27,False
2025-12-22,STORE_1,1034,20,False
2025-12-23,STORE_1,1034,23,True
2025-12-24,STORE_1,1034,25,False
2025-12-25,STORE_1,1034,31,False
2025-12-26,STORE_1,1034,38,True
2025-12-27,STORE_1,1034,24,False
2025-12-28,STORE_1,1034,16,False
2025-12-29,STORE_1,1034,15,False
2025-12-30,STORE_1,1034,15,False
2025-12-31,STORE_1,1034,19,False
2026-01-01,STORE_1,1034,27,False
2026-01-02,STORE_1,1034,21,False
2026-01-03,STORE_1,1034,19,False
2026-01-04,STORE_1,1034,27,False
2026-01-05,STORE_1,1034,13,False
2026-01-06,STORE_1,1034,12,False
2026-01-07,STORE_1,1034,13,False
2026-01-08,STORE_1,1034,17,False
2026-01-09,STORE_1,1034,20,False
2026-01-10,STORE_1,1034,19,False
2026-01-11,STORE_1,1034,17,False
2026-01-12,STORE_1,1034,18,False
2026-01-13,STORE_1,1034,15,False
2026-01-14,STORE_1,1034,17,True
2026-01-15,STORE_1,1034,28,False
2026-01-16,STORE_1,1034,23,False
2026-01-17,STORE_1,1034,15,False
2026-01-18,STORE_1,1034,14,False
2026-01-19,STORE_1,1034,13,False
2026-01-20,STORE_1,1034,13,False
2026-01-21,STORE_1,1034,18,False
2026-01-22,STORE_1,1034,13,False
2026-01-23,STORE_1,1034,16,False
2026-01-24,STORE_1,1034,30,False
2026-01-25,STORE_1,1034,16,False
2026-01-26,STORE_1,1034,12,False
2026-01-27,STORE_1,1034,8,True
2026-01-28,STORE_1,1034,13,True
2026-01-29,STORE_1,1034,19,False
2026-01-30,STORE_1,1034,15,False
2026-01-31,STORE_1,1034,19,False
2026-02-01,STORE_1,1034,24,False
2026-02-02,STORE_1,1034,14,False
2026-02-03,STORE_1,1034,10,False
2026-02-04,STORE_1,1034,11,False
2026-02-05,STORE_1,1034,22,False
2026-02-06,STORE_1,1034,21,False
2026-02-07,STORE_1,1034,37,False
2026-02-08,STORE_1,1034,26,False
2026-02-09,STORE_1,1034,18,False
2026-02-10,STORE_1,1034,22,True
2026-02-11,STORE_1,1034,20,False
2026-02-12,STORE_1,1034,15,False
2026-02-13,STORE_1,1034,21,False
2026-02-14,STORE_1,1034,26,False
2026-02-15,STORE_1,1034,22,False
2026-02-16,STORE_1,1034,34,True
2026-02-17,STORE_1,1034,21,False
2026-02-18,STORE_1,1034,8,False
2026-02-19,STORE_1,1034,14,False
2026-02-20,STORE_1,1034,9,False
2026-02-21,STORE_1,1034,12,False
2026-02-22,STORE_1,1034,29,False
2026-02-23,STORE_1,1034,16,False
2026-02-24,STORE_1,1034,17,False
2026-02-25,STORE_1,1034,14,False
2026-02-26,STORE_1,1034,16,False
2026-02-27,STORE_1,1034,27,False
2026-02-28,STORE_1,1034,32,True
2026-03-01,STORE_1,1034,0,False
2026-03-02,STORE_1,1034,17,False
2026-03-03,STORE_1,1034,16,False
2026-03-04,STORE_1,1034,15,False
2026-03-05,STORE_1,1034,14,False
2026-03-06,STORE_1,1034,18,False
2026-03-07,STORE_1,1034,29,False
2026-03-08,STORE_1,1034,19,False
2026-03-09,STORE_1,1034,12,False
2026-03-10,STORE_1,1034,17,False
2026-03-11,STORE_1,1034,15,False
2026-03-12,STORE_1,1034,9,False
2026-03-13,STORE_1,1034,17,False
2026-03-14,STORE_1,1034,23,False
2026-03-15,STORE_1,1034,11,False
2026-03-16,STORE_1,1034,16,False
2026-03-17,STORE_1,1034,15,False
2026-03-18,STORE_1,1034,18,False
2026-03-19,STORE_1,1034,17,False
2026-03-20,STORE_1,1034,35,True
2026-03-21,STORE_1,1034,18,False
2026-03-22,STORE_1,1034,15,False
2026-03-23,STORE_1,1034,18,False
2026-03-24,STORE_1,1034,0,False
2026-03-25,STORE_1,1034,9,False
2026-03-26,STORE_1,1034,17,False
2026-03-27,STORE_1,1034,18,False
2026-03-28,STORE_1,1034,17,False
2026-03-29,STORE_1,1034,13,False
2026-03-30,STORE_1,1034,20,False
2026-03-31,STORE_1,1034,7,False
2026-04-01,STORE_1,1034,21,False
2026-04-02,STORE_1,1034,0,False
2026-04-03,STORE_1,1034,25,False
2026-04-04,STORE_1,1034,28,False
2026-04-05,STORE_1,1034,22,False
2026-04-06,STORE_1,1034,11,False
2026-04-07,STORE_1,1034,15,False
2026-04-08,STORE_1,1034,11,False
2026-04-09,STORE_1,1034,12,False
2026-04-10,STORE_1,1034,28,False
2026-04-11,STORE_1,1034,15,False
2026-04-12,STORE_1,1034,19,False
2026-04-13,STORE_1,1034,11,False
2026-04-14,STORE_1,1034,16,False
2026-04-15,STORE_1,1034,8,False
2026-04-16,STORE_1,1034,17,False
2026-04-17,STORE_1,1034,22,False
2026-04-18,STORE_1,1034,29,False
2026-04-19,STORE_1,1034,18,False
2026-04-20,STORE_1,1034,16,False
2026-04-21,STORE_1,1034,18,False
2026-04-22,STORE_1,1034,15,True
2026-04-23,STORE_1,1034,13,False
2026-04-24,STORE_1,1034,17,False
2026-04-25,STORE_1,1034,19,False
2026-04-26,STORE_1,1034,19,False
2026-04-27,STORE_1,1034,11,False
2026-04-28,STORE_1,1034,13,False
2026-04-29,STORE_1,1034,14,False
2026-04-30,STORE_1,1034,14,False
2026-05-01,STORE_1,1034,23,False
2026-05-02,STORE_1,1034,31,False
2026-05-03,STORE_1,1034,12,False
2026-05-04,STORE_1,1034,11,False
2026-05-05,STORE_1,1034,16,False
2026-05-06,STORE_1,1034,16,False
2026-05-07,STORE_1,1034,0,False
2026-05-08,STORE_1,1034,23,False
2026-05-09,STORE_1,1034,0,True
2026-05-10,STORE_1,1034,22,False
2026-05-11,STORE_1,1034,19,False
2026-05-12,STORE_1,1034,14,False
2026-05-13,STORE_1,1034,11,False
2026-05-14,STORE_1,1034,8,False
2026-05-15,STORE_1,1034,43,True
2026-05-16,STORE_1,1034,27,False
2026-05-17,STORE_1,1034,17,False
2026-05-18,STORE_1,1034,12,False
2026-05-19,STORE_1,1034,12,False
2026-05-20,STORE_1,1034,10,False
2026-05-21,STORE_1,1034,18,False
2026-05-22,STORE_1,1034,38,True
2026-05-23,STORE_1,1034,34,False
2026-05-24,STORE_1,1034,34,True
2026-05-25,STORE_1,1034,16,False
2026-05-26,STORE_1,1034,11,False
2026-05-27,STORE_1,1034,22,False
2026-05-28,STORE_1,1034,18,False
2026-05-29,STORE_1,1034,14,False
2026-05-30,STORE_1,1034,21,False
2026-05-31,STORE_1,1034,12,False
2026-06-01,STORE_1,1034,20,False
2026-06-02,STORE_1,1034,17,False
2026-06-03,STORE_1,1034,12,False
2026-06-04,STORE_1,1034,8,False
2026-06-05,STORE_1,1034,25,False
2026-06-06,STORE_1,1034,25,False
2026-06-07,STORE_1,1034,25,False
2026-06-08,STORE_1,1034,6,False
2026-06-09,STORE_1,1034,16,False
2026-06-10,STORE_1,1034,14,False
2026-06-11,STORE_1,1034,26,False
2026-06-12,STORE_1,1034,14,False
2026-06-13,STORE_1,1034,29,False
2026-06-14,STORE_1,1034,22,False
2026-06-15,STORE_1,1034,9,False
2026-06-16,STORE_1,1034,13,False
2026-06-17,STORE_1,1034,31,True
2026-06-18,STORE_1,1034,15,False
2026-06-19,STORE_1,1034,26,False
2026-06-20,STORE_1,1034,20,False
2026-06-21,STORE_1,1034,15,False
2026-06-22,STORE_1,1034,20,False
2026-06-23,STORE_1,1034,16,False
2026-06-24,STORE_1,1034,18,False
2026-06-25,STORE_1,1034,19,False
2026-06-26,STORE_1,1034,26,False
2026-06-27,STORE_1,1034,23,False
2026-06-28,STORE_1,1034,18,False
2026-06-29,STORE_1,1034,14,False
2026-06-30,STORE_1,1034,11,False
2026-07-01,STORE_1,1034,10,False
2026-07-02,STORE_1,1034,20,False
2026-07-03,STORE_1,1034,22,False
2026-07-04,STORE_1,1034,27,True
2026-07-05,STORE_1,1034,17,False
2026-07-06,STORE_1,1034,11,False
2026-07-07,STORE_1,1034,15,False
2026-07-08,STORE_1,1034,18,False
2026-07-09,STORE_1,1034,35,True
2026-07-10,STORE_1,1034,12,False
2026-07-11,STORE_1,1034,37,False
2026-07-12,STORE_1,1034,19,False
2026-07-13,STORE_1,1034,17,False
2026-07-14,STORE_1,1034,16,False
2026-07-15,STORE_1,1034,12,False
2026-07-16,STORE_1,1034,14,False
2026-07-17,STORE_1,1034,28,False
2026-07-18,STORE_1,1034,33,False
2026-07-19,STORE_1,1034,18,False
2026-07-20,STORE_1,1034,22,False
2026-07-21,STORE_1,1034,6,False
2026-07-22,STORE_1,1034,17,True
2026-07-23,STORE_1,1034,16,True
2026-07-24,STORE_1,1034,25,False
2026-07-25,STORE_1,1034,21,False
2026-07-26,STORE_1,1034,32,False
2026-07-27,STORE_1,1034,16,False
2026-07-28,STORE_1,1034,21,False
2026-07-29,STORE_1,1034,16,False
2026-07-30,STORE_1,1034,0,False
2026-07-31,STORE_1,1034,27,True
2026-08-01,STORE_1,1034,36,False
2026-08-02,STORE_1,1034,17,False
2026-08-03,STORE_1,1034,25,False
2026-08-04,STORE_1,1034,18,False
2026-08-05,STORE_1,1034,23,False
2026-08-06,STORE_1,1034,34,True
2026-08-07,STORE_1,1034,23,False
2026-08-08,STORE_1,1034,26,False
2026-08-09,STORE_1,1034,20,False
2026-08-10,STORE_1,1034,16,False
2026-08-11,STORE_1,1034,13,False
2026-08-12,STORE_1,1034,15,False
2026-08-13,STORE_1,1034,18,False
2026-08-14,STORE_1,1034,29,True
2026-08-15,STORE_1,1034,21,False
2026-08-16,STORE_1,1034,18,False
2026-08-17,STORE_1,1034,16,True
2026-08-18,STORE_1,1034,22,False
2026-08-19,STORE_1,1034,20,False
2026-08-20,STORE_1,1034,0,False
2026-08-21,STORE_1,1034,14,False
2026-08-22,STORE_1,1034,0,False
2026-08-23,STORE_1,1034,31,False
2026-08-24,STORE_1,1034,18,False
2026-08-25,STORE_1,1034,14,False
2026-08-26,STORE_1,1034,20,False
2026-08-27,STORE_1,1034,17,False
2026-08-28,STORE_1,1034,30,False
2026-08-29,STORE_1,1034,12,False
2026-08-30,STORE_1,1034,14,False
2026-08-31,STORE_1,1034,11,False
2026-09-01,STORE_1,1034,0,False
2026-09-02,STORE_1,1034,15,False
2026-09-03,STORE_1,1034,20,False
2026-09-04,STORE_1,1034,29,False
2026-09-05,STORE_1,1034,21,False
2026-09-06,STORE_1,1034,20,False
2026-09-07,STORE_1,1034,17,False
2026-09-08,STORE_1,1034,14,False
2026-09-09,STORE_1,1034,0,False
2026-09-10,STORE_1,1034,7,False
2026-09-11,STORE_1,1034,21,False
2026-09-12,STORE_1,1034,27,False
2026-09-13,STORE_1,1034,15,False
2026-09-14,STORE_1,1034,11,False
2026-09-15,STORE_1,1034,8,False
2026-09-16,STORE_1,1034,21,False
2026-09-17,STORE_1,1034,16,False
2026-09-18,STORE_1,1034,19,False
2026-09-19,STORE_1,1034,28,False
2026-09-20,STORE_1,1034,38,True
2026-09-21,STORE_1,1034,25,False
2026-09-22,STORE_1,1034,11,False
2026-09-23,STORE_1,1034,17,False
2026-09-24,STORE_1,1034,14,False
2026-09-25,STORE_1,1034,18,False
2026-09-26,STORE_1,1034,33,False
2026-09-27,STORE_1,1034,24,False
2026-09-28,STORE_1,1034,0,False
2026-09-29,STORE_1,1034,14,False
2026-09-30,STORE_1,1034,15,False
2025-10-01,STORE_1,1035,7,False
2025-10-02,STORE_1,1035,8,False
2025-10-03,STORE_1,1035,7,False
2025-10-04,STORE_1,1035,8,False
2025-10-05,STORE_1,1035,7,False
2025-10-06,STORE_1,1035,4,False
2025-10-07,STORE_1,1035,6,False
2025-10-08,STORE_1,1035,6,False
2025-10-09,STORE_1,1035,9,False
2025-10-10,STORE_1,1035,11,False
2025-10-11,STORE_1,1035,11,False
2025-10-12,STORE_1,1035,6,False
2025-10-13,STORE_1,1035,8,False
2025-10-14,STORE_1,1035,7,True
2025-10-15,STORE_1,1035,14,True
2025-10-16,STORE_1,1035,4,False
2025-10-17,STORE_1,1035,10,False
2025-10-18,STORE_1,1035,10,False
2025-10-19,STORE_1,1035,7,False
2025-10-20,STORE_1,1035,9,True
2025-10-21,STORE_1,1035,4,False
2025-10-22,STORE_1,1035,7,False
2025-10-23,STORE_1,1035,8,False
2025-10-24,STORE_1,1035,8,False
2025-10-25,STORE_1,1035,10,False
2025-10-26,STORE_1,1035,8,False
2025-10-27,STORE_1,1035,4,False
2025-10-28,STORE_1,1035,6,False
2025-10-29,STORE_1,1035,4,False
2025-10-30,STORE_1,1035,10,False
2025-10-31,STORE_1,1035,5,False
2025-11-01,STORE_1,1035,11,False
2025-11-02,STORE_1,1035,11,False
2025-11-03,STORE_1,1035,10,True
2025-11-04,STORE_1,1035,7,False
2025-11-05,STORE_1,1035,8,False
2025-11-06,STORE_1,1035,6,False
2025-11-07,STORE_1,1035,3,False
2025-11-08,STORE_1,1035,9,False
2025-11-09,STORE_1,1035,10,False
2025-11-10,STORE_1,1035,0,False
2025-11-11,STORE_1,1035,5,False
2025-11-12,STORE_1,1035,4,False
2025-11-13,STORE_1,1035,9,False
2025-11-14,STORE_1,1035,6,False
2025-11-15,STORE_1,1035,18,True
2025-11-16,STORE_1,1035,9,False
2025-11-17,STORE_1,1035,7,False
2025-11-18,STORE_1,1035,8,False
2025-11-19,STORE_1,1035,12,False
2025-11-20,STORE_1,1035,5,False
2025-11-21,STORE_1,1035,11,False
2025-11-22,STORE_1,1035,9,False
2025-11-23,STORE_1,1035,12,False
2025-11-24,STORE_1,1035,7,True
2025-11-25,STORE_1,1035,11,False
2025-11-26,STORE_1,1035,5,False
2025-11-27,STORE_1,1035,6,False
2025-11-28,STORE_1,1035,12,False
2025-11-29,STORE_1,1035,18,False
2025-11-30,STORE_1,1035,11,False
2025-12-01,STORE_1,1035,10,False
2025-12-02,STORE_1,1035,7,False
2025-12-03,STORE_1,1035,0,False
2025-12-04,STORE_1,1035,7,True
2025-12-05,STORE_1,1035,14,False
2025-12-06,STORE_1,1035,24,True
2025-12-07,STORE_1,1035,7,False
2025-12-08,STORE_1,1035,8,False
2025-12-09,STORE_1,1035,5,False
2025-12-10,STORE_1,1035,9,False
2025-12-11,STORE_1,1035,6,False
2025-12-12,STORE_1,1035,12,False
2025-12-13,STORE_1,1035,6,False
2025-12-14,STORE_1,1035,16,True
2025-12-15,STORE_1,1035,9,False
2025-12-16,STORE_1,1035,8,False
2025-12-17,STORE_1,1035,6,False
2025-12-18,STORE_1,1035,8,False
2025-12-19,STORE_1,1035,14,False
2025-12-20,STORE_1,1035,14,False
2025-12-21,STORE_1,1035,10,False
2025-12-22,STORE_1,1035,4,False
2025-12-23,STORE_1,1035,7,False
2025-12-24,STORE_1,1035,8,False
2025-12-25,STORE_1,1035,6,False
2025-12-26,STORE_1,1035,13,False
2025-12-27,STORE_1,1035,9,False
2025-12-28,STORE_1,1035,13,False
2025-12-29,STORE_1,1035,7,False
2025-12-30,STORE_1,1035,5,False
2025-12-31,STORE_1,1035,5,False
2026-01-01,STORE_1,1035,7,False
2026-01-02,STORE_1,1035,13,False
2026-01-03,STORE_1,1035,13,False
2026-01-04,STORE_1,1035,8,False
2026-01-05,STORE_1,1035,7,False
2026-01-06,STORE_1,1035,8,False
2026-01-07,STORE_1,1035,1,False
2026-01-08,STORE_1,1035,10,False
2026-01-09,STORE_1,1035,4,False
2026-01-10,STORE_1,1035,11,False
2026-01-11,STORE_1,1035,8,False
2026-01-12,STORE_1,1035,7,False
2026-01-13,STORE_1,1035,4,False
2026-01-14,STORE_1,1035,5,False
2026-01-15,STORE_1,1035,9,False
2026-01-16,STORE_1,1035,9,False
2026-01-17,STORE_1,1035,9,False
2026-01-18,STORE_1,1035,11,False
2026-01-19,STORE_1,1035,11,True
2026-01-20,STORE_1,1035,5,False
2026-01-21,STORE_1,1035,6,False
2026-01-22,STORE_1,1035,7,True
2026-01-23,STORE_1,1035,8,False
2026-01-24,STORE_1,1035,12,False
2026-01-25,STORE_1,1035,11,False
2026-01-26,STORE_1,1035,5,False
2026-01-27,STORE_1,1035,6,False
2026-01-28,STORE_1,1035,9,True
2026-01-29,STORE_1,1035,8,False
2026-01-30,STORE_1,1035,6,False
2026-01-31,STORE_1,1035,7,False
2026-02-01,STORE_1,1035,10,False
2026-02-02,STORE_1,1035,5,False
2026-02-03,STORE_1,1035,6,False
2026-02-04,STORE_1,1035,6,False
2026-02-05,STORE_1,1035,6,False
2026-02-06,STORE_1,1035,12,False
2026-02-07,STORE_1,1035,10,False
2026-02-08,STORE_1,1035,7,False
2026-02-09,STORE_1,1035,4,False
2026-02-10,STORE_1,1035,7,False
2026-02-11,STORE_1,1035,5,False
2026-02-12,STORE_1,1035,13,True
2026-02-13,STORE_1,1035,14,False
2026-02-14,STORE_1,1035,9,False
2026-02-15,STORE_1,1035,9,True
2026-02-16,STORE_1,1035,6,False
2026-02-17,STORE_1,1035,5,False
2026-02-18,STORE_1,1035,3,False
2026-02-19,STORE_1,1035,9,False
2026-02-20,STORE_1,1035,10,False
2026-02-21,STORE_1,1035,8,False
2026-02-22,STORE_1,1035,6,False
2026-02-23,STORE_1,1035,5,False
2026-02-24,STORE_1,1035,6,False
2026-02-25,STORE_1,1035,10,False
2026-02-26,STORE_1,1035,7,False
2026-02-27,STORE_1,1035,5,False
2026-02-28,STORE_1,1035,8,False
2026-03-01,STORE_1,1035,8,False
2026-03-02,STORE_1,1035,5,False
2026-03-03,STORE_1,1035,4,False
2026-03-04,STORE_1,1035,6,False
2026-03-05,STORE_1,1035,5,False
2026-03-06,STORE_1,1035,9,False
2026-03-07,STORE_1,1035,0,True
2026-03-08,STORE_1,1035,9,False
2026-03-09,STORE_1,1035,7,False
2026-03-10,STORE_1,1035,5,False
2026-03-11,STORE_1,1035,7,True
2026-03-12,STORE_1,1035,4,False
2026-03-13,STORE_1,1035,8,False
2026-03-14,STORE_1,1035,19,True
2026-03-15,STORE_1,1035,8,False
2026-03-16,STORE_1,1035,8,False
2026-03-17,STORE_1,1035,6,False
2026-03-18,STORE_1,1035,5,False
2026-03-19,STORE_1,1035,7,False
2026-03-20,STORE_1,1035,9,False
2026-03-21,STORE_1,1035,10,False
2026-03-22,STORE_1,1035,7,False
2026-03-23,STORE_1,1035,7,False
2026-03-24,STORE_1,1035,7,False
2026-03-25,STORE_1,1035,5,False
2026-03-26,STORE_1,1035,6,False
2026-03-27,STORE_1,1035,10,False
2026-03-28,STORE_1,1035,9,False
2026-03-29,STORE_1,1035,6,False
2026-03-30,STORE_1,1035,6,False
2026-03-31,STORE_1,1035,4,False
2026-04-01,STORE_1,1035,8,False
2026-04-02,STORE_1,1035,7,False
2026-04-03,STORE_1,1035,7,False
2026-04-04,STORE_1,1035,6,False
2026-04-05,STORE_1,1035,12,False
2026-04-06,STORE_1,1035,4,False
2026-04-07,STORE_1,1035,6,False
2026-04-08,STORE_1,1035,6,False
2026-04-09,STORE_1,1035,7,False
2026-04-10,STORE_1,1035,9,False
2026-04-11,STORE_1,1035,8,False
2026-04-12,STORE_1,1035,8,False
2026-04-13,STORE_1,1035,6,False
2026-04-14,STORE_1,1035,7,False
2026-04-15,STORE_1,1035,7,False
2026-04-16,STORE_1,1035,7,True
2026-04-17,STORE_1,1035,8,False
2026-04-18,STORE_1,1035,12,False
2026-04-19,STORE_1,1035,9,False
2026-04-20,STORE_1,1035,6,False
2026-04-21,STORE_1,1035,5,False
2026-04-22,STORE_1,1035,4,False
2026-04-23,STORE_1,1035,4,False
2026-04-24,STORE_1,1035,9,False
2026-04-25,STORE_1,1035,9,False
2026-04-26,STORE_1,1035,12,False
2026-04-27,STORE_1,1035,4,False
2026-04-28,STORE_1,1035,6,False
2026-04-29,STORE_1,1035,7,False
2026-04-30,STORE_1,1035,7,False
2026-05-01,STORE_1,1035,13,False
2026-05-02,STORE_1,1035,10,False
2026-05-03,STORE_1,1035,12,False
2026-05-04,STORE_1,1035,5,False
2026-05-05,STORE_1,1035,3,False
2026-05-06,STORE_1,1035,8,False
2026-05-07,STORE_1,1035,12,True
2026-05-08,STORE_1,1035,16,True
2026-05-09,STORE_1,1035,13,False
2026-05-10,STORE_1,1035,9,False
2026-05-11,STORE_1,1035,8,False
2026-05-12,STORE_1,1035,5,False
2026-05-13,STORE_1,1035,0,False
2026-05-14,STORE_1,1035,7,False
2026-05-15,STORE_1,1035,6,False
2026-05-16,STORE_1,1035,6,False
2026-05-17,STORE_1,1035,9,False
2026-05-18,STORE_1,1035,6,False
2026-05-19,STORE_1,1035,9,True
2026-05-20,STORE_1,1035,6,False
2026-05-21,STORE_1,1035,7,False
2026-05-22,STORE_1,1035,9,False
2026-05-23,STORE_1,1035,14,False
2026-05-24,STORE_1,1035,6,False
2026-05-25,STORE_1,1035,6,False
2026-05-26,STORE_1,1035,4,False
2026-05-27,STORE_1,1035,5,False
2026-05-28,STORE_1,1035,8,False
2026-05-29,STORE_1,1035,8,False
2026-05-30,STORE_1,1035,9,False
2026-05-31,STORE_1,1035,9,False
2026-06-01,STORE_1,1035,6,True
2026-06-02,STORE_1,1035,7,False
2026-06-03,STORE_1,1035,6,False
2026-06-04,STORE_1,1035,6,False
2026-06-05,STORE_1,1035,5,False
2026-06-06,STORE_1,1035,8,False
2026-06-07,STORE_1,1035,6,False
2026-06-08,STORE_1,1035,3,False
2026-06-09,STORE_1,1035,7,False
2026-06-10,STORE_1,1035,6,False
2026-06-11,STORE_1,1035,12,False
2026-06-12,STORE_1,1035,0,True
2026-06-13,STORE_1,1035,13,True
2026-06-14,STORE_1,1035,5,False
2026-06-15,STORE_1,1035,7,False
2026-06-16,STORE_1,1035,5,False
2026-06-17,STORE_1,1035,9,False
2026-06-18,STORE_1,1035,8,False
2026-06-19,STORE_1,1035,8,False
2026-06-20,STORE_1,1035,6,False
2026-06-21,STORE_1,1035,9,False
2026-06-22,STORE_1,1035,7,False
2026-06-23,STORE_1,1035,5,False
2026-06-24,STORE_1,1035,6,False
2026-06-25,STORE_1,1035,9,False
2026-06-26,STORE_1,1035,8,False
2026-06-27,STORE_1,1035,9,False
2026-06-28,STORE_1,1035,10,False
2026-06-29,STORE_1,1035,5,False
2026-06-30,STORE_1,1035,7,False
2026-07-01,STORE_1,1035,4,False
2026-07-02,STORE_1,1035,11,False
2026-07-03,STORE_1,1035,7,False
2026-07-04,STORE_1,1035,7,False
2026-07-05,STORE_1,1035,9,False
2026-07-06,STORE_1,1035,1,False
2026-07-07,STORE_1,1035,5,False
2026-07-08,STORE_1,1035,5,False
2026-07-09,STORE_1,1035,6,False
2026-07-10,STORE_1,1035,11,False
2026-07-11,STORE_1,1035,9,False
2026-07-12,STORE_1,1035,8,False
2026-07-13,STORE_1,1035,9,False
2026-07-14,STORE_1,1035,4,True
2026-07-15,STORE_1,1035,5,False
2026-07-16,STORE_1,1035,3,False
2026-07-17,STORE_1,1035,8,False
2026-07-18,STORE_1,1035,9,False
2026-07-19,STORE_1,1035,11,False
2026-07-20,STORE_1,1035,5,False
2026-07-21,STORE_1,1035,5,False
2026-07-22,STORE_1,1035,8,False
2026-07-23,STORE_1,1035,9,False
2026-07-24,STORE_1,1035,7,False
2026-07-25,STORE_1,1035,13,False
2026-07-26,STORE_1,1035,9,False
2026-07-27,STORE_1,1035,8,False
2026-07-28,STORE_1,1035,8,False
2026-07-29,STORE_1,1035,7,False
2026-07-30,STORE_1,1035,9,False
2026-07-31,STORE_1,1035,5,False
2026-08-01,STORE_1,1035,7,False
2026-08-02,STORE_1,1035,11,False
2026-08-03,STORE_1,1035,6,False
2026-08-04,STORE_1,1035,7,False
2026-08-05,STORE_1,1035,7,False
2026-08-06,STORE_1,1035,7,False
2026-08-07,STORE_1,1035,6,False
2026-08-08,STORE_1,1035,11,False
2026-08-09,STORE_1,1035,10,False
2026-08-10,STORE_1,1035,3,False
2026-08-11,STORE_1,1035,4,False
2026-08-12,STORE_1,1035,12,True
2026-08-13,STORE_1,1035,10,False
2026-08-14,STORE_1,1035,6,False
2026-08-15,STORE_1,1035,11,False
2026-08-16,STORE_1,1035,8,False
2026-08-17,STORE_1,1035,7,False
2026-08-18,STORE_1,1035,5,False
2026-08-19,STORE_1,1035,7,False
2026-08-20,STORE_1,1035,7,False
2026-08-21,STORE_1,1035,7,False
2026-08-22,STORE_1,1035,11,False
2026-08-23,STORE_1,1035,8,False
2026-08-24,STORE_1,1035,6,False
2026-08-25,STORE_1,1035,4,False
2026-08-26,STORE_1,1035,6,False
2026-08-27,STORE_1,1035,9,False
2026-08-28,STORE_1,1035,7,False
2026-08-29,STORE_1,1035,14,False
2026-08-30,STORE_1,1035,8,False
2026-08-31,STORE_1,1035,0,True
2026-09-01,STORE_1,1035,5,False
2026-09-02,STORE_1,1035,7,False
2026-09-03,STORE_1,1035,4,False
2026-09-04,STORE_1,1035,8,False
2026-09-05,STORE_1,1035,8,False
2026-09-06,STORE_1,1035,5,False
2026-09-07,STORE_1,1035,7,False
2026-09-08,STORE_1,1035,5,False
2026-09-09,STORE_1,1035,6,False
2026-09-10,STORE_1,1035,0,False
2026-09-11,STORE_1,1035,10,True
2026-09-12,STORE_1,1035,12,False
2026-09-13,STORE_1,1035,8,False
2026-09-14,STORE_1,1035,8,False
2026-09-15,STORE_1,1035,5,False
2026-09-16,STORE_1,1035,5,False
2026-09-17,STORE_1,1035,8,False
2026-09-18,STORE_1,1035,12,False
2026-09-19,STORE_1,1035,9,False
2026-09-20,STORE_1,1035,3,False
2026-09-21,STORE_1,1035,12,True
2026-09-22,STORE_1,1035,5,False
2026-09-23,STORE_1,1035,9,False
2026-09-24,STORE_1,1035,5,False
2026-09-25,STORE_1,1035,8,False
2026-09-26,STORE_1,1035,9,False
2026-09-27,STORE_1,1035,12,False
2026-09-28,STORE_1,1035,5,False
2026-09-29,STORE_1,1035,4,False
2026-09-30,STORE_1,1035,5,False
2025-10-01,STORE_1,1036,9,False
2025-10-02,STORE_1,1036,11,False
2025-10-03,STORE_1,1036,23,False
2025-10-04,STORE_1,1036,30,False
2025-10-05,STORE_1,1036,10,False
2025-10-06,STORE_1,1036,23,False
2025-10-07,STORE_1,1036,14,False
2025-10-08,STORE_1,1036,12,False
2025-10-09,STORE_1,1036,17,False
2025-10-10,STORE_1,1036,24,False
2025-10-11,STORE_1,1036,16,False
2025-10-12,STORE_1,1036,22,False
2025-10-13,STORE_1,1036,13,False
2025-10-14,STORE_1,1036,7,False
2025-10-15,STORE_1,1036,15,False
2025-10-16,STORE_1,1036,20,False
2025-10-17,STORE_1,1036,20,False
2025-10-18,STORE_1,1036,15,False
2025-10-19,STORE_1,1036,19,False
2025-10-20,STORE_1,1036,14,False
2025-10-21,STORE_1,1036,14,False
2025-10-22,STORE_1,1036,8,False
2025-10-23,STORE_1,1036,9,False
2025-10-24,STORE_1,1036,16,False
2025-10-25,STORE_1,1036,25,False
2025-10-26,STORE_1,1036,20,False
2025-10-27,STORE_1,1036,17,False
2025-10-28,STORE_1,1036,14,False
2025-10-29,STORE_1,1036,16,False
2025-10-30,STORE_1,1036,16,False
2025-10-31,STORE_1,1036,18,False
2025-11-01,STORE_1,1036,24,False
2025-11-02,STORE_1,1036,12,False
2025-11-03,STORE_1,1036,10,False
2025-11-04,STORE_1,1036,8,False
2025-11-05,STORE_1,1036,14,False
2025-11-06,STORE_1,1036,10,False
2025-11-07,STORE_1,1036,8,False
2025-11-08,STORE_1,1036,19,True
2025-11-09,STORE_1,1036,19,False
2025-11-10,STORE_1,1036,15,False
2025-11-11,STORE_1,1036,13,False
2025-11-12,STORE_1,1036,16,False
2025-11-13,STORE_1,1036,19,False
2025-11-14,STORE_1,1036,15,False
2025-11-15,STORE_1,1036,16,False
2025-11-16,STORE_1,1036,18,False
2025-11-17,STORE_1,1036,13,False
2025-11-18,STORE_1,1036,14,False
2025-11-19,STORE_1,1036,14,False
2025-11-20,STORE_1,1036,15,False
2025-11-21,STORE_1,1036,17,False
2025-11-22,STORE_1,1036,36,False
2025-11-23,STORE_1,1036,21,False
2025-11-24,STORE_1,1036,22,False
2025-11-25,STORE_1,1036,14,False
2025-11-26,STORE_1,1036,23,False
2025-11-27,STORE_1,1036,14,False
2025-11-28,STORE_1,1036,14,False
2025-11-29,STORE_1,1036,27,False
2025-11-30,STORE_1,1036,15,False
2025-12-01,STORE_1,1036,20,False
2025-12-02,STORE_1,1036,24,False
2025-12-03,STORE_1,1036,13,False
2025-12-04,STORE_1,1036,17,False
2025-12-05,STORE_1,1036,22,False
2025-12-06,STORE_1,1036,24,False
2025-12-07,STORE_1,1036,29,True
2025-12-08,STORE_1,1036,12,False
2025-12-09,STORE_1,1036,0,False
2025-12-10,STORE_1,1036,17,False
2025-12-11,STORE_1,1036,12,False
2025-12-12,STORE_1,1036,17,False
2025-12-13,STORE_1,1036,18,False
2025-12-14,STORE_1,1036,19,False
2025-12-15,STORE_1,1036,19,False
2025-12-16,STORE_1,1036,12,False
2025-12-17,STORE_1,1036,25,False
2025-12-18,STORE_1,1036,13,False
2025-12-19,STORE_1,1036,25,False
2025-12-20,STORE_1,1036,45,False
2025-12-21,STORE_1,1036,25,True
2025-12-22,STORE_1,1036,24,False
2025-12-23,STORE_1,1036,16,False
2025-12-24,STORE_1,1036,23,False
2025-12-25,STORE_1,1036,19,False
2025-12-26,STORE_1,1036,24,False
2025-12-27,STORE_1,1036,15,False
2025-12-28,STORE_1,1036,49,True
2025-12-29,STORE_1,1036,14,False
2025-12-30,STORE_1,1036,23,False
2025-12-31,STORE_1,1036,13,False
2026-01-01,STORE_1,1036,21,False
2026-01-02,STORE_1,1036,27,False
2026-01-03,STORE_1,1036,17,False
2026-01-04,STORE_1,1036,20,True
2026-01-05,STORE_1,1036,13,False
2026-01-06,STORE_1,1036,9,False
2026-01-07,STORE_1,1036,13,False
2026-01-08,STORE_1,1036,16,False
2026-01-09,STORE_1,1036,16,False
2026-01-10,STORE_1,1036,21,False
2026-01-11,STORE_1,1036,24,False
2026-01-12,STORE_1,1036,16,False
2026-01-13,STORE_1,1036,14,False
2026-01-14,STORE_1,1036,12,False
2026-01-15,STORE_1,1036,16,True
2026-01-16,STORE_1,1036,15,False
2026-01-17,STORE_1,1036,21,False
2026-01-18,STORE_1,1036,16,False
2026-01-19,STORE_1,1036,13,False
2026-01-20,STORE_1,1036,11,False
2026-01-21,STORE_1,1036,9,False
2026-01-22,STORE_1,1036,13,False
2026-01-23,STORE_1,1036,19,True
2026-01-24,STORE_1,1036,29,False
2026-01-25,STORE_1,1036,25,True
2026-01-26,STORE_1,1036,16,False
2026-01-27,STORE_1,1036,12,False
2026-01-28,STORE_1,1036,16,False
2026-01-29,STORE_1,1036,11,False
2026-01-30,STORE_1,1036,31,False
2026-01-31,STORE_1,1036,27,False
2026-02-01,STORE_1,1036,12,False
2026-02-02,STORE_1,1036,12,False
2026-02-03,STORE_1,1036,15,False
2026-02-04,STORE_1,1036,8,False
2026-02-05,STORE_1,1036,6,False
2026-02-06,STORE_1,1036,19,False
2026-02-07,STORE_1,1036,14,False
2026-02-08,STORE_1,1036,14,False
2026-02-09,STORE_1,1036,12,False
2026-02-10,STORE_1,1036,11,False
2026-02-11,STORE_1,1036,7,False
2026-02-12,STORE_1,1036,15,False
2026-02-13,STORE_1,1036,28,False
2026-02-14,STORE_1,1036,20,False
2026-02-15,STORE_1,1036,27,False
2026-02-16,STORE_1,1036,6,False
2026-02-17,STORE_1,1036,10,False
2026-02-18,STORE_1,1036,19,False
2026-02-19,STORE_1,1036,17,True
2026-02-20,STORE_1,1036,0,False
2026-02-21,STORE_1,1036,20,False
2026-02-22,STORE_1,1036,15,False
2026-02-23,STORE_1,1036,16,False
2026-02-24,STORE_1,1036,12,False
2026-02-25,STORE_1,1036,16,False
2026-02-26,STORE_1,1036,22,False
2026-02-27,STORE_1,1036,23,True
2026-02-28,STORE_1,1036,33,False
2026-03-01,STORE_1,1036,27,True
2026-03-02,STORE_1,1036,12,False
2026-03-03,STORE_1,1036,8,False
2026-03-04,STORE_1,1036,13,False
2026-03-05,STORE_1,1036,12,False
2026-03-06,STORE_1,1036,12,False
2026-03-07,STORE_1,1036,15,False
2026-03-08,STORE_1,1036,10,False
2026-03-09,STORE_1,1036,6,False
2026-03-10,STORE_1,1036,11,False
2026-03-11,STORE_1,1036,13,False
2026-03-12,STORE_1,1036,16,False
2026-03-13,STORE_1,1036,30,False
2026-03-14,STORE_1,1036,23,False
2026-03-15,STORE_1,1036,15,False
2026-03-16,STORE_1,1036,12,False
2026-03-17,STORE_1,1036,13,False
2026-03-18,STORE_1,1036,9,False
2026-03-19,STORE_1,1036,17,False
2026-03-20,STORE_1,1036,17,False
2026-03-21,STORE_1,1036,25,False
2026-03-22,STORE_1,1036,17,False
2026-03-23,STORE_1,1036,12,False
2026-03-24,STORE_1,1036,16,False
2026-03-25,STORE_1,1036,8,False
2026-03-26,STORE_1,1036,16,False
2026-03-27,STORE_1,1036,11,False
2026-03-28,STORE_1,1036,29,False
2026-03-29,STORE_1,1036,17,False
2026-03-30,STORE_1,1036,13,False
2026-03-31,STORE_1,1036,15,False
2026-04-01,STORE_1,1036,11,False
2026-04-02,STORE_1,1036,13,False
2026-04-03,STORE_1,1036,13,False
2026-04-04,STORE_1,1036,17,False
2026-04-05,STORE_1,1036,20,False
2026-04-06,STORE_1,1036,25,True
2026-04-07,STORE_1,1036,14,False
2026-04-08,STORE_1,1036,17,False
2026-04-09,STORE_1,1036,12,False
2026-04-10,STORE_1,1036,23,False
2026-04-11,STORE_1,1036,17,False
2026-04-12,STORE_1,1036,29,False
2026-04-13,STORE_1,1036,17,False
2026-04-14,STORE_1,1036,21,False
2026-04-15,STORE_1,1036,18,False
2026-04-16,STORE_1,1036,15,False
2026-04-17,STORE_1,1036,10,False
2026-04-18,STORE_1,1036,30,True
2026-04-19,STORE_1,1036,24,False
2026-04-20,STORE_1,1036,14,False
2026-04-21,STORE_1,1036,13,False
2026-04-22,STORE_1,1036,23,True
2026-04-23,STORE_1,1036,10,False
2026-04-24,STORE_1,1036,14,False
2026-04-25,STORE_1,1036,19,False
2026-04-26,STORE_1,1036,15,False
2026-04-27,STORE_1,1036,19,False
2026-04-28,STORE_1,1036,13,False
2026-04-29,STORE_1,1036,16,False
2026-04-30,STORE_1,1036,15,False
2026-05-01,STORE_1,1036,25,False
2026-05-02,STORE_1,1036,0,False
2026-05-03,STORE_1,1036,21,False
2026-05-04,STORE_1,1036,11,False
2026-05-05,STORE_1,1036,7,False
2026-05-06,STORE_1,1036,11,False
2026-05-07,STORE_1,1036,14,False
2026-05-08,STORE_1,1036,22,False
2026-05-09,STORE_1,1036,21,False
2026-05-10,STORE_1,1036,17,False
2026-05-11,STORE_1,1036,23,True
2026-05-12,STORE_1,1036,14,False
2026-05-13,STORE_1,1036,13,False
2026-05-14,STORE_1,1036,13,False
2026-05-15,STORE_1,1036,14,False
2026-05-16,STORE_1,1036,15,False
2026-05-17,STORE_1,1036,13,True
2026-05-18,STORE_1,1036,20,False
2026-05-19,STORE_1,1036,14,False
2026-05-20,STORE_1,1036,14,False
2026-05-21,STORE_1,1036,12,False
2026-05-22,STORE_1,1036,17,False
2026-05-23,STORE_1,1036,14,False
2026-05-24,STORE_1,1036,13,False
2026-05-25,STORE_1,1036,17,False
2026-05-26,STORE_1,1036,7,False
2026-05-27,STORE_1,1036,21,False
2026-05-28,STORE_1,1036,19,False
2026-05-29,STORE_1,1036,20,False
2026-05-30,STORE_1,1036,16,False
2026-05-31,STORE_1,1036,20,False
2026-06-01,STORE_1,1036,15,False
2026-06-02,STORE_1,1036,11,False
2026-06-03,STORE_1,1036,15,False
2026-06-04,STORE_1,1036,0,False
2026-06-05,STORE_1,1036,20,False
2026-06-06,STORE_1,1036,17,False
2026-06-07,STORE_1,1036,27,True
2026-06-08,STORE_1,1036,12,False
2026-06-09,STORE_1,1036,10,False
2026-06-10,STORE_1,1036,18,True
2026-06-11,STORE_1,1036,10,False
2026-06-12,STORE_1,1036,0,False
2026-06-13,STORE_1,1036,22,False
2026-06-14,STORE_1,1036,20,False
2026-06-15,STORE_1,1036,10,False
2026-06-16,STORE_1,1036,11,False
2026-06-17,STORE_1,1036,14,False
2026-06-18,STORE_1,1036,11,False
2026-06-19,STORE_1,1036,20,False
2026-06-20,STORE_1,1036,31,True
2026-06-21,STORE_1,1036,15,False
2026-06-22,STORE_1,1036,10,False
2026-06-23,STORE_1,1036,12,False
2026-06-24,STORE_1,1036,12,False
2026-06-25,STORE_1,1036,16,False
2026-06-26,STORE_1,1036,12,False
2026-06-27,STORE_1,1036,0,False
2026-06-28,STORE_1,1036,27,False
2026-06-29,STORE_1,1036,15,False
2026-06-30,STORE_1,1036,16,False
2026-07-01,STORE_1,1036,9,False
2026-07-02,STORE_1,1036,21,False
2026-07-03,STORE_1,1036,10,False
2026-07-04,STORE_1,1036,27,True
2026-07-05,STORE_1,1036,9,False
2026-07-06,STORE_1,1036,16,True
2026-07-07,STORE_1,1036,15,False
2026-07-08,STORE_1,1036,11,False
2026-07-09,STORE_1,1036,13,False
2026-07-10,STORE_1,1036,21,False
2026-07-11,STORE_1,1036,27,False
2026-07-12,STORE_1,1036,16,False
2026-07-13,STORE_1,1036,19,False
2026-07-14,STORE_1,1036,13,False
2026-07-15,STORE_1,1036,13,False
2026-07-16,STORE_1,1036,26,False
2026-07-17,STORE_1,1036,20,False
2026-07-18,STORE_1,1036,32,False
2026-07-19,STORE_1,1036,21,True
2026-07-20,STORE_1,1036,12,False
2026-07-21,STORE_1,1036,14,False
2026-07-22,STORE_1,1036,14,False
2026-07-23,STORE_1,1036,21,False
2026-07-24,STORE_1,1036,26,False
2026-07-25,STORE_1,1036,23,False
2026-07-26,STORE_1,1036,17,False
2026-07-27,STORE_1,1036,0,False
2026-07-28,STORE_1,1036,7,False
2026-07-29,STORE_1,1036,13,False
2026-07-30,STORE_1,1036,18,False
2026-07-31,STORE_1,1036,19,False
2026-08-01,STORE_1,1036,27,False
2026-08-02,STORE_1,1036,16,False
2026-08-03,STORE_1,1036,11,False
2026-08-04,STORE_1,1036,10,False
2026-08-05,STORE_1,1036,16,False
2026-08-06,STORE_1,1036,14,False
2026-08-07,STORE_1,1036,15,False
2026-08-08,STORE_1,1036,23,False
2026-08-09,STORE_1,1036,10,False
2026-08-10,STORE_1,1036,13,False
2026-08-11,STORE_1,1036,13,False
2026-08-12,STORE_1,1036,15,True
2026-08-13,STORE_1,1036,13,False
2026-08-14,STORE_1,1036,25,False
2026-08-15,STORE_1,1036,20,False
2026-08-16,STORE_1,1036,21,True
2026-08-17,STORE_1,1036,9,False
2026-08-18,STORE_1,1036,15,False
2026-08-19,STORE_1,1036,6,False
2026-08-20,STORE_1,1036,10,False
2026-08-21,STORE_1,1036,17,False
2026-08-22,STORE_1,1036,15,False
2026-08-23,STORE_1,1036,17,False
2026-08-24,STORE_1,1036,22,True
2026-08-25,STORE_1,1036,14,False
2026-08-26,STORE_1,1036,13,False
2026-08-27,STORE_1,1036,4,False
2026-08-28,STORE_1,1036,20,False
2026-08-29,STORE_1,1036,27,False
2026-08-30,STORE_1,1036,10,False
2026-08-31,STORE_1,1036,8,False
2026-09-01,STORE_1,1036,8,True
2026-09-02,STORE_1,1036,17,False
2026-09-03,STORE_1,1036,11,False
2026-09-04,STORE_1,1036,17,False
2026-09-05,STORE_1,1036,14,False
2026-09-06,STORE_1,1036,11,False
2026-09-07,STORE_1,1036,17,False
2026-09-08,STORE_1,1036,10,False
2026-09-09,STORE_1,1036,13,False
2026-09-10,STORE_1,1036,17,False
2026-09-11,STORE_1,1036,26,False
2026-09-12,STORE_1,1036,14,False
2026-09-13,STORE_1,1036,28,True
2026-09-14,STORE_1,1036,15,False
2026-09-15,STORE_1,1036,0,False
2026-09-16,STORE_1,1036,12,False
2026-09-17,STORE_1,1036,13,False
2026-09-18,STORE_1,1036,11,False
2026-09-19,STORE_1,1036,28,False
2026-09-20,STORE_1,1036,11,False
2026-09-21,STORE_1,1036,27,True
2026-09-22,STORE_1,1036,18,False
2026-09-23,STORE_1,1036,17,True
2026-09-24,STORE_1,1036,10,False
2026-09-25,STORE_1,1036,23,False
2026-09-26,STORE_1,1036,18,False
2026-09-27,STORE_1,1036,14,False
2026-09-28,STORE_1,1036,9,False
2026-09-29,STORE_1,1036,11,False
2026-09-30,STORE_1,1036,0,False
2025-10-01,STORE_1,1037,10,False
2025-10-02,STORE_1,1037,9,False
2025-10-03,STORE_1,1037,7,False
2025-10-04,STORE_1,1037,0,False
2025-10-05,STORE_1,1037,10,False
2025-10-06,STORE_1,1037,6,False
2025-10-07,STORE_1,1037,6,False
2025-10-08,STORE_1,1037,7,False
2025-10-09,STORE_1,1037,13,False
2025-10-10,STORE_1,1037,18,False
2025-10-11,STORE_1,1037,17,False
2025-10-12,STORE_1,1037,13,False
2025-10-13,STORE_1,1037,5,False
2025-10-14,STORE_1,1037,8,False
2025-10-15,STORE_1,1037,7,False
2025-10-16,STORE_1,1037,8,False
2025-10-17,STORE_1,1037,14,True
2025-10-18,STORE_1,1037,10,False
2025-10-19,STORE_1,1037,13,False
2025-10-20,STORE_1,1037,11,False
2025-10-21,STORE_1,1037,7,False
2025-10-22,STORE_1,1037,8,False
2025-10-23,STORE_1,1037,9,False
2025-10-24,STORE_1,1037,12,True
2025-10-25,STORE_1,1037,9,False
2025-10-26,STORE_1,1037,9,False
2025-10-27,STORE_1,1037,12,True
2025-10-28,STORE_1,1037,4,False
2025-10-29,STORE_1,1037,12,False
2025-10-30,STORE_1,1037,11,False
2025-10-31,STORE_1,1037,18,False
2025-11-01,STORE_1,1037,17,False
2025-11-02,STORE_1,1037,14,False
2025-11-03,STORE_1,1037,11,False
2025-11-04,STORE_1,1037,9,False
2025-11-05,STORE_1,1037,5,False
2025-11-06,STORE_1,1037,14,False
2025-11-07,STORE_1,1037,15,False
2025-11-08,STORE_1,1037,13,False
2025-11-09,STORE_1,1037,10,False
2025-11-10,STORE_1,1037,0,False
2025-11-11,STORE_1,1037,0,False
2025-11-12,STORE_1,1037,9,False
2025-11-13,STORE_1,1037,0,False
2025-11-14,STORE_1,1037,12,False
2025-11-15,STORE_1,1037,0,False
2025-11-16,STORE_1,1037,13,False
2025-11-17,STORE_1,1037,10,False
2025-11-18,STORE_1,1037,11,False
2025-11-19,STORE_1,1037,7,False
2025-11-20,STORE_1,1037,18,False
2025-11-21,STORE_1,1037,13,False
2025-11-22,STORE_1,1037,13,False
2025-11-23,STORE_1,1037,11,False
2025-11-24,STORE_1,1037,10,False
2025-11-25,STORE_1,1037,9,False
2025-11-26,STORE_1,1037,9,False
2025-11-27,STORE_1,1037,8,False
2025-11-28,STORE_1,1037,20,False
2025-11-29,STORE_1,1037,13,False
2025-11-30,STORE_1,1037,17,True
2025-12-01,STORE_1,1037,12,False
2025-12-02,STORE_1,1037,13,False
2025-12-03,STORE_1,1037,10,False
2025-12-04,STORE_1,1037,11,False
2025-12-05,STORE_1,1037,25,False
2025-12-06,STORE_1,1037,17,False
2025-12-07,STORE_1,1037,15,False
2025-12-08,STORE_1,1037,11,False
2025-12-09,STORE_1,1037,13,False
2025-12-10,STORE_1,1037,10,False
2025-12-11,STORE_1,1037,13,False
2025-12-12,STORE_1,1037,21,False
2025-12-13,STORE_1,1037,23,False
2025-12-14,STORE_1,1037,14,False
2025-12-15,STORE_1,1037,17,True
2025-12-16,STORE_1,1037,12,False
2025-12-17,STORE_1,1037,13,False
2025-12-18,STORE_1,1037,18,False
2025-12-19,STORE_1,1037,19,True
2025-12-20,STORE_1,1037,12,False
2025-12-21,STORE_1,1037,12,False
2025-12-22,STORE_1,1037,8,False
2025-12-23,STORE_1,1037,11,False
2025-12-24,STORE_1,1037,17,False
2025-12-25,STORE_1,1037,17,False
2025-12-26,STORE_1,1037,16,False
2025-12-27,STORE_1,1037,16,False
2025-12-28,STORE_1,1037,14,False
2025-12-29,STORE_1,1037,14,False
2025-12-30,STORE_1,1037,12,False
2025-12-31,STORE_1,1037,9,False
2026-01-01,STORE_1,1037,16,False
2026-01-02,STORE_1,1037,12,False
2026-01-03,STORE_1,1037,15,False
2026-01-04,STORE_1,1037,10,False
2026-01-05,STORE_1,1037,13,True
2026-01-06,STORE_1,1037,13,True
2026-01-07,STORE_1,1037,6,False
2026-01-08,STORE_1,1037,9,False
2026-01-09,STORE_1,1037,12,False
2026-01-10,STORE_1,1037,0,False
2026-01-11,STORE_1,1037,12,False
2026-01-12,STORE_1,1037,9,False
2026-01-13,STORE_1,1037,10,True
2026-01-14,STORE_1,1037,9,False
2026-01-15,STORE_1,1037,7,False
2026-01-16,STORE_1,1037,7,False
2026-01-17,STORE_1,1037,13,False
2026-01-18,STORE_1,1037,7,False
2026-01-19,STORE_1,1037,12,True
2026-01-20,STORE_1,1037,6,False
2026-01-21,STORE_1,1037,8,False
2026-01-22,STORE_1,1037,4,False
2026-01-23,STORE_1,1037,13,False
2026-01-24,STORE_1,1037,15,False
2026-01-25,STORE_1,1037,13,False
2026-01-26,STORE_1,1037,8,False
2026-01-27,STORE_1,1037,5,False
2026-01-28,STORE_1,1037,10,False
2026-01-29,STORE_1,1037,9,False
2026-01-30,STORE_1,1037,14,False
2026-01-31,STORE_1,1037,10,False
2026-02-01,STORE_1,1037,9,False
2026-02-02,STORE_1,1037,6,False
2026-02-03,STORE_1,1037,3,False
2026-02-04,STORE_1,1037,11,False
2026-02-05,STORE_1,1037,11,False
2026-02-06,STORE_1,1037,19,False
2026-02-07,STORE_1,1037,28,True
2026-02-08,STORE_1,1037,11,False
2026-02-09,STORE_1,1037,10,False
2026-02-10,STORE_1,1037,12,False
2026-02-11,STORE_1,1037,11,False
2026-02-12,STORE_1,1037,7,False
2026-02-13,STORE_1,1037,12,False
2026-02-14,STORE_1,1037,15,False
2026-02-15,STORE_1,1037,13,False
2026-02-16,STORE_1,1037,12,False
2026-02-17,STORE_1,1037,10,False
2026-02-18,STORE_1,1037,9,False
2026-02-19,STORE_1,1037,9,False
2026-02-20,STORE_1,1037,12,False
2026-02-21,STORE_1,1037,12,False
2026-02-22,STORE_1,1037,10,False
2026-02-23,STORE_1,1037,14,True
2026-02-24,STORE_1,1037,7,False
2026-02-25,STORE_1,1037,10,False
2026-02-26,STORE_1,1037,13,False
2026-02-27,STORE_1,1037,12,False
2026-02-28,STORE_1,1037,24,True
2026-03-01,STORE_1,1037,15,False
2026-03-02,STORE_1,1037,11,False
2026-03-03,STORE_1,1037,10,False
2026-03-04,STORE_1,1037,6,False
2026-03-05,STORE_1,1037,14,False
2026-03-06,STORE_1,1037,11,False
2026-03-07,STORE_1,1037,10,False
2026-03-08,STORE_1,1037,5,False
2026-03-09,STORE_1,1037,10,False
2026-03-10,STORE_1,1037,12,False
2026-03-11,STORE_1,1037,12,False
2026-03-12,STORE_1,1037,0,False
2026-03-13,STORE_1,1037,10,False
2026-03-14,STORE_1,1037,16,False
2026-03-15,STORE_1,1037,14,False
2026-03-16,STORE_1,1037,10,False
2026-03-17,STORE_1,1037,11,False
2026-03-18,STORE_1,1037,9,False
2026-03-19,STORE_1,1037,5,False
2026-03-20,STORE_1,1037,11,False
2026-03-21,STORE_1,1037,20,False
2026-03-22,STORE_1,1037,13,True
2026-03-23,STORE_1,1037,7,False
2026-03-24,STORE_1,1037,6,False
2026-03-25,STORE_1,1037,10,False
2026-03-26,STORE_1,1037,16,True
2026-03-27,STORE_1,1037,13,False
2026-03-28,STORE_1,1037,19,False
2026-03-29,STORE_1,1037,14,False
2026-03-30,STORE_1,1037,10,False
2026-03-31,STORE_1,1037,4,False
2026-04-01,STORE_1,1037,6,False
2026-04-02,STORE_1,1037,15,False
2026-04-03,STORE_1,1037,8,False
2026-04-04,STORE_1,1037,19,False
2026-04-05,STORE_1,1037,11,False
2026-04-06,STORE_1,1037,11,False
2026-04-07,STORE_1,1037,10,False
2026-04-08,STORE_1,1037,9,False
2026-04-09,STORE_1,1037,12,False
2026-04-10,STORE_1,1037,18,False
2026-04-11,STORE_1,1037,12,False
2026-04-12,STORE_1,1037,13,False
2026-04-13,STORE_1,1037,11,False
2026-04-14,STORE_1,1037,5,False
2026-04-15,STORE_1,1037,0,False
2026-04-16,STORE_1,1037,16,False
2026-04-17,STORE_1,1037,13,False
2026-04-18,STORE_1,1037,16,True
2026-04-19,STORE_1,1037,16,False
2026-04-20,STORE_1,1037,11,False
2026-04-21,STORE_1,1037,11,False
2026-04-22,STORE_1,1037,8,False
2026-04-23,STORE_1,1037,8,False
2026-04-24,STORE_1,1037,11,False
2026-04-25,STORE_1,1037,15,False
2026-04-26,STORE_1,1037,12,False
2026-04-27,STORE_1,1037,12,False
2026-04-28,STORE_1,1037,12,False
2026-04-29,STORE_1,1037,19,True
2026-04-30,STORE_1,1037,14,True
2026-05-01,STORE_1,1037,22,False
2026-05-02,STORE_1,1037,10,False
2026-05-03,STORE_1,1037,13,False
2026-05-04,STORE_1,1037,7,False
2026-05-05,STORE_1,1037,13,False
2026-05-06,STORE_1,1037,10,False
2026-05-07,STORE_1,1037,8,False
2026-05-08,STORE_1,1037,11,False
2026-05-09,STORE_1,1037,8,False
2026-05-10,STORE_1,1037,12,False
2026-05-11,STORE_1,1037,10,False
2026-05-12,STORE_1,1037,6,False
2026-05-13,STORE_1,1037,10,False
2026-05-14,STORE_1,1037,14,False
2026-05-15,STORE_1,1037,9,False
2026-05-16,STORE_1,1037,17,False
2026-05-17,STORE_1,1037,14,False
2026-05-18,STORE_1,1037,9,False
2026-05-19,STORE_1,1037,9,False
2026-05-20,STORE_1,1037,0,False
2026-05-21,STORE_1,1037,9,False
2026-05-22,STORE_1,1037,17,True
2026-05-23,STORE_1,1037,17,False
2026-05-24,STORE_1,1037,9,False
2026-05-25,STORE_1,1037,7,False
2026-05-26,STORE_1,1037,7,False
2026-05-27,STORE_1,1037,10,False
2026-05-28,STORE_1,1037,17,True
2026-05-29,STORE_1,1037,12,False
2026-05-30,STORE_1,1037,17,False
2026-05-31,STORE_1,1037,13,False
2026-06-01,STORE_1,1037,8,False
2026-06-02,STORE_1,1037,7,False
2026-06-03,STORE_1,1037,8,False
2026-06-04,STORE_1,1037,10,False
2026-06-05,STORE_1,1037,6,False
2026-06-06,STORE_1,1037,10,False
2026-06-07,STORE_1,1037,10,True
2026-06-08,STORE_1,1037,10,False
2026-06-09,STORE_1,1037,8,False
2026-06-10,STORE_1,1037,12,False
2026-06-11,STORE_1,1037,13,False
2026-06-12,STORE_1,1037,17,False
2026-06-13,STORE_1,1037,12,False
2026-06-14,STORE_1,1037,12,False
2026-06-15,STORE_1,1037,13,False
2026-06-16,STORE_1,1037,7,False
2026-06-17,STORE_1,1037,15,True
2026-06-18,STORE_1,1037,10,False
2026-06-19,STORE_1,1037,20,False
2026-06-20,STORE_1,1037,17,False
2026-06-21,STORE_1,1037,14,False
2026-06-22,STORE_1,1037,9,False
2026-06-23,STORE_1,1037,10,False
2026-06-24,STORE_1,1037,13,False
2026-06-25,STORE_1,1037,12,False
2026-06-26,STORE_1,1037,15,False
2026-06-27,STORE_1,1037,19,False
2026-06-28,STORE_1,1037,10,False
2026-06-29,STORE_1,1037,12,False
2026-06-30,STORE_1,1037,0,False
2026-07-01,STORE_1,1037,7,False
2026-07-02,STORE_1,1037,9,False
2026-07-03,STORE_1,1037,16,False
2026-07-04,STORE_1,1037,19,False
2026-07-05,STORE_1,1037,11,False
2026-07-06,STORE_1,1037,11,False
2026-07-07,STORE_1,1037,15,True
2026-07-08,STORE_1,1037,11,False
2026-07-09,STORE_1,1037,11,False
2026-07-10,STORE_1,1037,16,False
2026-07-11,STORE_1,1037,13,False
2026-07-12,STORE_1,1037,14,False
2026-07-13,STORE_1,1037,4,False
2026-07-14,STORE_1,1037,12,True
2026-07-15,STORE_1,1037,10,False
2026-07-16,STORE_1,1037,11,False
2026-07-17,STORE_1,1037,14,False
2026-07-18,STORE_1,1037,15,False
2026-07-19,STORE_1,1037,13,False
2026-07-20,STORE_1,1037,9,False
2026-07-21,STORE_1,1037,11,False
2026-07-22,STORE_1,1037,9,False
2026-07-23,STORE_1,1037,13,False
2026-07-24,STORE_1,1037,11,False
2026-07-25,STORE_1,1037,13,False
2026-07-26,STORE_1,1037,8,False
2026-07-27,STORE_1,1037,10,False
2026-07-28,STORE_1,1037,9,False
2026-07-29,STORE_1,1037,8,False
2026-07-30,STORE_1,1037,8,True
2026-07-31,STORE_1,1037,11,False
2026-08-01,STORE_1,1037,15,False
2026-08-02,STORE_1,1037,11,False
2026-08-03,STORE_1,1037,10,False
2026-08-04,STORE_1,1037,7,False
2026-08-05,STORE_1,1037,8,False
2026-08-06,STORE_1,1037,12,True
2026-08-07,STORE_1,1037,16,False
2026-08-08,STORE_1,1037,0,False
2026-08-09,STORE_1,1037,2,False
2026-08-10,STORE_1,1037,8,False
2026-08-11,STORE_1,1037,10,False
2026-08-12,STORE_1,1037,9,False
2026-08-13,STORE_1,1037,11,False
2026-08-14,STORE_1,1037,13,False
2026-08-15,STORE_1,1037,14,True
2026-08-16,STORE_1,1037,10,False
2026-08-17,STORE_1,1037,14,False
2026-08-18,STORE_1,1037,8,False
2026-08-19,STORE_1,1037,10,False
2026-08-20,STORE_1,1037,11,False
2026-08-21,STORE_1,1037,18,False
2026-08-22,STORE_1,1037,6,False
2026-08-23,STORE_1,1037,15,False
2026-08-24,STORE_1,1037,12,False
2026-08-25,STORE_1,1037,10,False
2026-08-26,STORE_1,1037,9,False
2026-08-27,STORE_1,1037,11,False
2026-08-28,STORE_1,1037,9,False
2026-08-29,STORE_1,1037,8,False
2026-08-30,STORE_1,1037,12,False
2026-08-31,STORE_1,1037,3,False
2026-09-01,STORE_1,1037,7,False
2026-09-02,STORE_1,1037,7,False
2026-09-03,STORE_1,1037,10,False
2026-09-04,STORE_1,1037,12,False
2026-09-05,STORE_1,1037,10,False
2026-09-06,STORE_1,1037,19,True
2026-09-07,STORE_1,1037,10,False
2026-09-08,STORE_1,1037,10,False
2026-09-09,STORE_1,1037,8,False
2026-09-10,STORE_1,1037,10,False
2026-09-11,STORE_1,1037,10,False
2026-09-12,STORE_1,1037,0,False
2026-09-13,STORE_1,1037,15,False
2026-09-14,STORE_1,1037,6,False
2026-09-15,STORE_1,1037,12,False
2026-09-16,STORE_1,1037,8,False
2026-09-17,STORE_1,1037,9,False
2026-09-18,STORE_1,1037,11,False
2026-09-19,STORE_1,1037,17,False
2026-09-20,STORE_1,1037,0,False
2026-09-21,STORE_1,1037,0,False
2026-09-22,STORE_1,1037,8,False
2026-09-23,STORE_1,1037,7,False
2026-09-24,STORE_1,1037,11,False
2026-09-25,STORE_1,1037,17,False
2026-09-26,STORE_1,1037,13,False
2026-09-27,STORE_1,1037,12,False
2026-09-28,STORE_1,1037,6,False
2026-09-29,STORE_1,1037,12,True
2026-09-30,STORE_1,1037,8,False
2025-10-01,STORE_1,1038,6,False
2025-10-02,STORE_1,1038,5,False
2025-10-03,STORE_1,1038,14,True
2025-10-04,STORE_1,1038,12,False
2025-10-05,STORE_1,1038,8,False
2025-10-06,STORE_1,1038,11,False
2025-10-07,STORE_1,1038,11,False
2025-10-08,STORE_1,1038,12,False
2025-10-09,STORE_1,1038,6,False
2025-10-10,STORE_1,1038,13,False
2025-10-11,STORE_1,1038,14,False
2025-10-12,STORE_1,1038,15,False
2025-10-13,STORE_1,1038,5,False
2025-10-14,STORE_1,1038,9,False
2025-10-15,STORE_1,1038,2,False
2025-10-16,STORE_1,1038,6,False
2025-10-17,STORE_1,1038,16,False
2025-10-18,STORE_1,1038,6,False
2025-10-19,STORE_1,1038,0,False
2025-10-20,STORE_1,1038,5,False
2025-10-21,STORE_1,1038,12,False
2025-10-22,STORE_1,1038,10,True
2025-10-23,STORE_1,1038,13,False
2025-10-24,STORE_1,1038,8,False
2025-10-25,STORE_1,1038,6,False
2025-10-26,STORE_1,1038,13,False
2025-10-27,STORE_1,1038,9,False
2025-10-28,STORE_1,1038,10,True
2025-10-29,STORE_1,1038,14,False
2025-10-30,STORE_1,1038,9,False
2025-10-31,STORE_1,1038,14,False
2025-11-01,STORE_1,1038,18,True
2025-11-02,STORE_1,1038,14,False
2025-11-03,STORE_1,1038,11,False
2025-11-04,STORE_1,1038,0,True
2025-11-05,STORE_1,1038,4,False
2025-11-06,STORE_1,1038,11,False
2025-11-07,STORE_1,1038,7,False
2025-11-08,STORE_1,1038,17,False
2025-11-09,STORE_1,1038,14,False
2025-11-10,STORE_1,1038,7,False
2025-11-11,STORE_1,1038,10,False
2025-11-12,STORE_1,1038,9,False
2025-11-13,STORE_1,1038,8,False
2025-11-14,STORE_1,1038,14,False
2025-11-15,STORE_1,1038,20,False
2025-11-16,STORE_1,1038,10,False
2025-11-17,STORE_1,1038,10,False
2025-11-18,STORE_1,1038,6,False
2025-11-19,STORE_1,1038,7,False
2025-11-20,STORE_1,1038,13,False
2025-11-21,STORE_1,1038,13,False
2025-11-22,STORE_1,1038,14,False
2025-11-23,STORE_1,1038,11,False
2025-11-24,STORE_1,1038,16,False
2025-11-25,STORE_1,1038,13,False
2025-11-26,STORE_1,1038,12,False
2025-11-27,STORE_1,1038,16,False
2025-11-28,STORE_1,1038,21,False
2025-11-29,STORE_1,1038,18,False
2025-11-30,STORE_1,1038,11,False
2025-12-01,STORE_1,1038,13,False
2025-12-02,STORE_1,1038,15,False
2025-12-03,STORE_1,1038,14,False
2025-12-04,STORE_1,1038,21,True
2025-12-05,STORE_1,1038,13,False
2025-12-06,STORE_1,1038,27,True
2025-12-07,STORE_1,1038,14,False
2025-12-08,STORE_1,1038,14,False
2025-12-09,STORE_1,1038,15,False
2025-12-10,STORE_1,1038,18,True
2025-12-11,STORE_1,1038,14,False
2025-12-12,STORE_1,1038,28,True
2025-12-13,STORE_1,1038,32,False
2025-12-14,STORE_1,1038,14,False
2025-12-15,STORE_1,1038,13,False
2025-12-16,STORE_1,1038,13,False
2025-12-17,STORE_1,1038,11,False
2025-12-18,STORE_1,1038,12,False
2025-12-19,STORE_1,1038,17,False
2025-12-20,STORE_1,1038,24,False
2025-12-21,STORE_1,1038,9,False
2025-12-22,STORE_1,1038,9,False
2025-12-23,STORE_1,1038,15,True
2025-12-24,STORE_1,1038,8,False
2025-12-25,STORE_1,1038,17,False
2025-12-26,STORE_1,1038,19,False
2025-12-27,STORE_1,1038,10,False
2025-12-28,STORE_1,1038,18,True
2025-12-29,STORE_1,1038,14,False
2025-12-30,STORE_1,1038,13,False
2025-12-31,STORE_1,1038,13,False
2026-01-01,STORE_1,1038,11,False
2026-01-02,STORE_1,1038,21,False
2026-01-03,STORE_1,1038,21,False
2026-01-04,STORE_1,1038,13,False
2026-01-05,STORE_1,1038,6,False
2026-01-06,STORE_1,1038,14,False
2026-01-07,STORE_1,1038,10,False
2026-01-08,STORE_1,1038,7,False
2026-01-09,STORE_1,1038,16,False
2026-01-10,STORE_1,1038,19,False
2026-01-11,STORE_1,1038,12,False
2026-01-12,STORE_1,1038,5,False
2026-01-13,STORE_1,1038,0,False
2026-01-14,STORE_1,1038,12,False
2026-01-15,STORE_1,1038,8,False
2026-01-16,STORE_1,1038,17,False
2026-01-17,STORE_1,1038,10,False
2026-01-18,STORE_1,1038,8,False
2026-01-19,STORE_1,1038,6,False
2026-01-20,STORE_1,1038,9,False
2026-01-21,STORE_1,1038,3,False
2026-01-22,STORE_1,1038,12,True
2026-01-23,STORE_1,1038,12,False
2026-01-24,STORE_1,1038,0,False
2026-01-25,STORE_1,1038,13,False
2026-01-26,STORE_1,1038,10,False
2026-01-27,STORE_1,1038,8,False
2026-01-28,STORE_1,1038,11,False
2026-01-29,STORE_1,1038,8,False
2026-01-30,STORE_1,1038,14,False
2026-01-31,STORE_1,1038,12,False
2026-02-01,STORE_1,1038,3,False
2026-02-02,STORE_1,1038,9,False
2026-02-03,STORE_1,1038,11,False
2026-02-04,STORE_1,1038,15,True
2026-02-05,STORE_1,1038,11,False
2026-02-06,STORE_1,1038,16,False
2026-02-07,STORE_1,1038,8,False
2026-02-08,STORE_1,1038,14,False
2026-02-09,STORE_1,1038,3,False
2026-02-10,STORE_1,1038,7,False
2026-02-11,STORE_1,1038,9,False
2026-02-12,STORE_1,1038,8,False
2026-02-13,STORE_1,1038,14,True
2026-02-14,STORE_1,1038,0,False
2026-02-15,STORE_1,1038,4,False
2026-02-16,STORE_1,1038,10,False
2026-02-17,STORE_1,1038,0,False
2026-02-18,STORE_1,1038,9,False
2026-02-19,STORE_1,1038,8,False
2026-02-20,STORE_1,1038,8,False
2026-02-21,STORE_1,1038,14,False
2026-02-22,STORE_1,1038,9,False
2026-02-23,STORE_1,1038,6,False
2026-02-24,STORE_1,1038,9,False
2026-02-25,STORE_1,1038,8,False
2026-02-26,STORE_1,1038,10,False
2026-02-27,STORE_1,1038,8,False
2026-02-28,STORE_1,1038,13,False
2026-03-01,STORE_1,1038,11,False
2026-03-02,STORE_1,1038,0,False
2026-03-03,STORE_1,1038,7,False
2026-03-04,STORE_1,1038,8,True
2026-03-05,STORE_1,1038,15,False
2026-03-06,STORE_1,1038,14,False
2026-03-07,STORE_1,1038,14,False
2026-03-08,STORE_1,1038,11,False
2026-03-09,STORE_1,1038,10,False
2026-03-10,STORE_1,1038,11,False
2026-03-11,STORE_1,1038,9,False
2026-03-12,STORE_1,1038,16,False
2026-03-13,STORE_1,1038,15,False
2026-03-14,STORE_1,1038,13,False
2026-03-15,STORE_1,1038,8,False
2026-03-16,STORE_1,1038,12,False
2026-03-17,STORE_1,1038,6,False
2026-03-18,STORE_1,1038,11,False
2026-03-19,STORE_1,1038,11,False
2026-03-20,STORE_1,1038,18,True
2026-03-21,STORE_1,1038,21,False
2026-03-22,STORE_1,1038,10,False
2026-03-23,STORE_1,1038,0,False
2026-03-24,STORE_1,1038,8,False
2026-03-25,STORE_1,1038,8,False
2026-03-26,STORE_1,1038,13,False
2026-03-27,STORE_1,1038,16,True
2026-03-28,STORE_1,1038,14,False
2026-03-29,STORE_1,1038,9,False
2026-03-30,STORE_1,1038,9,False
2026-03-31,STORE_1,1038,9,False
2026-04-01,STORE_1,1038,10,False
2026-04-02,STORE_1,1038,12,False
2026-04-03,STORE_1,1038,16,False
2026-04-04,STORE_1,1038,15,False
2026-04-05,STORE_1,1038,14,False
2026-04-06,STORE_1,1038,8,False
2026-04-07,STORE_1,1038,13,False
2026-04-08,STORE_1,1038,13,False
2026-04-09,STORE_1,1038,10,False
2026-04-10,STORE_1,1038,19,False
2026-04-11,STORE_1,1038,18,False
2026-04-12,STORE_1,1038,10,False
2026-04-13,STORE_1,1038,8,False
2026-04-14,STORE_1,1038,9,False
2026-04-15,STORE_1,1038,12,True
2026-04-16,STORE_1,1038,13,False
2026-04-17,STORE_1,1038,14,False
2026-04-18,STORE_1,1038,16,False
2026-04-19,STORE_1,1038,8,False
2026-04-20,STORE_1,1038,8,False
2026-04-21,STORE_1,1038,8,False
2026-04-22,STORE_1,1038,4,False
2026-04-23,STORE_1,1038,8,False
2026-04-24,STORE_1,1038,11,False
2026-04-25,STORE_1,1038,11,False
2026-04-26,STORE_1,1038,11,False
2026-04-27,STORE_1,1038,11,False
2026-04-28,STORE_1,1038,10,False
2026-04-29,STORE_1,1038,12,False
2026-04-30,STORE_1,1038,12,False
2026-05-01,STORE_1,1038,13,False
2026-05-02,STORE_1,1038,19,False
2026-05-03,STORE_1,1038,10,False
2026-05-04,STORE_1,1038,9,False
2026-05-05,STORE_1,1038,12,False
2026-05-06,STORE_1,1038,8,False
2026-05-07,STORE_1,1038,4,False
2026-05-08,STORE_1,1038,8,False
2026-05-09,STORE_1,1038,14,False
2026-05-10,STORE_1,1038,9,False
2026-05-11,STORE_1,1038,6,False
2026-05-12,STORE_1,1038,10,False
2026-05-13,STORE_1,1038,10,False
2026-05-14,STORE_1,1038,5,False
2026-05-15,STORE_1,1038,16,False
2026-05-16,STORE_1,1038,11,True
2026-05-17,STORE_1,1038,12,False
2026-05-18,STORE_1,1038,8,False
2026-05-19,STORE_1,1038,10,False
2026-05-20,STORE_1,1038,0,False
2026-05-21,STORE_1,1038,14,True
2026-05-22,STORE_1,1038,12,False
2026-05-23,STORE_1,1038,11,False
2026-05-24,STORE_1,1038,12,False
2026-05-25,STORE_1,1038,14,True
2026-05-26,STORE_1,1038,12,False
2026-05-27,STORE_1,1038,6,False
2026-05-28,STORE_1,1038,13,False
2026-05-29,STORE_1,1038,11,False
2026-05-30,STORE_1,1038,7,False
2026-05-31,STORE_1,1038,14,False
2026-06-01,STORE_1,1038,16,True
2026-06-02,STORE_1,1038,12,False
2026-06-03,STORE_1,1038,7,False
2026-06-04,STORE_1,1038,8,False
2026-06-05,STORE_1,1038,12,False
2026-06-06,STORE_1,1038,11,False
2026-06-07,STORE_1,1038,8,False
2026-06-08,STORE_1,1038,11,False
2026-06-09,STORE_1,1038,8,False
2026-06-10,STORE_1,1038,10,False
2026-06-11,STORE_1,1038,10,False
2026-06-12,STORE_1,1038,21,False
2026-06-13,STORE_1,1038,4,False
2026-06-14,STORE_1,1038,6,False
2026-06-15,STORE_1,1038,6,False
2026-06-16,STORE_1,1038,6,False
2026-06-17,STORE_1,1038,9,False
2026-06-18,STORE_1,1038,10,False
2026-06-19,STORE_1,1038,12,False
2026-06-20,STORE_1,1038,16,False
2026-06-21,STORE_1,1038,13,False
2026-06-22,STORE_1,1038,8,False
2026-06-23,STORE_1,1038,10,False
2026-06-24,STORE_1,1038,14,True
2026-06-25,STORE_1,1038,7,False
2026-06-26,STORE_1,1038,18,False
2026-06-27,STORE_1,1038,0,False
2026-06-28,STORE_1,1038,14,False
2026-06-29,STORE_1,1038,3,False
2026-06-30,STORE_1,1038,8,False
2026-07-01,STORE_1,1038,6,False
2026-07-02,STORE_1,1038,10,False
2026-07-03,STORE_1,1038,12,False
2026-07-04,STORE_1,1038,15,False
2026-07-05,STORE_1,1038,9,False
2026-07-06,STORE_1,1038,8,False
2026-07-07,STORE_1,1038,6,False
2026-07-08,STORE_1,1038,8,False
2026-07-09,STORE_1,1038,6,True
2026-07-10,STORE_1,1038,16,False
2026-07-11,STORE_1,1038,14,False
2026-07-12,STORE_1,1038,11,False
2026-07-13,STORE_1,1038,7,False
2026-07-14,STORE_1,1038,6,False
2026-07-15,STORE_1,1038,8,False
2026-07-16,STORE_1,1038,9,False
2026-07-17,STORE_1,1038,10,False
2026-07-18,STORE_1,1038,15,False
2026-07-19,STORE_1,1038,10,False
2026-07-20,STORE_1,1038,2,False
2026-07-21,STORE_1,1038,10,False
2026-07-22,STORE_1,1038,9,False
2026-07-23,STORE_1,1038,7,False
2026-07-24,STORE_1,1038,14,False
2026-07-25,STORE_1,1038,14,False
2026-07-26,STORE_1,1038,18,False
2026-07-27,STORE_1,1038,11,False
2026-07-28,STORE_1,1038,0,False
2026-07-29,STORE_1,1038,5,False
2026-07-30,STORE_1,1038,10,False
2026-07-31,STORE_1,1038,4,False
2026-08-01,STORE_1,1038,13,False
2026-08-02,STORE_1,1038,13,False
2026-08-03,STORE_1,1038,6,False
2026-08-04,STORE_1,1038,10,False
2026-08-05,STORE_1,1038,7,False
2026-08-06,STORE_1,1038,7,False
2026-08-07,STORE_1,1038,14,False
2026-08-08,STORE_1,1038,19,False
2026-08-09,STORE_1,1038,12,False
2026-08-10,STORE_1,1038,12,False
2026-08-11,STORE_1,1038,7,False
2026-08-12,STORE_1,1038,7,False
2026-08-13,STORE_1,1038,13,False
2026-08-14,STORE_1,1038,14,False
2026-08-15,STORE_1,1038,9,False
2026-08-16,STORE_1,1038,16,False
2026-08-17,STORE_1,1038,8,False
2026-08-18,STORE_1,1038,8,False
2026-08-19,STORE_1,1038,13,False
2026-08-20,STORE_1,1038,13,False
2026-08-21,STORE_1,1038,16,True
2026-08-22,STORE_1,1038,15,False
2026-08-23,STORE_1,1038,17,False
2026-08-24,STORE_1,1038,7,False
2026-08-25,STORE_1,1038,8,False
2026-08-26,STORE_1,1038,7,False
2026-08-27,STORE_1,1038,9,False
2026-08-28,STORE_1,1038,10,False
2026-08-29,STORE_1,1038,8,False
2026-08-30,STORE_1,1038,11,True
2026-08-31,STORE_1,1038,11,False
2026-09-01,STORE_1,1038,9,False
2026-09-02,STORE_1,1038,6,False
2026-09-03,STORE_1,1038,12,False
2026-09-04,STORE_1,1038,13,False
2026-09-05,STORE_1,1038,13,False
2026-09-06,STORE_1,1038,17,False
2026-09-07,STORE_1,1038,8,False
2026-09-08,STORE_1,1038,9,True
2026-09-09,STORE_1,1038,13,False
2026-09-10,STORE_1,1038,12,False
2026-09-11,STORE_1,1038,9,False
2026-09-12,STORE_1,1038,18,False
2026-09-13,STORE_1,1038,13,False
2026-09-14,STORE_1,1038,12,False
2026-09-15,STORE_1,1038,11,False
2026-09-16,STORE_1,1038,10,False
2026-09-17,STORE_1,1038,11,False
2026-09-18,STORE_1,1038,17,True
2026-09-19,STORE_1,1038,12,False
2026-09-20,STORE_1,1038,10,False
2026-09-21,STORE_1,1038,5,False
2026-09-22,STORE_1,1038,8,False
2026-09-23,STORE_1,1038,4,False
2026-09-24,STORE_1,1038,13,False
2026-09-25,STORE_1,1038,13,False
2026-09-26,STORE_1,1038,19,False
2026-09-27,STORE_1,1038,13,False
2026-09-28,STORE_1,1038,11,False
2026-09-29,STORE_1,1038,11,False
2026-09-30,STORE_1,1038,11,True
2025-10-01,STORE_1,1039,4,False
2025-10-02,STORE_1,1039,5,False
2025-10-03,STORE_1,1039,11,False
2025-10-04,STORE_1,1039,7,False
2025-10-05,STORE_1,1039,0,False
2025-10-06,STORE_1,1039,5,False
2025-10-07,STORE_1,1039,6,False
2025-10-08,STORE_1,1039,5,False
2025-10-09,STORE_1,1039,7,False
2025-10-10,STORE_1,1039,11,False
2025-10-11,STORE_1,1039,10,False
2025-10-12,STORE_1,1039,8,True
2025-10-13,STORE_1,1039,5,False
2025-10-14,STORE_1,1039,5,False
2025-10-15,STORE_1,1039,3,False
2025-10-16,STORE_1,1039,6,False
2025-10-17,STORE_1,1039,4,False
2025-10-18,STORE_1,1039,6,False
2025-10-19,STORE_1,1039,11,False
2025-10-20,STORE_1,1039,7,False
2025-10-21,STORE_1,1039,5,True
2025-10-22,STORE_1,1039,4,True
2025-10-23,STORE_1,1039,8,False
2025-10-24,STORE_1,1039,7,False
2025-10-25,STORE_1,1039,12,False
2025-10-26,STORE_1,1039,9,False
2025-10-27,STORE_1,1039,5,False
2025-10-28,STORE_1,1039,5,False
2025-10-29,STORE_1,1039,4,False
2025-10-30,STORE_1,1039,4,False
2025-10-31,STORE_1,1039,8,False
2025-11-01,STORE_1,1039,11,False
2025-11-02,STORE_1,1039,7,False
2025-11-03,STORE_1,1039,5,False
2025-11-04,STORE_1,1039,6,False
2025-11-05,STORE_1,1039,5,False
2025-11-06,STORE_1,1039,7,False
2025-11-07,STORE_1,1039,5,True
2025-11-08,STORE_1,1039,13,False
2025-11-09,STORE_1,1039,4,False
2025-11-10,STORE_1,1039,7,False
2025-11-11,STORE_1,1039,6,False
2025-11-12,STORE_1,1039,6,False
2025-11-13,STORE_1,1039,6,False
2025-11-14,STORE_1,1039,8,False
2025-11-15,STORE_1,1039,15,True
2025-11-16,STORE_1,1039,5,False
2025-11-17,STORE_1,1039,7,False
2025-11-18,STORE_1,1039,6,False
2025-11-19,STORE_1,1039,0,False
2025-11-20,STORE_1,1039,9,False
2025-11-21,STORE_1,1039,10,False
2025-11-22,STORE_1,1039,12,False
2025-11-23,STORE_1,1039,9,False
2025-11-24,STORE_1,1039,7,False
2025-11-25,STORE_1,1039,6,False
2025-11-26,STORE_1,1039,11,False
2025-11-27,STORE_1,1039,7,False
2025-11-28,STORE_1,1039,10,False
2025-11-29,STORE_1,1039,12,False
2025-11-30,STORE_1,1039,15,False
2025-12-01,STORE_1,1039,6,False
2025-12-02,STORE_1,1039,9,False
2025-12-03,STORE_1,1039,11,False
2025-12-04,STORE_1,1039,8,False
2025-12-05,STORE_1,1039,8,False
2025-12-06,STORE_1,1039,8,False
2025-12-07,STORE_1,1039,10,False
2025-12-08,STORE_1,1039,7,False
2025-12-09,STORE_1,1039,8,False
2025-12-10,STORE_1,1039,17,True
2025-12-11,STORE_1,1039,7,False
2025-12-12,STORE_1,1039,15,False
2025-12-13,STORE_1,1039,16,False
2025-12-14,STORE_1,1039,10,False
2025-12-15,STORE_1,1039,5,False
2025-12-16,STORE_1,1039,8,True
2025-12-17,STORE_1,1039,7,True
2025-12-18,STORE_1,1039,11,True
2025-12-19,STORE_1,1039,15,False
2025-12-20,STORE_1,1039,10,False
2025-12-21,STORE_1,1039,13,False
2025-12-22,STORE_1,1039,7,False
2025-12-23,STORE_1,1039,11,False
2025-12-24,STORE_1,1039,9,True
2025-12-25,STORE_1,1039,8,False
2025-12-26,STORE_1,1039,13,False
2025-12-27,STORE_1,1039,16,False
2025-12-28,STORE_1,1039,9,False
2025-12-29,STORE_1,1039,7,False
2025-12-30,STORE_1,1039,7,False
2025-12-31,STORE_1,1039,8,False
2026-01-01,STORE_1,1039,7,False
2026-01-02,STORE_1,1039,13,False
2026-01-03,STORE_1,1039,11,False
2026-01-04,STORE_1,1039,5,False
2026-01-05,STORE_1,1039,7,False
2026-01-06,STORE_1,1039,7,False
2026-01-07,STORE_1,1039,8,False
2026-01-08,STORE_1,1039,4,False
2026-01-09,STORE_1,1039,10,False
2026-01-10,STORE_1,1039,5,False
2026-01-11,STORE_1,1039,9,False
2026-01-12,STORE_1,1039,6,False
2026-01-13,STORE_1,1039,4,False
2026-01-14,STORE_1,1039,6,False
2026-01-15,STORE_1,1039,6,False
2026-01-16,STORE_1,1039,9,False
2026-01-17,STORE_1,1039,9,False
2026-01-18,STORE_1,1039,8,False
2026-01-19,STORE_1,1039,5,False
2026-01-20,STORE_1,1039,9,False
2026-01-21,STORE_1,1039,6,False
2026-01-22,STORE_1,1039,6,False
2026-01-23,STORE_1,1039,7,False
2026-01-24,STORE_1,1039,11,False
2026-01-25,STORE_1,1039,13,False
2026-01-26,STORE_1,1039,8,False
2026-01-27,STORE_1,1039,11,True
2026-01-28,STORE_1,1039,7,True
2026-01-29,STORE_1,1039,5,False
2026-01-30,STORE_1,1039,4,False
2026-01-31,STORE_1,1039,9,False
2026-02-01,STORE_1,1039,9,False
2026-02-02,STORE_1,1039,5,False
2026-02-03,STORE_1,1039,7,False
2026-02-04,STORE_1,1039,5,False
2026-02-05,STORE_1,1039,4,False
2026-02-06,STORE_1,1039,7,False
2026-02-07,STORE_1,1039,7,False
2026-02-08,STORE_1,1039,12,True
2026-02-09,STORE_1,1039,7,False
2026-02-10,STORE_1,1039,5,False
2026-02-11,STORE_1,1039,5,False
2026-02-12,STORE_1,1039,5,False
2026-02-13,STORE_1,1039,10,False
2026-02-14,STORE_1,1039,10,False
2026-02-15,STORE_1,1039,7,False
2026-02-16,STORE_1,1039,7,False
2026-02-17,STORE_1,1039,3,False
2026-02-18,STORE_1,1039,7,False
2026-02-19,STORE_1,1039,5,False
2026-02-20,STORE_1,1039,5,False
2026-02-21,STORE_1,1039,9,False
2026-02-22,STORE_1,1039,6,False
2026-02-23,STORE_1,1039,6,False
2026-02-24,STORE_1,1039,7,False
2026-02-25,STORE_1,1039,6,False
2026-02-26,STORE_1,1039,7,False
2026-02-27,STORE_1,1039,10,False
2026-02-28,STORE_1,1039,10,False
2026-03-01,STORE_1,1039,11,True
2026-03-02,STORE_1,1039,5,False
2026-03-03,STORE_1,1039,5,False
2026-03-04,STORE_1,1039,6,False
2026-03-05,STORE_1,1039,5,False
2026-03-06,STORE_1,1039,9,False
2026-03-07,STORE_1,1039,10,False
2026-03-08,STORE_1,1039,7,False
2026-03-09,STORE_1,1039,0,False
2026-03-10,STORE_1,1039,8,False
2026-03-11,STORE_1,1039,7,False
2026-03-12,STORE_1,1039,0,False
2026-03-13,STORE_1,1039,11,False
2026-03-14,STORE_1,1039,11,False
2026-03-15,STORE_1,1039,6,False
2026-03-16,STORE_1,1039,8,False
2026-03-17,STORE_1,1039,6,False
2026-03-18,STORE_1,1039,6,False
2026-03-19,STORE_1,1039,6,False
2026-03-20,STORE_1,1039,6,False
2026-03-21,STORE_1,1039,9,False
2026-03-22,STORE_1,1039,8,False
2026-03-23,STORE_1,1039,6,False
2026-03-24,STORE_1,1039,4,False
2026-03-25,STORE_1,1039,5,False
2026-03-26,STORE_1,1039,7,False
2026-03-27,STORE_1,1039,8,False
2026-03-28,STORE_1,1039,0,False
2026-03-29,STORE_1,1039,5,False
2026-03-30,STORE_1,1039,7,False
2026-03-31,STORE_1,1039,6,False
2026-04-01,STORE_1,1039,6,False
2026-04-02,STORE_1,1039,5,False
2026-04-03,STORE_1,1039,9,True
2026-04-04,STORE_1,1039,12,False
2026-04-05,STORE_1,1039,7,False
2026-04-06,STORE_1,1039,6,False
2026-04-07,STORE_1,1039,5,False
2026-04-08,STORE_1,1039,12,True
2026-04-09,STORE_1,1039,6,False
2026-04-10,STORE_1,1039,7,False
2026-04-11,STORE_1,1039,11,False
2026-04-12,STORE_1,1039,6,False
2026-04-13,STORE_1,1039,9,False
2026-04-14,STORE_1,1039,7,False
2026-04-15,STORE_1,1039,4,False
2026-04-16,STORE_1,1039,5,False
2026-04-17,STORE_1,1039,16,True
2026-04-18,STORE_1,1039,14,True
2026-04-19,STORE_1,1039,6,False
2026-04-20,STORE_1,1039,3,False
2026-04-21,STORE_1,1039,0,False
2026-04-22,STORE_1,1039,6,False
2026-04-23,STORE_1,1039,7,False
2026-04-24,STORE_1,1039,7,True
2026-04-25,STORE_1,1039,6,False
2026-04-26,STORE_1,1039,7,False
2026-04-27,STORE_1,1039,5,False
2026-04-28,STORE_1,1039,7,False
2026-04-29,STORE_1,1039,6,False
2026-04-30,STORE_1,1039,6,False
2026-05-01,STORE_1,1039,8,False
2026-05-02,STORE_1,1039,0,False
2026-05-03,STORE_1,1039,4,False
2026-05-04,STORE_1,1039,4,False
2026-05-05,STORE_1,1039,7,False
2026-05-06,STORE_1,1039,7,False
2026-05-07,STORE_1,1039,11,True
2026-05-08,STORE_1,1039,12,False
2026-05-09,STORE_1,1039,11,False
2026-05-10,STORE_1,1039,9,False
2026-05-11,STORE_1,1039,4,False
2026-05-12,STORE_1,1039,6,False
2026-05-13,STORE_1,1039,9,False
2026-05-14,STORE_1,1039,8,False
2026-05-15,STORE_1,1039,9,False
2026-05-16,STORE_1,1039,12,False
2026-05-17,STORE_1,1039,3,False
2026-05-18,STORE_1,1039,10,True
2026-05-19,STORE_1,1039,4,False
2026-05-20,STORE_1,1039,6,False
2026-05-21,STORE_1,1039,8,False
2026-05-22,STORE_1,1039,10,False
2026-05-23,STORE_1,1039,10,False
2026-05-24,STORE_1,1039,5,False
2026-05-25,STORE_1,1039,3,False
2026-05-26,STORE_1,1039,5,False
2026-05-27,STORE_1,1039,5,False
2026-05-28,STORE_1,1039,8,False
2026-05-29,STORE_1,1039,7,False
2026-05-30,STORE_1,1039,6,False
2026-05-31,STORE_1,1039,6,False
2026-06-01,STORE_1,1039,6,False
2026-06-02,STORE_1,1039,5,False
2026-06-03,STORE_1,1039,5,False
2026-06-04,STORE_1,1039,8,False
2026-06-05,STORE_1,1039,3,False
2026-06-06,STORE_1,1039,11,False
2026-06-07,STORE_1,1039,2,False
2026-06-08,STORE_1,1039,7,False
2026-06-09,STORE_1,1039,6,False
2026-06-10,STORE_1,1039,6,False
2026-06-11,STORE_1,1039,7,False
2026-06-12,STORE_1,1039,10,False
2026-06-13,STORE_1,1039,6,False
2026-06-14,STORE_1,1039,9,False
2026-06-15,STORE_1,1039,10,True
2026-06-16,STORE_1,1039,5,False
2026-06-17,STORE_1,1039,6,False
2026-06-18,STORE_1,1039,6,False
2026-06-19,STORE_1,1039,5,False
2026-06-20,STORE_1,1039,10,False
2026-06-21,STORE_1,1039,5,False
2026-06-22,STORE_1,1039,5,False
2026-06-23,STORE_1,1039,7,False
2026-06-24,STORE_1,1039,4,False
2026-06-25,STORE_1,1039,5,True
2026-06-26,STORE_1,1039,10,False
2026-06-27,STORE_1,1039,9,False
2026-06-28,STORE_1,1039,8,False
2026-06-29,STORE_1,1039,6,False
2026-06-30,STORE_1,1039,6,False
2026-07-01,STORE_1,1039,4,False
2026-07-02,STORE_1,1039,6,False
2026-07-03,STORE_1,1039,6,False
2026-07-04,STORE_1,1039,10,False
2026-07-05,STORE_1,1039,8,False
2026-07-06,STORE_1,1039,4,False
2026-07-07,STORE_1,1039,6,False
2026-07-08,STORE_1,1039,7,False
2026-07-09,STORE_1,1039,5,False
2026-07-10,STORE_1,1039,13,True
2026-07-11,STORE_1,1039,4,False
2026-07-12,STORE_1,1039,8,False
2026-07-13,STORE_1,1039,5,False
2026-07-14,STORE_1,1039,5,False
2026-07-15,STORE_1,1039,5,False
2026-07-16,STORE_1,1039,9,False
2026-07-17,STORE_1,1039,13,False
2026-07-18,STORE_1,1039,10,False
2026-07-19,STORE_1,1039,7,False
2026-07-20,STORE_1,1039,5,False
2026-07-21,STORE_1,1039,6,False
2026-07-22,STORE_1,1039,4,False
2026-07-23,STORE_1,1039,7,False
2026-07-24,STORE_1,1039,6,False
2026-07-25,STORE_1,1039,3,False
2026-07-26,STORE_1,1039,10,False
2026-07-27,STORE_1,1039,7,False
2026-07-28,STORE_1,1039,3,False
2026-07-29,STORE_1,1039,5,True
2026-07-30,STORE_1,1039,6,False
2026-07-31,STORE_1,1039,7,False
2026-08-01,STORE_1,1039,7,False
2026-08-02,STORE_1,1039,9,False
2026-08-03,STORE_1,1039,5,False
2026-08-04,STORE_1,1039,4,False
2026-08-05,STORE_1,1039,7,False
2026-08-06,STORE_1,1039,3,False
2026-08-07,STORE_1,1039,10,False
2026-08-08,STORE_1,1039,8,False
2026-08-09,STORE_1,1039,11,False
2026-08-10,STORE_1,1039,4,False
2026-08-11,STORE_1,1039,6,False
2026-08-12,STORE_1,1039,7,False
2026-08-13,STORE_1,1039,7,False
2026-08-14,STORE_1,1039,9,False
2026-08-15,STORE_1,1039,13,False
2026-08-16,STORE_1,1039,7,False
2026-08-17,STORE_1,1039,5,False
2026-08-18,STORE_1,1039,8,False
2026-08-19,STORE_1,1039,5,False
2026-08-20,STORE_1,1039,10,False
2026-08-21,STORE_1,1039,7,False
2026-08-22,STORE_1,1039,5,False
2026-08-23,STORE_1,1039,10,False
2026-08-24,STORE_1,1039,7,False
2026-08-25,STORE_1,1039,8,True
2026-08-26,STORE_1,1039,6,False
2026-08-27,STORE_1,1039,7,False
2026-08-28,STORE_1,1039,9,False
2026-08-29,STORE_1,1039,11,False
2026-08-30,STORE_1,1039,7,False
2026-08-31,STORE_1,1039,9,True
2026-09-01,STORE_1,1039,10,True
2026-09-02,STORE_1,1039,8,False
2026-09-03,STORE_1,1039,5,False
2026-09-04,STORE_1,1039,7,False
2026-09-05,STORE_1,1039,13,False
2026-09-06,STORE_1,1039,9,False
2026-09-07,STORE_1,1039,7,False
2026-09-08,STORE_1,1039,5,False
2026-09-09,STORE_1,1039,5,False
2026-09-10,STORE_1,1039,6,False
2026-09-11,STORE_1,1039,7,False
2026-09-12,STORE_1,1039,9,False
2026-09-13,STORE_1,1039,9,False
2026-09-14,STORE_1,1039,5,False
2026-09-15,STORE_1,1039,4,False
2026-09-16,STORE_1,1039,8,False
2026-09-17,STORE_1,1039,5,False
2026-09-18,STORE_1,1039,7,False
2026-09-19,STORE_1,1039,6,False
2026-09-20,STORE_1,1039,8,False
2026-09-21,STORE_1,1039,5,False
2026-09-22,STORE_1,1039,4,False
2026-09-23,STORE_1,1039,7,False
2026-09-24,STORE_1,1039,9,False
2026-09-25,STORE_1,1039,7,False
2026-09-26,STORE_1,1039,11,False
2026-09-27,STORE_1,1039,8,False
2026-09-28,STORE_1,1039,6,False
2026-09-29,STORE_1,1039,4,False
2026-09-30,STORE_1,1039,6,True
2025-10-01,STORE_1,1040,15,False
2025-10-02,STORE_1,1040,12,False
2025-10-03,STORE_1,1040,0,False
2025-10-04,STORE_1,1040,26,False
2025-10-05,STORE_1,1040,0,False
2025-10-06,STORE_1,1040,13,False
2025-10-07,STORE_1,1040,14,False
2025-10-08,STORE_1,1040,9,False
2025-10-09,STORE_1,1040,16,False
2025-10-10,STORE_1,1040,30,False
2025-10-11,STORE_1,1040,21,False
2025-10-12,STORE_1,1040,37,True
2025-10-13,STORE_1,1040,8,False
2025-10-14,STORE_1,1040,18,False
2025-10-15,STORE_1,1040,8,False
2025-10-16,STORE_1,1040,17,False
2025-10-17,STORE_1,1040,10,False
2025-10-18,STORE_1,1040,27,False
2025-10-19,STORE_1,1040,19,False
2025-10-20,STORE_1,1040,15,False
2025-10-21,STORE_1,1040,19,True
2025-10-22,STORE_1,1040,16,False
2025-10-23,STORE_1,1040,18,False
2025-10-24,STORE_1,1040,20,True
2025-10-25,STORE_1,1040,33,True
2025-10-26,STORE_1,1040,12,False
2025-10-27,STORE_1,1040,10,False
2025-10-28,STORE_1,1040,18,False
2025-10-29,STORE_1,1040,10,False
2025-10-30,STORE_1,1040,20,False
2025-10-31,STORE_1,1040,14,False
2025-11-01,STORE_1,1040,21,False
2025-11-02,STORE_1,1040,17,False
2025-11-03,STORE_1,1040,8,False
2025-11-04,STORE_1,1040,0,False
2025-11-05,STORE_1,1040,6,False
2025-11-06,STORE_1,1040,19,False
2025-11-07,STORE_1,1040,19,False
2025-11-08,STORE_1,1040,26,False
2025-11-09,STORE_1,1040,16,False
2025-11-10,STORE_1,1040,16,False
2025-11-11,STORE_1,1040,14,True
2025-11-12,STORE_1,1040,13,False
2025-11-13,STORE_1,1040,13,False
2025-11-14,STORE_1,1040,14,False
2025-11-15,STORE_1,1040,18,False
2025-11-16,STORE_1,1040,17,False
2025-11-17,STORE_1,1040,10,False
2025-11-18,STORE_1,1040,11,False
2025-11-19,STORE_1,1040,17,False
2025-11-20,STORE_1,1040,17,False
2025-11-21,STORE_1,1040,27,False
2025-11-22,STORE_1,1040,5,False
2025-11-23,STORE_1,1040,26,False
2025-11-24,STORE_1,1040,10,False
2025-11-25,STORE_1,1040,19,False
2025-11-26,STORE_1,1040,22,False
2025-11-27,STORE_1,1040,31,True
2025-11-28,STORE_1,1040,30,False
2025-11-29,STORE_1,1040,47,True
2025-11-30,STORE_1,1040,20,False
2025-12-01,STORE_1,1040,17,False
2025-12-02,STORE_1,1040,13,False
2025-12-03,STORE_1,1040,17,False
2025-12-04,STORE_1,1040,19,False
2025-12-05,STORE_1,1040,18,False
2025-12-06,STORE_1,1040,31,False
2025-12-07,STORE_1,1040,43,True
2025-12-08,STORE_1,1040,18,False
2025-12-09,STORE_1,1040,22,False
2025-12-10,STORE_1,1040,24,False
2025-12-11,STORE_1,1040,19,False
2025-12-12,STORE_1,1040,26,False
2025-12-13,STORE_1,1040,25,False
2025-12-14,STORE_1,1040,19,False
2025-12-15,STORE_1,1040,0,False
2025-12-16,STORE_1,1040,26,True
2025-12-17,STORE_1,1040,0,False
2025-12-18,STORE_1,1040,19,False
2025-12-19,STORE_1,1040,28,True
2025-12-20,STORE_1,1040,31,False
2025-12-21,STORE_1,1040,15,False
2025-12-22,STORE_1,1040,21,False
2025-12-23,STORE_1,1040,26,True
2025-12-24,STORE_1,1040,17,True
2025-12-25,STORE_1,1040,19,False
2025-12-26,STORE_1,1040,25,False
2025-12-27,STORE_1,1040,20,False
2025-12-28,STORE_1,1040,18,False
2025-12-29,STORE_1,1040,18,False
2025-12-30,STORE_1,1040,21,False
2025-12-31,STORE_1,1040,18,False
2026-01-01,STORE_1,1040,20,False
2026-01-02,STORE_1,1040,25,False
2026-01-03,STORE_1,1040,17,False
2026-01-04,STORE_1,1040,16,False
2026-01-05,STORE_1,1040,13,False
2026-01-06,STORE_1,1040,12,False
2026-01-07,STORE_1,1040,15,False
2026-01-08,STORE_1,1040,9,False
2026-01-09,STORE_1,1040,24,False
2026-01-10,STORE_1,1040,34,False
2026-01-11,STORE_1,1040,19,False
2026-01-12,STORE_1,1040,11,False
2026-01-13,STORE_1,1040,14,False
2026-01-14,STORE_1,1040,14,False
2026-01-15,STORE_1,1040,19,False
2026-01-16,STORE_1,1040,21,False
2026-01-17,STORE_1,1040,0,False
2026-01-18,STORE_1,1040,20,False
2026-01-19,STORE_1,1040,14,False
2026-01-20,STORE_1,1040,13,False
2026-01-21,STORE_1,1040,12,False
2026-01-22,STORE_1,1040,22,True
2026-01-23,STORE_1,1040,10,False
2026-01-24,STORE_1,1040,22,False
2026-01-25,STORE_1,1040,22,False
2026-01-26,STORE_1,1040,11,False
2026-01-27,STORE_1,1040,19,False
2026-01-28,STORE_1,1040,14,False
2026-01-29,STORE_1,1040,0,False
2026-01-30,STORE_1,1040,16,False
2026-01-31,STORE_1,1040,21,False
2026-02-01,STORE_1,1040,15,False
2026-02-02,STORE_1,1040,16,False
2026-02-03,STORE_1,1040,14,False
2026-02-04,STORE_1,1040,7,False
2026-02-05,STORE_1,1040,17,False
2026-02-06,STORE_1,1040,19,False
2026-02-07,STORE_1,1040,39,True
2026-02-08,STORE_1,1040,17,False
2026-02-09,STORE_1,1040,12,False
2026-02-10,STORE_1,1040,12,False
2026-02-11,STORE_1,1040,13,False
2026-02-12,STORE_1,1040,24,False
2026-02-13,STORE_1,1040,8,False
2026-02-14,STORE_1,1040,22,False
2026-02-15,STORE_1,1040,22,False
2026-02-16,STORE_1,1040,12,False
2026-02-17,STORE_1,1040,8,False
2026-02-18,STORE_1,1040,8,False
2026-02-19,STORE_1,1040,21,False
2026-02-20,STORE_1,1040,18,True
2026-02-21,STORE_1,1040,20,False
2026-02-22,STORE_1,1040,21,False
2026-02-23,STORE_1,1040,14,False
2026-02-24,STORE_1,1040,21,True
2026-02-25,STORE_1,1040,13,False
2026-02-26,STORE_1,1040,13,False
2026-02-27,STORE_1,1040,17,False
2026-02-28,STORE_1,1040,9,False
2026-03-01,STORE_1,1040,14,False
2026-03-02,STORE_1,1040,12,False
2026-03-03,STORE_1,1040,13,False
2026-03-04,STORE_1,1040,18,True
2026-03-05,STORE_1,1040,16,False
2026-03-06,STORE_1,1040,13,False
2026-03-07,STORE_1,1040,20,False
2026-03-08,STORE_1,1040,14,False
2026-03-09,STORE_1,1040,18,False
2026-03-10,STORE_1,1040,16,False
2026-03-11,STORE_1,1040,0,False
2026-03-12,STORE_1,1040,16,False
2026-03-13,STORE_1,1040,22,False
2026-03-14,STORE_1,1040,26,False
2026-03-15,STORE_1,1040,10,False
2026-03-16,STORE_1,1040,9,False
2026-03-17,STORE_1,1040,11,False
2026-03-18,STORE_1,1040,21,False
2026-03-19,STORE_1,1040,9,False
2026-03-20,STORE_1,1040,20,False
2026-03-21,STORE_1,1040,17,False
2026-03-22,STORE_1,1040,32,True
2026-03-23,STORE_1,1040,11,False
2026-03-24,STORE_1,1040,15,False
2026-03-25,STORE_1,1040,10,False
2026-03-26,STORE_1,1040,14,False
2026-03-27,STORE_1,1040,10,False
2026-03-28,STORE_1,1040,29,False
2026-03-29,STORE_1,1040,16,False
2026-03-30,STORE_1,1040,16,False
2026-03-31,STORE_1,1040,8,False
2026-04-01,STORE_1,1040,9,False
2026-04-02,STORE_1,1040,21,True
2026-04-03,STORE_1,1040,7,False
2026-04-04,STORE_1,1040,27,False
2026-04-05,STORE_1,1040,26,True
2026-04-06,STORE_1,1040,19,False
2026-04-07,STORE_1,1040,11,False
2026-04-08,STORE_1,1040,8,False
2026-04-09,STORE_1,1040,11,False
2026-04-10,STORE_1,1040,21,False
2026-04-11,STORE_1,1040,17,False
2026-04-12,STORE_1,1040,10,False
2026-04-13,STORE_1,1040,23,False
2026-04-14,STORE_1,1040,16,False
2026-04-15,STORE_1,1040,10,False
2026-04-16,STORE_1,1040,23,False
2026-04-17,STORE_1,1040,30,False
2026-04-18,STORE_1,1040,31,False
2026-04-19,STORE_1,1040,16,False
2026-04-20,STORE_1,1040,13,False
2026-04-21,STORE_1,1040,14,False
2026-04-22,STORE_1,1040,11,False
2026-04-23,STORE_1,1040,19,False
2026-04-24,STORE_1,1040,20,False
2026-04-25,STORE_1,1040,26,False
2026-04-26,STORE_1,1040,15,False
2026-04-27,STORE_1,1040,14,False
2026-04-28,STORE_1,1040,9,False
2026-04-29,STORE_1,1040,11,False
2026-04-30,STORE_1,1040,13,False
2026-05-01,STORE_1,1040,21,False
2026-05-02,STORE_1,1040,26,False
2026-05-03,STORE_1,1040,12,False
2026-05-04,STORE_1,1040,18,False
2026-05-05,STORE_1,1040,14,False
2026-05-06,STORE_1,1040,16,False
2026-05-07,STORE_1,1040,18,False
2026-05-08,STORE_1,1040,14,False
2026-05-09,STORE_1,1040,28,False
2026-05-10,STORE_1,1040,14,False
2026-05-11,STORE_1,1040,13,False
2026-05-12,STORE_1,1040,12,False
2026-05-13,STORE_1,1040,21,False
2026-05-14,STORE_1,1040,11,False
2026-05-15,STORE_1,1040,28,False
2026-05-16,STORE_1,1040,29,False
2026-05-17,STORE_1,1040,11,False
2026-05-18,STORE_1,1040,11,False
2026-05-19,STORE_1,1040,10,False
2026-05-20,STORE_1,1040,16,False
2026-05-21,STORE_1,1040,20,False
2026-05-22,STORE_1,1040,24,True
2026-05-23,STORE_1,1040,9,False
2026-05-24,STORE_1,1040,22,False
2026-05-25,STORE_1,1040,12,False
2026-05-26,STORE_1,1040,17,False
2026-05-27,STORE_1,1040,14,False
2026-05-28,STORE_1,1040,13,False
2026-05-29,STORE_1,1040,20,False
2026-05-30,STORE_1,1040,44,True
2026-05-31,STORE_1,1040,6,False
2026-06-01,STORE_1,1040,10,False
2026-06-02,STORE_1,1040,8,False
2026-06-03,STORE_1,1040,12,False
2026-06-04,STORE_1,1040,16,False
2026-06-05,STORE_1,1040,18,False
2026-06-06,STORE_1,1040,21,False
2026-06-07,STORE_1,1040,18,False
2026-06-08,STORE_1,1040,12,False
2026-06-09,STORE_1,1040,21,False
2026-06-10,STORE_1,1040,14,False
2026-06-11,STORE_1,1040,10,False
2026-06-12,STORE_1,1040,18,False
2026-06-13,STORE_1,1040,25,False
2026-06-14,STORE_1,1040,21,False
2026-06-15,STORE_1,1040,17,True
2026-06-16,STORE_1,1040,11,False
2026-06-17,STORE_1,1040,9,False
2026-06-18,STORE_1,1040,17,False
2026-06-19,STORE_1,1040,19,False
2026-06-20,STORE_1,1040,24,False
2026-06-21,STORE_1,1040,16,False
2026-06-22,STORE_1,1040,16,False
2026-06-23,STORE_1,1040,13,False
2026-06-24,STORE_1,1040,14,False
2026-06-25,STORE_1,1040,16,False
2026-06-26,STORE_1,1040,18,False
2026-06-27,STORE_1,1040,32,False
2026-06-28,STORE_1,1040,15,False
2026-06-29,STORE_1,1040,7,False
2026-06-30,STORE_1,1040,8,False
2026-07-01,STORE_1,1040,17,False
2026-07-02,STORE_1,1040,11,False
2026-07-03,STORE_1,1040,19,False
2026-07-04,STORE_1,1040,16,False
2026-07-05,STORE_1,1040,16,False
2026-07-06,STORE_1,1040,10,False
2026-07-07,STORE_1,1040,18,False
2026-07-08,STORE_1,1040,16,False
2026-07-09,STORE_1,1040,11,False
2026-07-10,STORE_1,1040,12,False
2026-07-11,STORE_1,1040,19,False
2026-07-12,STORE_1,1040,16,False
2026-07-13,STORE_1,1040,18,True
2026-07-14,STORE_1,1040,13,False
2026-07-15,STORE_1,1040,15,False
2026-07-16,STORE_1,1040,15,False
2026-07-17,STORE_1,1040,16,False
2026-07-18,STORE_1,1040,17,False
2026-07-19,STORE_1,1040,16,False
2026-07-20,STORE_1,1040,11,False
2026-07-21,STORE_1,1040,14,False
2026-07-22,STORE_1,1040,14,False
2026-07-23,STORE_1,1040,14,False
2026-07-24,STORE_1,1040,17,False
2026-07-25,STORE_1,1040,23,False
2026-07-26,STORE_1,1040,21,False
2026-07-27,STORE_1,1040,16,False
2026-07-28,STORE_1,1040,14,False
2026-07-29,STORE_1,1040,17,True
2026-07-30,STORE_1,1040,13,False
2026-07-31,STORE_1,1040,24,False
2026-08-01,STORE_1,1040,32,False
2026-08-02,STORE_1,1040,14,False
2026-08-03,STORE_1,1040,10,False
2026-08-04,STORE_1,1040,11,False
2026-08-05,STORE_1,1040,11,False
2026-08-06,STORE_1,1040,20,True
2026-08-07,STORE_1,1040,12,False
2026-08-08,STORE_1,1040,22,False
2026-08-09,STORE_1,1040,24,False
2026-08-10,STORE_1,1040,12,False
2026-08-11,STORE_1,1040,11,False
2026-08-12,STORE_1,1040,12,False
2026-08-13,STORE_1,1040,21,False
2026-08-14,STORE_1,1040,23,False
2026-08-15,STORE_1,1040,18,False
2026-08-16,STORE_1,1040,20,False
2026-08-17,STORE_1,1040,14,False
2026-08-18,STORE_1,1040,15,False
2026-08-19,STORE_1,1040,14,False
2026-08-20,STORE_1,1040,26,True
2026-08-21,STORE_1,1040,27,True
2026-08-22,STORE_1,1040,29,False
2026-08-23,STORE_1,1040,16,False
2026-08-24,STORE_1,1040,14,False
2026-08-25,STORE_1,1040,17,False
2026-08-26,STORE_1,1040,16,False
2026-08-27,STORE_1,1040,12,False
2026-08-28,STORE_1,1040,21,False
2026-08-29,STORE_1,1040,24,False
2026-08-30,STORE_1,1040,20,False
2026-08-31,STORE_1,1040,11,False
2026-09-01,STORE_1,1040,9,False
2026-09-02,STORE_1,1040,19,False
2026-09-03,STORE_1,1040,24,False
2026-09-04,STORE_1,1040,22,False
2026-09-05,STORE_1,1040,19,False
2026-09-06,STORE_1,1040,23,False
2026-09-07,STORE_1,1040,11,False
2026-09-08,STORE_1,1040,10,False
2026-09-09,STORE_1,1040,19,False
2026-09-10,STORE_1,1040,23,False
2026-09-11,STORE_1,1040,17,False
2026-09-12,STORE_1,1040,17,False
2026-09-13,STORE_1,1040,18,False
2026-09-14,STORE_1,1040,0,False
2026-09-15,STORE_1,1040,12,False
2026-09-16,STORE_1,1040,9,False
2026-09-17,STORE_1,1040,21,False
2026-09-18,STORE_1,1040,22,False
2026-09-19,STORE_1,1040,24,False
2026-09-20,STORE_1,1040,19,False
2026-09-21,STORE_1,1040,20,True
2026-09-22,STORE_1,1040,10,False
2026-09-23,STORE_1,1040,7,False
2026-09-24,STORE_1,1040,14,False
2026-09-25,STORE_1,1040,17,False
2026-09-26,STORE_1,1040,16,False
2026-09-27,STORE_1,1040,20,False
2026-09-28,STORE_1,1040,16,False
2026-09-29,STORE_1,1040,14,False
2026-09-30,STORE_1,1040,21,False
2025-10-01,STORE_1,1041,10,False
2025-10-02,STORE_1,1041,21,True
2025-10-03,STORE_1,1041,37,False
2025-10-04,STORE_1,1041,47,False
2025-10-05,STORE_1,1041,22,False
2025-10-06,STORE_1,1041,26,True
2025-10-07,STORE_1,1041,14,False
2025-10-08,STORE_1,1041,23,False
2025-10-09,STORE_1,1041,12,False
2025-10-10,STORE_1,1041,30,False
2025-10-11,STORE_1,1041,22,False
2025-10-12,STORE_1,1041,30,True
2025-10-13,STORE_1,1041,0,False
2025-10-14,STORE_1,1041,18,False
2025-10-15,STORE_1,1041,20,False
2025-10-16,STORE_1,1041,17,False
2025-10-17,STORE_1,1041,11,False
2025-10-18,STORE_1,1041,18,False
2025-10-19,STORE_1,1041,20,False
2025-10-20,STORE_1,1041,14,False
2025-10-21,STORE_1,1041,20,False
2025-10-22,STORE_1,1041,21,False
2025-10-23,STORE_1,1041,22,False
2025-10-24,STORE_1,1041,22,False
2025-10-25,STORE_1,1041,24,False
2025-10-26,STORE_1,1041,16,False
2025-10-27,STORE_1,1041,10,False
2025-10-28,STORE_1,1041,0,False
2025-10-29,STORE_1,1041,22,False
2025-10-30,STORE_1,1041,16,False
2025-10-31,STORE_1,1041,22,False
2025-11-01,STORE_1,1041,12,False
2025-11-02,STORE_1,1041,22,False
2025-11-03,STORE_1,1041,20,False
2025-11-04,STORE_1,1041,14,False
2025-11-05,STORE_1,1041,19,False
2025-11-06,STORE_1,1041,18,False
2025-11-07,STORE_1,1041,27,False
2025-11-08,STORE_1,1041,28,False
2025-11-09,STORE_1,1041,18,False
2025-11-10,STORE_1,1041,16,False
2025-11-11,STORE_1,1041,16,False
2025-11-12,STORE_1,1041,22,True
2025-11-13,STORE_1,1041,24,False
2025-11-14,STORE_1,1041,44,True
2025-11-15,STORE_1,1041,20,False
2025-11-16,STORE_1,1041,24,False
2025-11-17,STORE_1,1041,21,False
2025-11-18,STORE_1,1041,10,False
2025-11-19,STORE_1,1041,20,False
2025-11-20,STORE_1,1041,13,False
2025-11-21,STORE_1,1041,27,False
2025-11-22,STORE_1,1041,36,False
2025-11-23,STORE_1,1041,41,False
2025-11-24,STORE_1,1041,26,False
2025-11-25,STORE_1,1041,27,True
2025-11-26,STORE_1,1041,27,False
2025-11-27,STORE_1,1041,17,False
2025-11-28,STORE_1,1041,40,False
2025-11-29,STORE_1,1041,42,False
2025-11-30,STORE_1,1041,30,False
2025-12-01,STORE_1,1041,29,False
2025-12-02,STORE_1,1041,13,False
2025-12-03,STORE_1,1041,13,False
2025-12-04,STORE_1,1041,34,False
2025-12-05,STORE_1,1041,30,False
2025-12-06,STORE_1,1041,26,False
2025-12-07,STORE_1,1041,28,False
2025-12-08,STORE_1,1041,30,False
2025-12-09,STORE_1,1041,9,False
2025-12-10,STORE_1,1041,29,False
2025-12-11,STORE_1,1041,23,False
2025-12-12,STORE_1,1041,25,False
2025-12-13,STORE_1,1041,53,False
2025-12-14,STORE_1,1041,23,False
2025-12-15,STORE_1,1041,23,False
2025-12-16,STORE_1,1041,24,False
2025-12-17,STORE_1,1041,36,True
2025-12-18,STORE_1,1041,29,False
2025-12-19,STORE_1,1041,39,False
2025-12-20,STORE_1,1041,42,False
2025-12-21,STORE_1,1041,29,False
2025-12-22,STORE_1,1041,18,False
2025-12-23,STORE_1,1041,19,False
2025-12-24,STORE_1,1041,16,False
2025-12-25,STORE_1,1041,26,False
2025-12-26,STORE_1,1041,25,False
2025-12-27,STORE_1,1041,34,False
2025-12-28,STORE_1,1041,27,False
2025-12-29,STORE_1,1041,24,False
2025-12-30,STORE_1,1041,20,False
2025-12-31,STORE_1,1041,22,False
2026-01-01,STORE_1,1041,17,False
2026-01-02,STORE_1,1041,31,True
2026-01-03,STORE_1,1041,45,True
2026-01-04,STORE_1,1041,30,True
2026-01-05,STORE_1,1041,21,False
2026-01-06,STORE_1,1041,16,False
2026-01-07,STORE_1,1041,24,False
2026-01-08,STORE_1,1041,14,False
2026-01-09,STORE_1,1041,27,False
2026-01-10,STORE_1,1041,26,False
2026-01-11,STORE_1,1041,23,False
2026-01-12,STORE_1,1041,16,False
2026-01-13,STORE_1,1041,20,False
2026-01-14,STORE_1,1041,12,False
2026-01-15,STORE_1,1041,0,False
2026-01-16,STORE_1,1041,0,False
2026-01-17,STORE_1,1041,32,True
2026-01-18,STORE_1,1041,21,False
2026-01-19,STORE_1,1041,14,False
2026-01-20,STORE_1,1041,18,False
2026-01-21,STORE_1,1041,16,False
2026-01-22,STORE_1,1041,22,False
2026-01-23,STORE_1,1041,11,False
2026-01-24,STORE_1,1041,31,False
2026-01-25,STORE_1,1041,17,False
2026-01-26,STORE_1,1041,14,False
2026-01-27,STORE_1,1041,20,False
2026-01-28,STORE_1,1041,14,True
2026-01-29,STORE_1,1041,26,False
2026-01-30,STORE_1,1041,33,False
2026-01-31,STORE_1,1041,33,False
2026-02-01,STORE_1,1041,25,False
2026-02-02,STORE_1,1041,14,False
2026-02-03,STORE_1,1041,24,False
2026-02-04,STORE_1,1041,17,False
2026-02-05,STORE_1,1041,9,False
2026-02-06,STORE_1,1041,21,False
2026-02-07,STORE_1,1041,0,False
2026-02-08,STORE_1,1041,3,False
2026-02-09,STORE_1,1041,18,False
2026-02-10,STORE_1,1041,15,False
2026-02-11,STORE_1,1041,18,False
2026-02-12,STORE_1,1041,21,False
2026-02-13,STORE_1,1041,35,False
2026-02-14,STORE_1,1041,24,False
2026-02-15,STORE_1,1041,21,False
2026-02-16,STORE_1,1041,18,False
2026-02-17,STORE_1,1041,20,False
2026-02-18,STORE_1,1041,10,False
2026-02-19,STORE_1,1041,34,True
2026-02-20,STORE_1,1041,35,False
2026-02-21,STORE_1,1041,24,False
2026-02-22,STORE_1,1041,17,False
2026-02-23,STORE_1,1041,22,False
2026-02-24,STORE_1,1041,0,False
2026-02-25,STORE_1,1041,15,False
2026-02-26,STORE_1,1041,8,False
2026-02-27,STORE_1,1041,23,False
2026-02-28,STORE_1,1041,27,False
2026-03-01,STORE_1,1041,27,False
2026-03-02,STORE_1,1041,21,False
2026-03-03,STORE_1,1041,18,False
2026-03-04,STORE_1,1041,22,False
2026-03-05,STORE_1,1041,20,False
2026-03-06,STORE_1,1041,15,False
2026-03-07,STORE_1,1041,25,False
2026-03-08,STORE_1,1041,20,False
2026-03-09,STORE_1,1041,17,False
2026-03-10,STORE_1,1041,26,True
2026-03-11,STORE_1,1041,16,False
2026-03-12,STORE_1,1041,19,False
2026-03-13,STORE_1,1041,15,False
2026-03-14,STORE_1,1041,20,False
2026-03-15,STORE_1,1041,23,False
2026-03-16,STORE_1,1041,21,False
2026-03-17,STORE_1,1041,20,False
2026-03-18,STORE_1,1041,8,False
2026-03-19,STORE_1,1041,13,False
2026-03-20,STORE_1,1041,23,False
2026-03-21,STORE_1,1041,19,False
2026-03-22,STORE_1,1041,15,False
2026-03-23,STORE_1,1041,11,False
2026-03-24,STORE_1,1041,24,False
2026-03-25,STORE_1,1041,10,False
2026-03-26,STORE_1,1041,40,True
2026-03-27,STORE_1,1041,30,False
2026-03-28,STORE_1,1041,19,False
2026-03-29,STORE_1,1041,19,False
2026-03-30,STORE_1,1041,18,False
2026-03-31,STORE_1,1041,10,False
2026-04-01,STORE_1,1041,21,False
2026-04-02,STORE_1,1041,19,False
2026-04-03,STORE_1,1041,29,False
2026-04-04,STORE_1,1041,32,False
2026-04-05,STORE_1,1041,21,False
2026-04-06,STORE_1,1041,29,True
2026-04-07,STORE_1,1041,13,False
2026-04-08,STORE_1,1041,20,False
2026-04-09,STORE_1,1041,19,True
2026-04-10,STORE_1,1041,24,False
2026-04-11,STORE_1,1041,34,False
2026-04-12,STORE_1,1041,22,False
2026-04-13,STORE_1,1041,11,False
2026-04-14,STORE_1,1041,21,True
2026-04-15,STORE_1,1041,8,False
2026-04-16,STORE_1,1041,16,False
2026-04-17,STORE_1,1041,22,False
2026-04-18,STORE_1,1041,23,False
2026-04-19,STORE_1,1041,25,False
2026-04-20,STORE_1,1041,16,False
2026-04-21,STORE_1,1041,19,False
2026-04-22,STORE_1,1041,17,False
2026-04-23,STORE_1,1041,38,True
2026-04-24,STORE_1,1041,0,False
2026-04-25,STORE_1,1041,34,True
2026-04-26,STORE_1,1041,0,False
2026-04-27,STORE_1,1041,19,False
2026-04-28,STORE_1,1041,15,False
2026-04-29,STORE_1,1041,22,False
2026-04-30,STORE_1,1041,20,False
2026-05-01,STORE_1,1041,29,True
2026-05-02,STORE_1,1041,33,False
2026-05-03,STORE_1,1041,22,False
2026-05-04,STORE_1,1041,23,False
2026-05-05,STORE_1,1041,14,False
2026-05-06,STORE_1,1041,22,False
2026-05-07,STORE_1,1041,32,False
2026-05-08,STORE_1,1041,26,False
2026-05-09,STORE_1,1041,13,False
2026-05-10,STORE_1,1041,11,False
2026-05-11,STORE_1,1041,11,False
2026-05-12,STORE_1,1041,13,False
2026-05-13,STORE_1,1041,21,False
2026-05-14,STORE_1,1041,17,False
2026-05-15,STORE_1,1041,31,False
2026-05-16,STORE_1,1041,23,False
2026-05-17,STORE_1,1041,36,False
2026-05-18,STORE_1,1041,23,False
2026-05-19,STORE_1,1041,14,False
2026-05-20,STORE_1,1041,13,False
2026-05-21,STORE_1,1041,26,False
2026-05-22,STORE_1,1041,17,False
2026-05-23,STORE_1,1041,23,False
2026-05-24,STORE_1,1041,16,False
2026-05-25,STORE_1,1041,18,False
2026-05-26,STORE_1,1041,21,False
2026-05-27,STORE_1,1041,0,False
2026-05-28,STORE_1,1041,25,False
2026-05-29,STORE_1,1041,23,False
2026-05-30,STORE_1,1041,24,False
2026-05-31,STORE_1,1041,34,False
2026-06-01,STORE_1,1041,0,False
2026-06-02,STORE_1,1041,10,False
2026-06-03,STORE_1,1041,12,False
2026-06-04,STORE_1,1041,28,False
2026-06-05,STORE_1,1041,25,False
2026-06-06,STORE_1,1041,27,False
2026-06-07,STORE_1,1041,22,False
2026-06-08,STORE_1,1041,13,False
2026-06-09,STORE_1,1041,14,False
2026-06-10,STORE_1,1041,19,False
2026-06-11,STORE_1,1041,11,False
2026-06-12,STORE_1,1041,11,False
2026-06-13,STORE_1,1041,23,False
2026-06-14,STORE_1,1041,18,False
2026-06-15,STORE_1,1041,23,False
2026-06-16,STORE_1,1041,12,False
2026-06-17,STORE_1,1041,19,False
2026-06-18,STORE_1,1041,15,False
2026-06-19,STORE_1,1041,26,False
2026-06-20,STORE_1,1041,28,False
2026-06-21,STORE_1,1041,31,False
2026-06-22,STORE_1,1041,13,False
2026-06-23,STORE_1,1041,12,False
2026-06-24,STORE_1,1041,29,False
2026-06-25,STORE_1,1041,25,False
2026-06-26,STORE_1,1041,21,False
2026-06-27,STORE_1,1041,20,False
2026-06-28,STORE_1,1041,16,False
2026-06-29,STORE_1,1041,22,False
2026-06-30,STORE_1,1041,13,False
2026-07-01,STORE_1,1041,13,False
2026-07-02,STORE_1,1041,15,False
2026-07-03,STORE_1,1041,27,False
2026-07-04,STORE_1,1041,25,False
2026-07-05,STORE_1,1041,29,False
2026-07-06,STORE_1,1041,21,True
2026-07-07,STORE_1,1041,14,False
2026-07-08,STORE_1,1041,32,False
2026-07-09,STORE_1,1041,25,False
2026-07-10,STORE_1,1041,31,False
2026-07-11,STORE_1,1041,40,False
2026-07-12,STORE_1,1041,20,False
2026-07-13,STORE_1,1041,18,False
2026-07-14,STORE_1,1041,34,True
2026-07-15,STORE_1,1041,14,False
2026-07-16,STORE_1,1041,26,False
2026-07-17,STORE_1,1041,28,False
2026-07-18,STORE_1,1041,18,False
2026-07-19,STORE_1,1041,28,False
2026-07-20,STORE_1,1041,17,False
2026-07-21,STORE_1,1041,18,False
2026-07-22,STORE_1,1041,16,False
2026-07-23,STORE_1,1041,18,False
2026-07-24,STORE_1,1041,31,True
2026-07-25,STORE_1,1041,27,False
2026-07-26,STORE_1,1041,17,False
2026-07-27,STORE_1,1041,18,False
2026-07-28,STORE_1,1041,17,False
2026-07-29,STORE_1,1041,23,False
2026-07-30,STORE_1,1041,21,False
2026-07-31,STORE_1,1041,30,False
2026-08-01,STORE_1,1041,23,True
2026-08-02,STORE_1,1041,41,True
2026-08-03,STORE_1,1041,0,False
2026-08-04,STORE_1,1041,25,False
2026-08-05,STORE_1,1041,7,False
2026-08-06,STORE_1,1041,22,False
2026-08-07,STORE_1,1041,21,False
2026-08-08,STORE_1,1041,26,False
2026-08-09,STORE_1,1041,25,False
2026-08-10,STORE_1,1041,19,False
2026-08-11,STORE_1,1041,15,False
2026-08-12,STORE_1,1041,14,False
2026-08-13,STORE_1,1041,21,False
2026-08-14,STORE_1,1041,11,False
2026-08-15,STORE_1,1041,30,False
2026-08-16,STORE_1,1041,20,False
2026-08-17,STORE_1,1041,23,False
2026-08-18,STORE_1,1041,16,False
2026-08-19,STORE_1,1041,23,False
2026-08-20,STORE_1,1041,14,False
2026-08-21,STORE_1,1041,17,False
2026-08-22,STORE_1,1041,21,False
2026-08-23,STORE_1,1041,31,False
2026-08-24,STORE_1,1041,17,False
2026-08-25,STORE_1,1041,13,False
2026-08-26,STORE_1,1041,19,False
2026-08-27,STORE_1,1041,15,False
2026-08-28,STORE_1,1041,0,False
2026-08-29,STORE_1,1041,16,False
2026-08-30,STORE_1,1041,26,True
2026-08-31,STORE_1,1041,0,True
2026-09-01,STORE_1,1041,16,False
2026-09-02,STORE_1,1041,25,True
2026-09-03,STORE_1,1041,19,False
2026-09-04,STORE_1,1041,20,False
2026-09-05,STORE_1,1041,17,False
2026-09-06,STORE_1,1041,16,False
2026-09-07,STORE_1,1041,14,False
2026-09-08,STORE_1,1041,17,False
2026-09-09,STORE_1,1041,17,False
2026-09-10,STORE_1,1041,15,False
2026-09-11,STORE_1,1041,20,False
2026-09-12,STORE_1,1041,29,False
2026-09-13,STORE_1,1041,23,False
2026-09-14,STORE_1,1041,20,False
2026-09-15,STORE_1,1041,15,False
2026-09-16,STORE_1,1041,7,False
2026-09-17,STORE_1,1041,15,False
2026-09-18,STORE_1,1041,21,False
2026-09-19,STORE_1,1041,34,False
2026-09-20,STORE_1,1041,21,False
2026-09-21,STORE_1,1041,12,False
2026-09-22,STORE_1,1041,21,False
2026-09-23,STORE_1,1041,24,False
2026-09-24,STORE_1,1041,15,False
2026-09-25,STORE_1,1041,27,False
2026-09-26,STORE_1,1041,24,False
2026-09-27,STORE_1,1041,18,False
2026-09-28,STORE_1,1041,0,False
2026-09-29,STORE_1,1041,11,False
2026-09-30,STORE_1,1041,22,False
2025-10-01,STORE_1,1042,12,False
2025-10-02,STORE_1,1042,9,False
2025-10-03,STORE_1,1042,14,False
2025-10-04,STORE_1,1042,17,False
2025-10-05,STORE_1,1042,8,False
2025-10-06,STORE_1,1042,14,False
2025-10-07,STORE_1,1042,13,False
2025-10-08,STORE_1,1042,8,False
2025-10-09,STORE_1,1042,14,False
2025-10-10,STORE_1,1042,13,False
2025-10-11,STORE_1,1042,21,False
2025-10-12,STORE_1,1042,12,False
2025-10-13,STORE_1,1042,9,False
2025-10-14,STORE_1,1042,6,False
2025-10-15,STORE_1,1042,0,False
2025-10-16,STORE_1,1042,18,True
2025-10-17,STORE_1,1042,17,False
2025-10-18,STORE_1,1042,0,True
2025-10-19,STORE_1,1042,11,False
2025-10-20,STORE_1,1042,9,False
2025-10-21,STORE_1,1042,9,False
2025-10-22,STORE_1,1042,18,True
2025-10-23,STORE_1,1042,11,False
2025-10-24,STORE_1,1042,18,False
2025-10-25,STORE_1,1042,11,False
2025-10-26,STORE_1,1042,23,True
2025-10-27,STORE_1,1042,14,False
2025-10-28,STORE_1,1042,12,False
2025-10-29,STORE_1,1042,9,False
2025-10-30,STORE_1,1042,8,False
2025-10-31,STORE_1,1042,21,False
2025-11-01,STORE_1,1042,12,False
2025-11-02,STORE_1,1042,14,False
2025-11-03,STORE_1,1042,11,False
2025-11-04,STORE_1,1042,4,False
2025-11-05,STORE_1,1042,4,False
2025-11-06,STORE_1,1042,12,False
2025-11-07,STORE_1,1042,15,False
2025-11-08,STORE_1,1042,16,False
2025-11-09,STORE_1,1042,14,False
2025-11-10,STORE_1,1042,12,False
2025-11-11,STORE_1,1042,8,False
2025-11-12,STORE_1,1042,10,True
2025-11-13,STORE_1,1042,12,False
2025-11-14,STORE_1,1042,10,False
2025-11-15,STORE_1,1042,14,False
2025-11-16,STORE_1,1042,12,False
2025-11-17,STORE_1,1042,11,False
2025-11-18,STORE_1,1042,8,False
2025-11-19,STORE_1,1042,9,False
2025-11-20,STORE_1,1042,3,True
2025-11-21,STORE_1,1042,15,False
2025-11-22,STORE_1,1042,38,True
2025-11-23,STORE_1,1042,20,False
2025-11-24,STORE_1,1042,18,False
2025-11-25,STORE_1,1042,13,False
2025-11-26,STORE_1,1042,12,False
2025-11-27,STORE_1,1042,14,True
2025-11-28,STORE_1,1042,15,False
2025-11-29,STORE_1,1042,12,False
2025-11-30,STORE_1,1042,18,False
2025-12-01,STORE_1,1042,0,False
2025-12-02,STORE_1,1042,15,False
2025-12-03,STORE_1,1042,19,True
2025-12-04,STORE_1,1042,15,False
2025-12-05,STORE_1,1042,13,False
2025-12-06,STORE_1,1042,12,False
2025-12-07,STORE_1,1042,14,False
2025-12-08,STORE_1,1042,17,False
2025-12-09,STORE_1,1042,15,False
2025-12-10,STORE_1,1042,12,False
2025-12-11,STORE_1,1042,14,False
2025-12-12,STORE_1,1042,17,False
2025-12-13,STORE_1,1042,23,False
2025-12-14,STORE_1,1042,21,False
2025-12-15,STORE_1,1042,19,False
2025-12-16,STORE_1,1042,16,False
2025-12-17,STORE_1,1042,21,False
2025-12-18,STORE_1,1042,8,False
2025-12-19,STORE_1,1042,21,False
2025-12-20,STORE_1,1042,14,False
2025-12-21,STORE_1,1042,18,True
2025-12-22,STORE_1,1042,21,True
2025-12-23,STORE_1,1042,15,False
2025-12-24,STORE_1,1042,6,False
2025-12-25,STORE_1,1042,14,False
2025-12-26,STORE_1,1042,19,False
2025-12-27,STORE_1,1042,26,False
2025-12-28,STORE_1,1042,18,False
2025-12-29,STORE_1,1042,13,False
2025-12-30,STORE_1,1042,7,False
2025-12-31,STORE_1,1042,15,True
2026-01-01,STORE_1,1042,10,False
2026-01-02,STORE_1,1042,21,False
2026-01-03,STORE_1,1042,20,False
2026-01-04,STORE_1,1042,8,False
2026-01-05,STORE_1,1042,11,False
2026-01-06,STORE_1,1042,12,False
2026-01-07,STORE_1,1042,9,False
2026-01-08,STORE_1,1042,14,True
2026-01-09,STORE_1,1042,20,False
2026-01-10,STORE_1,1042,17,False
2026-01-11,STORE_1,1042,14,False
2026-01-12,STORE_1,1042,9,False
2026-01-13,STORE_1,1042,11,False
2026-01-14,STORE_1,1042,12,False
2026-01-15,STORE_1,1042,11,False
2026-01-16,STORE_1,1042,17,False
2026-01-17,STORE_1,1042,17,False
2026-01-18,STORE_1,1042,16,False
2026-01-19,STORE_1,1042,3,False
2026-01-20,STORE_1,1042,10,False
2026-01-21,STORE_1,1042,13,False
2026-01-22,STORE_1,1042,12,True
2026-01-23,STORE_1,1042,11,False
2026-01-24,STORE_1,1042,18,False
2026-01-25,STORE_1,1042,14,True
2026-01-26,STORE_1,1042,9,False
2026-01-27,STORE_1,1042,11,False
2026-01-28,STORE_1,1042,7,False
2026-01-29,STORE_1,1042,13,False
2026-01-30,STORE_1,1042,0,False
2026-01-31,STORE_1,1042,22,True
2026-02-01,STORE_1,1042,13,False
2026-02-02,STORE_1,1042,10,False
2026-02-03,STORE_1,1042,8,False
2026-02-04,STORE_1,1042,8,False
2026-02-05,STORE_1,1042,14,False
2026-02-06,STORE_1,1042,17,False
2026-02-07,STORE_1,1042,14,False
2026-02-08,STORE_1,1042,15,False
2026-02-09,STORE_1,1042,10,False
2026-02-10,STORE_1,1042,6,False
2026-02-11,STORE_1,1042,11,False
2026-02-12,STORE_1,1042,9,False
2026-02-13,STORE_1,1042,25,False
2026-02-14,STORE_1,1042,20,False
2026-02-15,STORE_1,1042,14,False
2026-02-16,STORE_1,1042,9,False
2026-02-17,STORE_1,1042,6,False
2026-02-18,STORE_1,1042,9,False
2026-02-19,STORE_1,1042,13,False
2026-02-20,STORE_1,1042,11,False
2026-02-21,STORE_1,1042,15,False
2026-02-22,STORE_1,1042,15,False
2026-02-23,STORE_1,1042,14,False
2026-02-24,STORE_1,1042,10,False
2026-02-25,STORE_1,1042,9,False
2026-02-26,STORE_1,1042,13,False
2026-02-27,STORE_1,1042,13,False
2026-02-28,STORE_1,1042,16,False
2026-03-01,STORE_1,1042,13,False
2026-03-02,STORE_1,1042,8,False
2026-03-03,STORE_1,1042,8,False
2026-03-04,STORE_1,1042,13,False
2026-03-05,STORE_1,1042,17,False
2026-03-06,STORE_1,1042,11,False
2026-03-07,STORE_1,1042,13,False
2026-03-08,STORE_1,1042,14,False
2026-03-09,STORE_1,1042,14,True
2026-03-10,STORE_1,1042,7,False
2026-03-11,STORE_1,1042,9,True
2026-03-12,STORE_1,1042,13,False
2026-03-13,STORE_1,1042,13,False
2026-03-14,STORE_1,1042,26,True
2026-03-15,STORE_1,1042,15,False
2026-03-16,STORE_1,1042,10,False
2026-03-17,STORE_1,1042,6,False
2026-03-18,STORE_1,1042,14,False
2026-03-19,STORE_1,1042,7,False
2026-03-20,STORE_1,1042,20,False
2026-03-21,STORE_1,1042,23,False
2026-03-22,STORE_1,1042,10,False
2026-03-23,STORE_1,1042,7,False
2026-03-24,STORE_1,1042,8,False
2026-03-25,STORE_1,1042,10,False
2026-03-26,STORE_1,1042,12,True
2026-03-27,STORE_1,1042,18,False
2026-03-28,STORE_1,1042,17,False
2026-03-29,STORE_1,1042,23,False
2026-03-30,STORE_1,1042,9,True
2026-03-31,STORE_1,1042,10,False
2026-04-01,STORE_1,1042,9,False
2026-04-02,STORE_1,1042,13,False
2026-04-03,STORE_1,1042,10,False
2026-04-04,STORE_1,1042,21,False
2026-04-05,STORE_1,1042,23,True
2026-04-06,STORE_1,1042,10,False
2026-04-07,STORE_1,1042,15,True
2026-04-08,STORE_1,1042,10,False
2026-04-09,STORE_1,1042,8,False
2026-04-10,STORE_1,1042,11,False
2026-04-11,STORE_1,1042,11,False
2026-04-12,STORE_1,1042,13,False
2026-04-13,STORE_1,1042,13,False
2026-04-14,STORE_1,1042,10,False
2026-04-15,STORE_1,1042,10,False
2026-04-16,STORE_1,1042,11,False
2026-04-17,STORE_1,1042,17,False
2026-04-18,STORE_1,1042,15,False
2026-04-19,STORE_1,1042,8,False
2026-04-20,STORE_1,1042,13,False
2026-04-21,STORE_1,1042,7,False
2026-04-22,STORE_1,1042,6,False
2026-04-23,STORE_1,1042,12,False
2026-04-24,STORE_1,1042,7,False
2026-04-25,STORE_1,1042,16,False
2026-04-26,STORE_1,1042,13,False
2026-04-27,STORE_1,1042,11,False
2026-04-28,STORE_1,1042,10,False
2026-04-29,STORE_1,1042,7,False
2026-04-30,STORE_1,1042,14,False
2026-05-01,STORE_1,1042,14,False
2026-05-02,STORE_1,1042,14,False
2026-05-03,STORE_1,1042,9,False
2026-05-04,STORE_1,1042,13,False
2026-05-05,STORE_1,1042,12,False
2026-05-06,STORE_1,1042,9,False
2026-05-07,STORE_1,1042,12,False
2026-05-08,STORE_1,1042,14,True
2026-05-09,STORE_1,1042,0,False
2026-05-10,STORE_1,1042,16,False
2026-05-11,STORE_1,1042,13,False
2026-05-12,STORE_1,1042,5,False
2026-05-13,STORE_1,1042,12,False
2026-05-14,STORE_1,1042,10,False
2026-05-15,STORE_1,1042,11,False
2026-05-16,STORE_1,1042,8,False
2026-05-17,STORE_1,1042,13,False
2026-05-18,STORE_1,1042,9,False
2026-05-19,STORE_1,1042,8,False
2026-05-20,STORE_1,1042,12,False
2026-05-21,STORE_1,1042,0,False
2026-05-22,STORE_1,1042,16,False
2026-05-23,STORE_1,1042,18,False
2026-05-24,STORE_1,1042,12,False
2026-05-25,STORE_1,1042,13,False
2026-05-26,STORE_1,1042,7,False
2026-05-27,STORE_1,1042,9,False
2026-05-28,STORE_1,1042,8,True
2026-05-29,STORE_1,1042,17,False
2026-05-30,STORE_1,1042,15,False
2026-05-31,STORE_1,1042,14,False
2026-06-01,STORE_1,1042,8,False
2026-06-02,STORE_1,1042,9,False
2026-06-03,STORE_1,1042,14,False
2026-06-04,STORE_1,1042,0,False
2026-06-05,STORE_1,1042,14,False
2026-06-06,STORE_1,1042,18,False
2026-06-07,STORE_1,1042,18,True
2026-06-08,STORE_1,1042,14,False
2026-06-09,STORE_1,1042,6,False
2026-06-10,STORE_1,1042,9,False
2026-06-11,STORE_1,1042,9,False
2026-06-12,STORE_1,1042,12,False
2026-06-13,STORE_1,1042,12,False
2026-06-14,STORE_1,1042,0,False
2026-06-15,STORE_1,1042,14,False
2026-06-16,STORE_1,1042,6,False
2026-06-17,STORE_1,1042,10,False
2026-06-18,STORE_1,1042,13,False
2026-06-19,STORE_1,1042,18,False
2026-06-20,STORE_1,1042,20,False
2026-06-21,STORE_1,1042,8,False
2026-06-22,STORE_1,1042,7,False
2026-06-23,STORE_1,1042,11,False
2026-06-24,STORE_1,1042,0,False
2026-06-25,STORE_1,1042,13,False
2026-06-26,STORE_1,1042,16,False
2026-06-27,STORE_1,1042,14,False
2026-06-28,STORE_1,1042,15,False
2026-06-29,STORE_1,1042,7,False
2026-06-30,STORE_1,1042,9,False
2026-07-01,STORE_1,1042,12,False
2026-07-02,STORE_1,1042,14,False
2026-07-03,STORE_1,1042,11,False
2026-07-04,STORE_1,1042,22,False
2026-07-05,STORE_1,1042,16,False
2026-07-06,STORE_1,1042,11,False
2026-07-07,STORE_1,1042,10,False
2026-07-08,STORE_1,1042,9,False
2026-07-09,STORE_1,1042,6,False
2026-07-10,STORE_1,1042,21,False
2026-07-11,STORE_1,1042,15,False
2026-07-12,STORE_1,1042,0,False
2026-07-13,STORE_1,1042,9,False
2026-07-14,STORE_1,1042,9,False
2026-07-15,STORE_1,1042,11,False
2026-07-16,STORE_1,1042,12,False
2026-07-17,STORE_1,1042,21,False
2026-07-18,STORE_1,1042,17,False
2026-07-19,STORE_1,1042,14,False
2026-07-20,STORE_1,1042,10,False
2026-07-21,STORE_1,1042,16,False
2026-07-22,STORE_1,1042,10,False
2026-07-23,STORE_1,1042,8,False
2026-07-24,STORE_1,1042,12,False
2026-07-25,STORE_1,1042,18,False
2026-07-26,STORE_1,1042,8,False
2026-07-27,STORE_1,1042,9,False
2026-07-28,STORE_1,1042,13,False
2026-07-29,STORE_1,1042,9,False
2026-07-30,STORE_1,1042,16,False
2026-07-31,STORE_1,1042,13,False
2026-08-01,STORE_1,1042,20,False
2026-08-02,STORE_1,1042,13,False
2026-08-03,STORE_1,1042,7,False
2026-08-04,STORE_1,1042,14,False
2026-08-05,STORE_1,1042,0,False
2026-08-06,STORE_1,1042,14,False
2026-08-07,STORE_1,1042,12,False
2026-08-08,STORE_1,1042,10,False
2026-08-09,STORE_1,1042,11,False
2026-08-10,STORE_1,1042,6,False
2026-08-11,STORE_1,1042,10,False
2026-08-12,STORE_1,1042,12,False
2026-08-13,STORE_1,1042,10,False
2026-08-14,STORE_1,1042,19,False
2026-08-15,STORE_1,1042,13,False
2026-08-16,STORE_1,1042,7,False
2026-08-17,STORE_1,1042,12,False
2026-08-18,STORE_1,1042,9,False
2026-08-19,STORE_1,1042,13,False
2026-08-20,STORE_1,1042,10,False
2026-08-21,STORE_1,1042,16,False
2026-08-22,STORE_1,1042,14,False
2026-08-23,STORE_1,1042,12,False
2026-08-24,STORE_1,1042,6,False
2026-08-25,STORE_1,1042,7,False
2026-08-26,STORE_1,1042,11,False
2026-08-27,STORE_1,1042,14,False
2026-08-28,STORE_1,1042,16,False
2026-08-29,STORE_1,1042,12,False
2026-08-30,STORE_1,1042,15,False
2026-08-31,STORE_1,1042,0,False
2026-09-01,STORE_1,1042,13,False
2026-09-02,STORE_1,1042,12,False
2026-09-03,STORE_1,1042,16,False
2026-09-04,STORE_1,1042,18,False
2026-09-05,STORE_1,1042,17,False
2026-09-06,STORE_1,1042,20,False
2026-09-07,STORE_1,1042,11,False
2026-09-08,STORE_1,1042,6,False
2026-09-09,STORE_1,1042,7,False
2026-09-10,STORE_1,1042,16,False
2026-09-11,STORE_1,1042,10,False
2026-09-12,STORE_1,1042,14,False
2026-09-13,STORE_1,1042,18,False
2026-09-14,STORE_1,1042,13,False
2026-09-15,STORE_1,1042,6,False
2026-09-16,STORE_1,1042,11,False
2026-09-17,STORE_1,1042,10,False
2026-09-18,STORE_1,1042,20,False
2026-09-19,STORE_1,1042,13,False
2026-09-20,STORE_1,1042,21,True
2026-09-21,STORE_1,1042,9,False
2026-09-22,STORE_1,1042,14,False
2026-09-23,STORE_1,1042,9,False
2026-09-24,STORE_1,1042,11,False
2026-09-25,STORE_1,1042,15,False
2026-09-26,STORE_1,1042,0,False
2026-09-27,STORE_1,1042,19,True
2026-09-28,STORE_1,1042,8,False
2026-09-29,STORE_1,1042,14,True
2026-09-30,STORE_1,1042,11,False
2025-10-01,STORE_1,1043,5,False
2025-10-02,STORE_1,1043,4,False
2025-10-03,STORE_1,1043,7,False
2025-10-04,STORE_1,1043,12,False
2025-10-05,STORE_1,1043,5,False
2025-10-06,STORE_1,1043,3,False
2025-10-07,STORE_1,1043,7,False
2025-10-08,STORE_1,1043,6,False
2025-10-09,STORE_1,1043,7,False
2025-10-10,STORE_1,1043,5,True
2025-10-11,STORE_1,1043,8,False
2025-10-12,STORE_1,1043,6,True
2025-10-13,STORE_1,1043,7,True
2025-10-14,STORE_1,1043,4,False
2025-10-15,STORE_1,1043,0,False
2025-10-16,STORE_1,1043,6,False
2025-10-17,STORE_1,1043,8,False
2025-10-18,STORE_1,1043,8,False
2025-10-19,STORE_1,1043,9,False
2025-10-20,STORE_1,1043,5,False
2025-10-21,STORE_1,1043,6,False
2025-10-22,STORE_1,1043,6,False
2025-10-23,STORE_1,1043,4,False
2025-10-24,STORE_1,1043,7,False
2025-10-25,STORE_1,1043,9,False
2025-10-26,STORE_1,1043,6,False
2025-10-27,STORE_1,1043,4,False
2025-10-28,STORE_1,1043,6,False
2025-10-29,STORE_1,1043,4,False
2025-10-30,STORE_1,1043,7,False
2025-10-31,STORE_1,1043,4,False
2025-11-01,STORE_1,1043,10,False
2025-11-02,STORE_1,1043,6,False
2025-11-03,STORE_1,1043,5,False
2025-11-04,STORE_1,1043,3,False
2025-11-05,STORE_1,1043,8,False
2025-11-06,STORE_1,1043,4,False
2025-11-07,STORE_1,1043,8,False
2025-11-08,STORE_1,1043,9,True
2025-11-09,STORE_1,1043,8,False
2025-11-10,STORE_1,1043,5,False
2025-11-11,STORE_1,1043,6,False
2025-11-12,STORE_1,1043,5,False
2025-11-13,STORE_1,1043,5,False
2025-11-14,STORE_1,1043,10,False
2025-11-15,STORE_1,1043,13,False
2025-11-16,STORE_1,1043,7,False
2025-11-17,STORE_1,1043,7,False
2025-11-18,STORE_1,1043,5,False
2025-11-19,STORE_1,1043,4,False
2025-11-20,STORE_1,1043,10,False
2025-11-21,STORE_1,1043,7,False
2025-11-22,STORE_1,1043,7,False
2025-11-23,STORE_1,1043,12,False
2025-11-24,STORE_1,1043,0,False
2025-11-25,STORE_1,1043,9,False
2025-11-26,STORE_1,1043,5,False
2025-11-27,STORE_1,1043,0,True
2025-11-28,STORE_1,1043,9,False
2025-11-29,STORE_1,1043,0,False
2025-11-30,STORE_1,1043,10,False
2025-12-01,STORE_1,1043,7,False
2025-12-02,STORE_1,1043,8,False
2025-12-03,STORE_1,1043,7,False
2025-12-04,STORE_1,1043,9,False
2025-12-05,STORE_1,1043,10,False
2025-12-06,STORE_1,1043,6,False
2025-12-07,STORE_1,1043,8,False
2025-12-08,STORE_1,1043,8,False
2025-12-09,STORE_1,1043,4,False
2025-12-10,STORE_1,1043,7,False
2025-12-11,STORE_1,1043,7,False
2025-12-12,STORE_1,1043,14,False
2025-12-13,STORE_1,1043,14,False
2025-12-14,STORE_1,1043,6,False
2025-12-15,STORE_1,1043,8,False
2025-12-16,STORE_1,1043,9,True
2025-12-17,STORE_1,1043,7,False
2025-12-18,STORE_1,1043,6,False
2025-12-19,STORE_1,1043,14,False
2025-12-20,STORE_1,1043,10,False
2025-12-21,STORE_1,1043,8,False
2025-12-22,STORE_1,1043,7,False
2025-12-23,STORE_1,1043,7,False
2025-12-24,STORE_1,1043,4,False
2025-12-25,STORE_1,1043,7,False
2025-12-26,STORE_1,1043,3,False
2025-12-27,STORE_1,1043,11,False
2025-12-28,STORE_1,1043,6,False
2025-12-29,STORE_1,1043,8,False
2025-12-30,STORE_1,1043,5,False
2025-12-31,STORE_1,1043,6,True
2026-01-01,STORE_1,1043,7,False
2026-01-02,STORE_1,1043,0,False
2026-01-03,STORE_1,1043,5,False
2026-01-04,STORE_1,1043,9,False
2026-01-05,STORE_1,1043,6,False
2026-01-06,STORE_1,1043,6,False
2026-01-07,STORE_1,1043,5,False
2026-01-08,STORE_1,1043,6,False
2026-01-09,STORE_1,1043,12,False
2026-01-10,STORE_1,1043,10,False
2026-01-11,STORE_1,1043,8,True
2026-01-12,STORE_1,1043,3,False
2026-01-13,STORE_1,1043,6,False
2026-01-14,STORE_1,1043,9,False
2026-01-15,STORE_1,1043,5,False
2026-01-16,STORE_1,1043,7,False
2026-01-17,STORE_1,1043,10,False
2026-01-18,STORE_1,1043,6,False
2026-01-19,STORE_1,1043,6,False
2026-01-20,STORE_1,1043,7,False
2026-01-21,STORE_1,1043,4,False
2026-01-22,STORE_1,1043,7,False
2026-01-23,STORE_1,1043,11,False
2026-01-24,STORE_1,1043,12,False
2026-01-25,STORE_1,1043,4,False
2026-01-26,STORE_1,1043,5,False
2026-01-27,STORE_1,1043,0,False
2026-01-28,STORE_1,1043,4,False
2026-01-29,STORE_1,1043,6,False
2026-01-30,STORE_1,1043,9,False
2026-01-31,STORE_1,1043,15,True
2026-02-01,STORE_1,1043,8,False
2026-02-02,STORE_1,1043,4,False
2026-02-03,STORE_1,1043,5,False
2026-02-04,STORE_1,1043,5,False
2026-02-05,STORE_1,1043,4,False
2026-02-06,STORE_1,1043,7,False
2026-02-07,STORE_1,1043,11,False
2026-02-08,STORE_1,1043,5,False
2026-02-09,STORE_1,1043,3,False
2026-02-10,STORE_1,1043,5,False
2026-02-11,STORE_1,1043,7,False
2026-02-12,STORE_1,1043,8,False
2026-02-13,STORE_1,1043,5,False
2026-02-14,STORE_1,1043,9,False
2026-02-15,STORE_1,1043,9,False
2026-02-16,STORE_1,1043,6,False
2026-02-17,STORE_1,1043,5,False
2026-02-18,STORE_1,1043,3,False
2026-02-19,STORE_1,1043,5,False
2026-02-20,STORE_1,1043,4,False
2026-02-21,STORE_1,1043,7,False
2026-02-22,STORE_1,1043,6,False
2026-02-23,STORE_1,1043,4,False
2026-02-24,STORE_1,1043,6,False
2026-02-25,STORE_1,1043,6,False
2026-02-26,STORE_1,1043,9,False
2026-02-27,STORE_1,1043,7,False
2026-02-28,STORE_1,1043,9,False
2026-03-01,STORE_1,1043,7,False
2026-03-02,STORE_1,1043,7,True
2026-03-03,STORE_1,1043,4,False
2026-03-04,STORE_1,1043,8,False
2026-03-05,STORE_1,1043,6,False
2026-03-06,STORE_1,1043,6,False
2026-03-07,STORE_1,1043,14,True
2026-03-08,STORE_1,1043,8,False
2026-03-09,STORE_1,1043,5,False
2026-03-10,STORE_1,1043,7,True
2026-03-11,STORE_1,1043,7,False
2026-03-12,STORE_1,1043,6,False
2026-03-13,STORE_1,1043,5,False
2026-03-14,STORE_1,1043,10,False
2026-03-15,STORE_1,1043,5,False
2026-03-16,STORE_1,1043,4,False
2026-03-17,STORE_1,1043,4,False
2026-03-18,STORE_1,1043,4,False
2026-03-19,STORE_1,1043,7,False
2026-03-20,STORE_1,1043,8,True
2026-03-21,STORE_1,1043,9,False
2026-03-22,STORE_1,1043,6,False
2026-03-23,STORE_1,1043,6,False
2026-03-24,STORE_1,1043,5,False
2026-03-25,STORE_1,1043,6,False
2026-03-26,STORE_1,1043,3,False
2026-03-27,STORE_1,1043,7,False
2026-03-28,STORE_1,1043,8,False
2026-03-29,STORE_1,1043,5,False
2026-03-30,STORE_1,1043,4,False
2026-03-31,STORE_1,1043,5,False
2026-04-01,STORE_1,1043,2,False
2026-04-02,STORE_1,1043,6,False
2026-04-03,STORE_1,1043,4,False
2026-04-04,STORE_1,1043,12,False
2026-04-05,STORE_1,1043,7,False
2026-04-06,STORE_1,1043,2,False
2026-04-07,STORE_1,1043,10,True
2026-04-08,STORE_1,1043,4,False
2026-04-09,STORE_1,1043,7,False
2026-04-10,STORE_1,1043,6,False
2026-04-11,STORE_1,1043,12,True
2026-04-12,STORE_1,1043,11,False
2026-04-13,STORE_1,1043,2,False
2026-04-14,STORE_1,1043,5,False
2026-04-15,STORE_1,1043,4,False
2026-04-16,STORE_1,1043,4,False
2026-04-17,STORE_1,1043,8,True
2026-04-18,STORE_1,1043,10,False
2026-04-19,STORE_1,1043,7,False
2026-04-20,STORE_1,1043,4,False
2026-04-21,STORE_1,1043,6,False
2026-04-22,STORE_1,1043,6,False
2026-04-23,STORE_1,1043,4,False
2026-04-24,STORE_1,1043,9,False
2026-04-25,STORE_1,1043,11,False
2026-04-26,STORE_1,1043,5,False
2026-04-27,STORE_1,1043,5,True
2026-04-28,STORE_1,1043,7,False
2026-04-29,STORE_1,1043,5,False
2026-04-30,STORE_1,1043,6,False
2026-05-01,STORE_1,1043,10,False
2026-05-02,STORE_1,1043,8,False
2026-05-03,STORE_1,1043,8,False
2026-05-04,STORE_1,1043,6,False
2026-05-05,STORE_1,1043,3,False
2026-05-06,STORE_1,1043,5,False
2026-05-07,STORE_1,1043,4,False
2026-05-08,STORE_1,1043,10,False
2026-05-09,STORE_1,1043,9,False
2026-05-10,STORE_1,1043,11,False
2026-05-11,STORE_1,1043,6,False
2026-05-12,STORE_1,1043,3,False
2026-05-13,STORE_1,1043,5,False
2026-05-14,STORE_1,1043,0,True
2026-05-15,STORE_1,1043,6,False
2026-05-16,STORE_1,1043,11,False
2026-05-17,STORE_1,1043,6,False
2026-05-18,STORE_1,1043,9,True
2026-05-19,STORE_1,1043,4,False
2026-05-20,STORE_1,1043,7,True
2026-05-21,STORE_1,1043,7,False
2026-05-22,STORE_1,1043,10,False
2026-05-23,STORE_1,1043,6,False
2026-05-24,STORE_1,1043,10,False
2026-05-25,STORE_1,1043,6,False
2026-05-26,STORE_1,1043,5,False
2026-05-27,STORE_1,1043,6,False
2026-05-28,STORE_1,1043,5,False
2026-05-29,STORE_1,1043,6,False
2026-05-30,STORE_1,1043,9,False
2026-05-31,STORE_1,1043,9,False
2026-06-01,STORE_1,1043,4,False
2026-06-02,STORE_1,1043,4,False
2026-06-03,STORE_1,1043,6,False
2026-06-04,STORE_1,1043,6,False
2026-06-05,STORE_1,1043,6,False
2026-06-06,STORE_1,1043,9,False
2026-06-07,STORE_1,1043,5,False
2026-06-08,STORE_1,1043,7,False
2026-06-09,STORE_1,1043,5,False
2026-06-10,STORE_1,1043,5,False
2026-06-11,STORE_1,1043,5,False
2026-06-12,STORE_1,1043,7,False
2026-06-13,STORE_1,1043,0,False
2026-06-14,STORE_1,1043,7,False
2026-06-15,STORE_1,1043,10,True
2026-06-16,STORE_1,1043,4,False
2026-06-17,STORE_1,1043,6,False
2026-06-18,STORE_1,1043,4,False
2026-06-19,STORE_1,1043,7,False
2026-06-20,STORE_1,1043,7,False
2026-06-21,STORE_1,1043,7,False
2026-06-22,STORE_1,1043,5,False
2026-06-23,STORE_1,1043,3,False
2026-06-24,STORE_1,1043,5,True
2026-06-25,STORE_1,1043,8,False
2026-06-26,STORE_1,1043,7,False
2026-06-27,STORE_1,1043,11,False
2026-06-28,STORE_1,1043,6,False
2026-06-29,STORE_1,1043,5,False
2026-06-30,STORE_1,1043,5,False
2026-07-01,STORE_1,1043,5,False
2026-07-02,STORE_1,1043,5,False
2026-07-03,STORE_1,1043,4,False
2026-07-04,STORE_1,1043,12,False
2026-07-05,STORE_1,1043,0,False
2026-07-06,STORE_1,1043,3,False
2026-07-07,STORE_1,1043,6,False
2026-07-08,STORE_1,1043,5,False
2026-07-09,STORE_1,1043,6,False
2026-07-10,STORE_1,1043,6,False
2026-07-11,STORE_1,1043,4,False
2026-07-12,STORE_1,1043,7,False
2026-07-13,STORE_1,1043,7,True
2026-07-14,STORE_1,1043,4,False
2026-07-15,STORE_1,1043,5,False
2026-07-16,STORE_1,1043,0,False
2026-07-17,STORE_1,1043,6,False
2026-07-18,STORE_1,1043,11,False
2026-07-19,STORE_1,1043,7,False
2026-07-20,STORE_1,1043,4,False
2026-07-21,STORE_1,1043,5,False
2026-07-22,STORE_1,1043,4,False
2026-07-23,STORE_1,1043,6,False
2026-07-24,STORE_1,1043,9,False
2026-07-25,STORE_1,1043,11,False
2026-07-26,STORE_1,1043,9,False
2026-07-27,STORE_1,1043,0,False
2026-07-28,STORE_1,1043,3,False
2026-07-29,STORE_1,1043,6,True
2026-07-30,STORE_1,1043,5,False
2026-07-31,STORE_1,1043,9,False
2026-08-01,STORE_1,1043,12,False
2026-08-02,STORE_1,1043,7,False
2026-08-03,STORE_1,1043,6,False
2026-08-04,STORE_1,1043,5,False
2026-08-05,STORE_1,1043,11,False
2026-08-06,STORE_1,1043,6,False
2026-08-07,STORE_1,1043,9,False
2026-08-08,STORE_1,1043,10,False
2026-08-09,STORE_1,1043,5,False
2026-08-10,STORE_1,1043,6,False
2026-08-11,STORE_1,1043,0,False
2026-08-12,STORE_1,1043,7,False
2026-08-13,STORE_1,1043,5,False
2026-08-14,STORE_1,1043,7,False
2026-08-15,STORE_1,1043,8,False
2026-08-16,STORE_1,1043,6,False
2026-08-17,STORE_1,1043,4,False
2026-08-18,STORE_1,1043,10,True
2026-08-19,STORE_1,1043,5,False
2026-08-20,STORE_1,1043,7,False
2026-08-21,STORE_1,1043,5,False
2026-08-22,STORE_1,1043,15,True
2026-08-23,STORE_1,1043,4,False
2026-08-24,STORE_1,1043,6,False
2026-08-25,STORE_1,1043,5,False
2026-08-26,STORE_1,1043,5,False
2026-08-27,STORE_1,1043,4,False
2026-08-28,STORE_1,1043,9,False
2026-08-29,STORE_1,1043,9,False
2026-08-30,STORE_1,1043,8,False
2026-08-31,STORE_1,1043,5,False
2026-09-01,STORE_1,1043,6,False
2026-09-02,STORE_1,1043,6,False
2026-09-03,STORE_1,1043,0,False
2026-09-04,STORE_1,1043,8,False
2026-09-05,STORE_1,1043,10,False
2026-09-06,STORE_1,1043,10,False
2026-09-07,STORE_1,1043,4,False
2026-09-08,STORE_1,1043,7,False
2026-09-09,STORE_1,1043,3,False
2026-09-10,STORE_1,1043,9,True
2026-09-11,STORE_1,1043,10,False
2026-09-12,STORE_1,1043,0,False
2026-09-13,STORE_1,1043,7,False
2026-09-14,STORE_1,1043,9,False
2026-09-15,STORE_1,1043,7,False
2026-09-16,STORE_1,1043,6,False
2026-09-17,STORE_1,1043,8,False
2026-09-18,STORE_1,1043,6,False
2026-09-19,STORE_1,1043,11,False
2026-09-20,STORE_1,1043,8,True
2026-09-21,STORE_1,1043,5,False
2026-09-22,STORE_1,1043,7,False
2026-09-23,STORE_1,1043,5,False
2026-09-24,STORE_1,1043,9,False
2026-09-25,STORE_1,1043,12,True
2026-09-26,STORE_1,1043,13,False
2026-09-27,STORE_1,1043,6,False
2026-09-28,STORE_1,1043,6,False
2026-09-29,STORE_1,1043,5,False
2026-09-30,STORE_1,1043,6,False
2025-10-01,STORE_1,1044,7,False
2025-10-02,STORE_1,1044,6,False
2025-10-03,STORE_1,1044,7,False
2025-10-04,STORE_1,1044,19,True
2025-10-05,STORE_1,1044,8,False
2025-10-06,STORE_1,1044,8,False
2025-10-07,STORE_1,1044,6,False
2025-10-08,STORE_1,1044,8,False
2025-10-09,STORE_1,1044,6,False
2025-10-10,STORE_1,1044,10,False
2025-10-11,STORE_1,1044,12,False
2025-10-12,STORE_1,1044,11,True
2025-10-13,STORE_1,1044,5,False
2025-10-14,STORE_1,1044,6,False
2025-10-15,STORE_1,1044,6,False
2025-10-16,STORE_1,1044,7,False
2025-10-17,STORE_1,1044,11,False
2025-10-18,STORE_1,1044,13,False
2025-10-19,STORE_1,1044,13,False
2025-10-20,STORE_1,1044,11,True
2025-10-21,STORE_1,1044,8,False
2025-10-22,STORE_1,1044,11,False
2025-10-23,STORE_1,1044,10,False
2025-10-24,STORE_1,1044,11,False
2025-10-25,STORE_1,1044,13,False
2025-10-26,STORE_1,1044,11,True
2025-10-27,STORE_1,1044,6,False
2025-10-28,STORE_1,1044,8,False
2025-10-29,STORE_1,1044,6,False
2025-10-30,STORE_1,1044,11,False
2025-10-31,STORE_1,1044,9,False
2025-11-01,STORE_1,1044,9,False
2025-11-02,STORE_1,1044,9,False
2025-11-03,STORE_1,1044,4,False
2025-11-04,STORE_1,1044,6,False
2025-11-05,STORE_1,1044,0,False
2025-11-06,STORE_1,1044,8,False
2025-11-07,STORE_1,1044,9,False
2025-11-08,STORE_1,1044,12,False
2025-11-09,STORE_1,1044,7,False
2025-11-10,STORE_1,1044,9,False
2025-11-11,STORE_1,1044,8,False
2025-11-12,STORE_1,1044,4,False
2025-11-13,STORE_1,1044,6,False
2025-11-14,STORE_1,1044,12,False
2025-11-15,STORE_1,1044,11,False
2025-11-16,STORE_1,1044,9,False
2025-11-17,STORE_1,1044,8,True
2025-11-18,STORE_1,1044,10,True
2025-11-19,STORE_1,1044,8,False
2025-11-20,STORE_1,1044,13,True
2025-11-21,STORE_1,1044,14,False
2025-11-22,STORE_1,1044,16,False
2025-11-23,STORE_1,1044,12,False
2025-11-24,STORE_1,1044,9,False
2025-11-25,STORE_1,1044,11,False
2025-11-26,STORE_1,1044,7,False
2025-11-27,STORE_1,1044,14,False
2025-11-28,STORE_1,1044,6,False
2025-11-29,STORE_1,1044,14,False
2025-11-30,STORE_1,1044,12,False
2025-12-01,STORE_1,1044,16,False
2025-12-02,STORE_1,1044,9,False
2025-12-03,STORE_1,1044,12,False
2025-12-04,STORE_1,1044,9,False
2025-12-05,STORE_1,1044,5,False
2025-12-06,STORE_1,1044,14,False
2025-12-07,STORE_1,1044,19,True
2025-12-08,STORE_1,1044,9,False
2025-12-09,STORE_1,1044,8,False
2025-12-10,STORE_1,1044,11,False
2025-12-11,STORE_1,1044,6,False
2025-12-12,STORE_1,1044,14,False
2025-12-13,STORE_1,1044,15,False
2025-12-14,STORE_1,1044,15,False
2025-12-15,STORE_1,1044,10,False
2025-12-16,STORE_1,1044,10,False
2025-12-17,STORE_1,1044,7,False
2025-12-18,STORE_1,1044,8,False
2025-12-19,STORE_1,1044,14,False
2025-12-20,STORE_1,1044,11,True
2025-12-21,STORE_1,1044,15,True
2025-12-22,STORE_1,1044,9,False
2025-12-23,STORE_1,1044,11,False
2025-12-24,STORE_1,1044,7,False
2025-12-25,STORE_1,1044,11,False
2025-12-26,STORE_1,1044,14,False
2025-12-27,STORE_1,1044,13,False
2025-12-28,STORE_1,1044,13,False
2025-12-29,STORE_1,1044,6,False
2025-12-30,STORE_1,1044,11,False
2025-12-31,STORE_1,1044,7,True
2026-01-01,STORE_1,1044,5,False
2026-01-02,STORE_1,1044,12,False
2026-01-03,STORE_1,1044,20,True
2026-01-04,STORE_1,1044,8,False
2026-01-05,STORE_1,1044,3,False
2026-01-06,STORE_1,1044,5,False
2026-01-07,STORE_1,1044,7,False
2026-01-08,STORE_1,1044,8,False
2026-01-09,STORE_1,1044,12,False
2026-01-10,STORE_1,1044,14,False
2026-01-11,STORE_1,1044,7,False
2026-01-12,STORE_1,1044,6,False
2026-01-13,STORE_1,1044,6,False
2026-01-14,STORE_1,1044,9,False
2026-01-15,STORE_1,1044,6,False
2026-01-16,STORE_1,1044,0,False
2026-01-17,STORE_1,1044,12,False
2026-01-18,STORE_1,1044,8,False
2026-01-19,STORE_1,1044,10,False
2026-01-20,STORE_1,1044,9,False
2026-01-21,STORE_1,1044,10,False
2026-01-22,STORE_1,1044,7,False
2026-01-23,STORE_1,1044,13,False
2026-01-24,STORE_1,1044,14,True
2026-01-25,STORE_1,1044,7,False
2026-01-26,STORE_1,1044,5,False
2026-01-27,STORE_1,1044,4,False
2026-01-28,STORE_1,1044,6,False
2026-01-29,STORE_1,1044,5,False
2026-01-30,STORE_1,1044,6,False
2026-01-31,STORE_1,1044,10,False
2026-02-01,STORE_1,1044,10,False
2026-02-02,STORE_1,1044,10,False
2026-02-03,STORE_1,1044,5,False
2026-02-04,STORE_1,1044,5,False
2026-02-05,STORE_1,1044,9,False
2026-02-06,STORE_1,1044,9,False
2026-02-07,STORE_1,1044,7,False
2026-02-08,STORE_1,1044,12,False
2026-02-09,STORE_1,1044,4,False
2026-02-10,STORE_1,1044,10,False
2026-02-11,STORE_1,1044,4,False
2026-02-12,STORE_1,1044,8,False
2026-02-13,STORE_1,1044,4,False
2026-02-14,STORE_1,1044,13,False
2026-02-15,STORE_1,1044,12,False
2026-02-16,STORE_1,1044,7,False
2026-02-17,STORE_1,1044,4,False
2026-02-18,STORE_1,1044,8,False
2026-02-19,STORE_1,1044,7,False
2026-02-20,STORE_1,1044,10,False
2026-02-21,STORE_1,1044,7,False
2026-02-22,STORE_1,1044,7,False
2026-02-23,STORE_1,1044,6,False
2026-02-24,STORE_1,1044,6,False
2026-02-25,STORE_1,1044,11,True
2026-02-26,STORE_1,1044,5,False
2026-02-27,STORE_1,1044,10,False
2026-02-28,STORE_1,1044,7,False
2026-03-01,STORE_1,1044,9,False
2026-03-02,STORE_1,1044,11,True
2026-03-03,STORE_1,1044,4,False
2026-03-04,STORE_1,1044,11,False
2026-03-05,STORE_1,1044,10,True
2026-03-06,STORE_1,1044,10,False
2026-03-07,STORE_1,1044,15,False
2026-03-08,STORE_1,1044,12,True
2026-03-09,STORE_1,1044,11,False
2026-03-10,STORE_1,1044,8,False
2026-03-11,STORE_1,1044,9,False
2026-03-12,STORE_1,1044,12,True
2026-03-13,STORE_1,1044,12,False
2026-03-14,STORE_1,1044,9,False
2026-03-15,STORE_1,1044,9,False
2026-03-16,STORE_1,1044,7,False
2026-03-17,STORE_1,1044,5,False
2026-03-18,STORE_1,1044,5,False
2026-03-19,STORE_1,1044,7,False
2026-03-20,STORE_1,1044,10,False
2026-03-21,STORE_1,1044,15,False
2026-03-22,STORE_1,1044,7,False
2026-03-23,STORE_1,1044,5,False
2026-03-24,STORE_1,1044,4,False
2026-03-25,STORE_1,1044,8,False
2026-03-26,STORE_1,1044,11,False
2026-03-27,STORE_1,1044,9,False
2026-03-28,STORE_1,1044,12,True
2026-03-29,STORE_1,1044,13,False
2026-03-30,STORE_1,1044,10,False
2026-03-31,STORE_1,1044,6,False
2026-04-01,STORE_1,1044,8,False
2026-04-02,STORE_1,1044,9,False
2026-04-03,STORE_1,1044,6,False
2026-04-04,STORE_1,1044,14,False
2026-04-05,STORE_1,1044,4,False
2026-04-06,STORE_1,1044,8,False
2026-04-07,STORE_1,1044,8,False
2026-04-08,STORE_1,1044,7,False
2026-04-09,STORE_1,1044,8,False
2026-04-10,STORE_1,1044,6,False
2026-04-11,STORE_1,1044,11,False
2026-04-12,STORE_1,1044,10,False
2026-04-13,STORE_1,1044,4,False
2026-04-14,STORE_1,1044,10,False
2026-04-15,STORE_1,1044,5,False
2026-04-16,STORE_1,1044,12,False
2026-04-17,STORE_1,1044,11,False
2026-04-18,STORE_1,1044,5,False
2026-04-19,STORE_1,1044,7,False
2026-04-20,STORE_1,1044,10,False
2026-04-21,STORE_1,1044,6,False
2026-04-22,STORE_1,1044,5,False
2026-04-23,STORE_1,1044,9,True
2026-04-24,STORE_1,1044,15,False
2026-04-25,STORE_1,1044,13,False
2026-04-26,STORE_1,1044,9,True
2026-04-27,STORE_1,1044,6,False
2026-04-28,STORE_1,1044,8,False
2026-04-29,STORE_1,1044,0,False
2026-04-30,STORE_1,1044,5,False
2026-05-01,STORE_1,1044,5,False
2026-05-02,STORE_1,1044,0,False
2026-05-03,STORE_1,1044,10,False
2026-05-04,STORE_1,1044,7,False
2026-05-05,STORE_1,1044,7,False
2026-05-06,STORE_1,1044,5,False
2026-05-07,STORE_1,1044,4,False
2026-05-08,STORE_1,1044,7,False
2026-05-09,STORE_1,1044,14,False
2026-05-10,STORE_1,1044,9,False
2026-05-11,STORE_1,1044,0,False
2026-05-12,STORE_1,1044,9,False
2026-05-13,STORE_1,1044,8,False
2026-05-14,STORE_1,1044,9,False
2026-05-15,STORE_1,1044,11,False
2026-05-16,STORE_1,1044,7,False
2026-05-17,STORE_1,1044,9,False
2026-05-18,STORE_1,1044,10,False
2026-05-19,STORE_1,1044,6,False
2026-05-20,STORE_1,1044,7,False
2026-05-21,STORE_1,1044,6,False
2026-05-22,STORE_1,1044,8,False
2026-05-23,STORE_1,1044,14,True
2026-05-24,STORE_1,1044,9,False
2026-05-25,STORE_1,1044,8,False
2026-05-26,STORE_1,1044,7,False
2026-05-27,STORE_1,1044,4,False
2026-05-28,STORE_1,1044,7,False
2026-05-29,STORE_1,1044,9,False
2026-05-30,STORE_1,1044,8,False
2026-05-31,STORE_1,1044,11,False
2026-06-01,STORE_1,1044,6,False
2026-06-02,STORE_1,1044,5,False
2026-06-03,STORE_1,1044,0,False
2026-06-04,STORE_1,1044,10,False
2026-06-05,STORE_1,1044,9,False
2026-06-06,STORE_1,1044,7,False
2026-06-07,STORE_1,1044,8,False
2026-06-08,STORE_1,1044,6,False
2026-06-09,STORE_1,1044,9,False
2026-06-10,STORE_1,1044,9,False
2026-06-11,STORE_1,1044,6,False
2026-06-12,STORE_1,1044,0,True
2026-06-13,STORE_1,1044,12,False
2026-06-14,STORE_1,1044,11,False
2026-06-15,STORE_1,1044,8,False
2026-06-16,STORE_1,1044,6,False
2026-06-17,STORE_1,1044,7,False
2026-06-18,STORE_1,1044,6,False
2026-06-19,STORE_1,1044,11,False
2026-06-20,STORE_1,1044,4,False
2026-06-21,STORE_1,1044,8,False
2026-06-22,STORE_1,1044,10,False
2026-06-23,STORE_1,1044,3,False
2026-06-24,STORE_1,1044,5,False
2026-06-25,STORE_1,1044,9,False
2026-06-26,STORE_1,1044,10,False
2026-06-27,STORE_1,1044,13,False
2026-06-28,STORE_1,1044,10,False
2026-06-29,STORE_1,1044,9,False
2026-06-30,STORE_1,1044,4,False
2026-07-01,STORE_1,1044,9,False
2026-07-02,STORE_1,1044,8,False
2026-07-03,STORE_1,1044,10,False
2026-07-04,STORE_1,1044,9,True
2026-07-05,STORE_1,1044,8,False
2026-07-06,STORE_1,1044,7,False
2026-07-07,STORE_1,1044,6,False
2026-07-08,STORE_1,1044,9,False
2026-07-09,STORE_1,1044,6,False
2026-07-10,STORE_1,1044,10,True
2026-07-11,STORE_1,1044,11,False
2026-07-12,STORE_1,1044,10,False
2026-07-13,STORE_1,1044,6,False
2026-07-14,STORE_1,1044,9,False
2026-07-15,STORE_1,1044,8,False
2026-07-16,STORE_1,1044,11,True
2026-07-17,STORE_1,1044,7,False
2026-07-18,STORE_1,1044,6,False
2026-07-19,STORE_1,1044,8,False
2026-07-20,STORE_1,1044,3,False
2026-07-21,STORE_1,1044,6,False
2026-07-22,STORE_1,1044,8,False
2026-07-23,STORE_1,1044,12,False
2026-07-24,STORE_1,1044,10,False
2026-07-25,STORE_1,1044,10,False
2026-07-26,STORE_1,1044,11,False
2026-07-27,STORE_1,1044,5,False
2026-07-28,STORE_1,1044,5,False
2026-07-29,STORE_1,1044,8,False
2026-07-30,STORE_1,1044,7,False
2026-07-31,STORE_1,1044,9,False
2026-08-01,STORE_1,1044,11,False
2026-08-02,STORE_1,1044,6,False
2026-08-03,STORE_1,1044,4,False
2026-08-04,STORE_1,1044,5,False
2026-08-05,STORE_1,1044,6,False
2026-08-06,STORE_1,1044,11,True
2026-08-07,STORE_1,1044,8,False
2026-08-08,STORE_1,1044,10,False
2026-08-09,STORE_1,1044,11,False
2026-08-10,STORE_1,1044,6,False
2026-08-11,STORE_1,1044,6,False
2026-08-12,STORE_1,1044,9,False
2026-08-13,STORE_1,1044,9,False
2026-08-14,STORE_1,1044,13,False
2026-08-15,STORE_1,1044,13,False
2026-08-16,STORE_1,1044,6,False
2026-08-17,STORE_1,1044,3,False
2026-08-18,STORE_1,1044,4,False
2026-08-19,STORE_1,1044,8,False
2026-08-20,STORE_1,1044,10,True
2026-08-21,STORE_1,1044,16,False
2026-08-22,STORE_1,1044,0,False
2026-08-23,STORE_1,1044,11,False
2026-08-24,STORE_1,1044,5,False
2026-08-25,STORE_1,1044,4,False
2026-08-26,STORE_1,1044,7,False
2026-08-27,STORE_1,1044,7,False
2026-08-28,STORE_1,1044,10,False
2026-08-29,STORE_1,1044,12,False
2026-08-30,STORE_1,1044,11,False
2026-08-31,STORE_1,1044,5,False
2026-09-01,STORE_1,1044,4,False
2026-09-02,STORE_1,1044,7,False
2026-09-03,STORE_1,1044,8,False
2026-09-04,STORE_1,1044,12,False
2026-09-05,STORE_1,1044,9,False
2026-09-06,STORE_1,1044,7,False
2026-09-07,STORE_1,1044,0,False
2026-09-08,STORE_1,1044,6,False
2026-09-09,STORE_1,1044,0,False
2026-09-10,STORE_1,1044,9,False
2026-09-11,STORE_1,1044,8,False
2026-09-12,STORE_1,1044,14,False
2026-09-13,STORE_1,1044,9,False
2026-09-14,STORE_1,1044,9,False
2026-09-15,STORE_1,1044,12,True
2026-09-16,STORE_1,1044,5,False
2026-09-17,STORE_1,1044,8,False
2026-09-18,STORE_1,1044,13,False
2026-09-19,STORE_1,1044,11,False
2026-09-20,STORE_1,1044,7,False
2026-09-21,STORE_1,1044,3,False
2026-09-22,STORE_1,1044,7,False
2026-09-23,STORE_1,1044,5,False
2026-09-24,STORE_1,1044,8,False
2026-09-25,STORE_1,1044,7,False
2026-09-26,STORE_1,1044,8,False
2026-09-27,STORE_1,1044,10,False
2026-09-28,STORE_1,1044,8,False
2026-09-29,STORE_1,1044,7,False
2026-09-30,STORE_1,1044,10,False
2025-10-01,STORE_1,1045,7,False
2025-10-02,STORE_1,1045,17,False
2025-10-03,STORE_1,1045,12,False
2025-10-04,STORE_1,1045,20,False
2025-10-05,STORE_1,1045,12,False
2025-10-06,STORE_1,1045,14,True
2025-10-07,STORE_1,1045,10,False
2025-10-08,STORE_1,1045,16,True
2025-10-09,STORE_1,1045,18,True
2025-10-10,STORE_1,1045,16,False
2025-10-11,STORE_1,1045,11,False
2025-10-12,STORE_1,1045,14,False
2025-10-13,STORE_1,1045,9,False
2025-10-14,STORE_1,1045,13,False
2025-10-15,STORE_1,1045,15,True
2025-10-16,STORE_1,1045,16,False
2025-10-17,STORE_1,1045,20,False
2025-10-18,STORE_1,1045,11,False
2025-10-19,STORE_1,1045,23,False
2025-10-20,STORE_1,1045,13,False
2025-10-21,STORE_1,1045,11,False
2025-10-22,STORE_1,1045,19,True
2025-10-23,STORE_1,1045,17,False
2025-10-24,STORE_1,1045,21,False
2025-10-25,STORE_1,1045,18,True
2025-10-26,STORE_1,1045,14,False
2025-10-27,STORE_1,1045,13,False
2025-10-28,STORE_1,1045,10,False
2025-10-29,STORE_1,1045,11,False
2025-10-30,STORE_1,1045,19,False
2025-10-31,STORE_1,1045,18,False
2025-11-01,STORE_1,1045,20,False
2025-11-02,STORE_1,1045,17,False
2025-11-03,STORE_1,1045,15,False
2025-11-04,STORE_1,1045,11,False
2025-11-05,STORE_1,1045,9,False
2025-11-06,STORE_1,1045,15,False
2025-11-07,STORE_1,1045,21,False
2025-11-08,STORE_1,1045,21,False
2025-11-09,STORE_1,1045,18,False
2025-11-10,STORE_1,1045,11,False
2025-11-11,STORE_1,1045,9,False
2025-11-12,STORE_1,1045,12,False
2025-11-13,STORE_1,1045,21,True
2025-11-14,STORE_1,1045,13,False
2025-11-15,STORE_1,1045,16,False
2025-11-16,STORE_1,1045,12,False
2025-11-17,STORE_1,1045,23,True
2025-11-18,STORE_1,1045,8,False
2025-11-19,STORE_1,1045,12,False
2025-11-20,STORE_1,1045,0,False
2025-11-21,STORE_1,1045,16,False
2025-11-22,STORE_1,1045,31,False
2025-11-23,STORE_1,1045,23,False
2025-11-24,STORE_1,1045,19,False
2025-11-25,STORE_1,1045,14,False
2025-11-26,STORE_1,1045,18,False
2025-11-27,STORE_1,1045,10,False
2025-11-28,STORE_1,1045,22,False
2025-11-29,STORE_1,1045,29,False
2025-11-30,STORE_1,1045,10,False
2025-12-01,STORE_1,1045,14,False
2025-12-02,STORE_1,1045,20,False
2025-12-03,STORE_1,1045,10,False
2025-12-04,STORE_1,1045,16,False
2025-12-05,STORE_1,1045,27,False
2025-12-06,STORE_1,1045,36,False
2025-12-07,STORE_1,1045,25,False
2025-12-08,STORE_1,1045,11,False
2025-12-09,STORE_1,1045,15,False
2025-12-10,STORE_1,1045,12,False
2025-12-11,STORE_1,1045,18,False
2025-12-12,STORE_1,1045,22,False
2025-12-13,STORE_1,1045,40,True
2025-12-14,STORE_1,1045,17,False
2025-12-15,STORE_1,1045,11,False
2025-12-16,STORE_1,1045,14,False
2025-12-17,STORE_1,1045,18,False
2025-12-18,STORE_1,1045,22,False
2025-12-19,STORE_1,1045,21,False
2025-12-20,STORE_1,1045,29,True
2025-12-21,STORE_1,1045,23,False
2025-12-22,STORE_1,1045,17,False
2025-12-23,STORE_1,1045,20,False
2025-12-24,STORE_1,1045,19,True
2025-12-25,STORE_1,1045,21,False
2025-12-26,STORE_1,1045,30,False
2025-12-27,STORE_1,1045,30,False
2025-12-28,STORE_1,1045,22,False
2025-12-29,STORE_1,1045,16,False
2025-12-30,STORE_1,1045,18,False
2025-12-31,STORE_1,1045,28,False
2026-01-01,STORE_1,1045,18,False
2026-01-02,STORE_1,1045,25,False
2026-01-03,STORE_1,1045,20,False
2026-01-04,STORE_1,1045,23,False
2026-01-05,STORE_1,1045,11,False
2026-01-06,STORE_1,1045,9,False
2026-01-07,STORE_1,1045,14,False
2026-01-08,STORE_1,1045,10,False
2026-01-09,STORE_1,1045,18,False
2026-01-10,STORE_1,1045,19,False
2026-01-11,STORE_1,1045,17,False
2026-01-12,STORE_1,1045,12,False
2026-01-13,STORE_1,1045,0,False
2026-01-14,STORE_1,1045,18,False
2026-01-15,STORE_1,1045,14,False
2026-01-16,STORE_1,1045,25,False
2026-01-17,STORE_1,1045,20,False
2026-01-18,STORE_1,1045,13,False
2026-01-19,STORE_1,1045,11,False
2026-01-20,STORE_1,1045,13,False
2026-01-21,STORE_1,1045,20,True
2026-01-22,STORE_1,1045,6,False
2026-01-23,STORE_1,1045,26,False
2026-01-24,STORE_1,1045,18,True
2026-01-25,STORE_1,1045,13,True
2026-01-26,STORE_1,1045,14,False
2026-01-27,STORE_1,1045,15,False
2026-01-28,STORE_1,1045,12,False
2026-01-29,STORE_1,1045,15,False
2026-01-30,STORE_1,1045,13,False
2026-01-31,STORE_1,1045,14,False
2026-02-01,STORE_1,1045,9,False
2026-02-02,STORE_1,1045,14,False
2026-02-03,STORE_1,1045,14,False
2026-02-04,STORE_1,1045,8,False
2026-02-05,STORE_1,1045,10,False
2026-02-06,STORE_1,1045,14,False
2026-02-07,STORE_1,1045,13,False
2026-02-08,STORE_1,1045,17,False
2026-02-09,STORE_1,1045,11,False
2026-02-10,STORE_1,1045,15,False
2026-02-11,STORE_1,1045,9,False
2026-02-12,STORE_1,1045,16,False
2026-02-13,STORE_1,1045,10,False
2026-02-14,STORE_1,1045,16,False
2026-02-15,STORE_1,1045,16,False
2026-02-16,STORE_1,1045,13,False
2026-02-17,STORE_1,1045,16,False
2026-02-18,STORE_1,1045,13,False
2026-02-19,STORE_1,1045,14,False
2026-02-20,STORE_1,1045,12,False
2026-02-21,STORE_1,1045,15,False
2026-02-22,STORE_1,1045,13,False
2026-02-23,STORE_1,1045,12,False
2026-02-24,STORE_1,1045,11,False
2026-02-25,STORE_1,1045,13,False
2026-02-26,STORE_1,1045,18,False
2026-02-27,STORE_1,1045,16,True
2026-02-28,STORE_1,1045,15,False
2026-03-01,STORE_1,1045,16,False
2026-03-02,STORE_1,1045,14,False
2026-03-03,STORE_1,1045,19,True
2026-03-04,STORE_1,1045,11,False
2026-03-05,STORE_1,1045,12,False
2026-03-06,STORE_1,1045,14,False
2026-03-07,STORE_1,1045,13,False
2026-03-08,STORE_1,1045,19,False
2026-03-09,STORE_1,1045,9,False
2026-03-10,STORE_1,1045,12,False
2026-03-11,STORE_1,1045,8,False
2026-03-12,STORE_1,1045,20,False
2026-03-13,STORE_1,1045,21,False
2026-03-14,STORE_1,1045,23,False
2026-03-15,STORE_1,1045,6,False
2026-03-16,STORE_1,1045,12,False
2026-03-17,STORE_1,1045,11,False
2026-03-18,STORE_1,1045,10,False
2026-03-19,STORE_1,1045,18,False
2026-03-20,STORE_1,1045,10,False
2026-03-21,STORE_1,1045,22,False
2026-03-22,STORE_1,1045,12,False
2026-03-23,STORE_1,1045,8,False
2026-03-24,STORE_1,1045,10,False
2026-03-25,STORE_1,1045,11,False
2026-03-26,STORE_1,1045,14,False
2026-03-27,STORE_1,1045,21,False
2026-03-28,STORE_1,1045,18,False
2026-03-29,STORE_1,1045,8,False
2026-03-30,STORE_1,1045,9,False
2026-03-31,STORE_1,1045,11,False
2026-04-01,STORE_1,1045,10,False
2026-04-02,STORE_1,1045,15,False
2026-04-03,STORE_1,1045,18,False
2026-04-04,STORE_1,1045,0,False
2026-04-05,STORE_1,1045,18,False
2026-04-06,STORE_1,1045,11,False
2026-04-07,STORE_1,1045,8,False
2026-04-08,STORE_1,1045,11,False
2026-04-09,STORE_1,1045,12,False
2026-04-10,STORE_1,1045,10,True
2026-04-11,STORE_1,1045,8,False
2026-04-12,STORE_1,1045,15,False
2026-04-13,STORE_1,1045,10,False
2026-04-14,STORE_1,1045,8,True
2026-04-15,STORE_1,1045,16,False
2026-04-16,STORE_1,1045,12,False
2026-04-17,STORE_1,1045,20,False
2026-04-18,STORE_1,1045,18,False
2026-04-19,STORE_1,1045,20,False
2026-04-20,STORE_1,1045,11,False
2026-04-21,STORE_1,1045,10,False
2026-04-22,STORE_1,1045,16,False
2026-04-23,STORE_1,1045,16,False
2026-04-24,STORE_1,1045,17,False
2026-04-25,STORE_1,1045,21,True
2026-04-26,STORE_1,1045,17,False
2026-04-27,STORE_1,1045,17,False
2026-04-28,STORE_1,1045,10,False
2026-04-29,STORE_1,1045,15,True
2026-04-30,STORE_1,1045,14,False
2026-05-01,STORE_1,1045,17,False
2026-05-02,STORE_1,1045,15,False
2026-05-03,STORE_1,1045,9,False
2026-05-04,STORE_1,1045,12,False
2026-05-05,STORE_1,1045,11,False
2026-05-06,STORE_1,1045,20,False
2026-05-07,STORE_1,1045,0,False
2026-05-08,STORE_1,1045,27,True
2026-05-09,STORE_1,1045,21,False
2026-05-10,STORE_1,1045,15,False
2026-05-11,STORE_1,1045,5,False
2026-05-12,STORE_1,1045,9,False
2026-05-13,STORE_1,1045,16,False
2026-05-14,STORE_1,1045,7,False
2026-05-15,STORE_1,1045,0,False
2026-05-16,STORE_1,1045,20,False
2026-05-17,STORE_1,1045,13,False
2026-05-18,STORE_1,1045,14,False
2026-05-19,STORE_1,1045,11,False
2026-05-20,STORE_1,1045,15,False
2026-05-21,STORE_1,1045,15,False
2026-05-22,STORE_1,1045,12,False
2026-05-23,STORE_1,1045,25,True
2026-05-24,STORE_1,1045,24,False
2026-05-25,STORE_1,1045,10,False
2026-05-26,STORE_1,1045,13,False
2026-05-27,STORE_1,1045,10,False
2026-05-28,STORE_1,1045,10,True
2026-05-29,STORE_1,1045,12,False
2026-05-30,STORE_1,1045,20,False
2026-05-31,STORE_1,1045,8,False
2026-06-01,STORE_1,1045,13,False
2026-06-02,STORE_1,1045,9,False
2026-06-03,STORE_1,1045,10,False
2026-06-04,STORE_1,1045,12,False
2026-06-05,STORE_1,1045,20,False
2026-06-06,STORE_1,1045,18,False
2026-06-07,STORE_1,1045,24,False
2026-06-08,STORE_1,1045,13,False
2026-06-09,STORE_1,1045,11,False
2026-06-10,STORE_1,1045,14,False
2026-06-11,STORE_1,1045,11,True
2026-06-12,STORE_1,1045,25,False
2026-06-13,STORE_1,1045,26,True
2026-06-14,STORE_1,1045,17,False
2026-06-15,STORE_1,1045,19,True
2026-06-16,STORE_1,1045,12,False
2026-06-17,STORE_1,1045,14,False
2026-06-18,STORE_1,1045,10,False
2026-06-19,STORE_1,1045,19,False
2026-06-20,STORE_1,1045,19,False
2026-06-21,STORE_1,1045,10,False
2026-06-22,STORE_1,1045,12,False
2026-06-23,STORE_1,1045,9,False
2026-06-24,STORE_1,1045,20,True
2026-06-25,STORE_1,1045,19,False
2026-06-26,STORE_1,1045,16,False
2026-06-27,STORE_1,1045,18,False
2026-06-28,STORE_1,1045,18,False
2026-06-29,STORE_1,1045,8,False
2026-06-30,STORE_1,1045,18,True
2026-07-01,STORE_1,1045,10,False
2026-07-02,STORE_1,1045,15,False
2026-07-03,STORE_1,1045,18,False
2026-07-04,STORE_1,1045,16,False
2026-07-05,STORE_1,1045,19,False
2026-07-06,STORE_1,1045,14,False
2026-07-07,STORE_1,1045,13,False
2026-07-08,STORE_1,1045,16,False
2026-07-09,STORE_1,1045,16,False
2026-07-10,STORE_1,1045,13,False
2026-07-11,STORE_1,1045,21,False
2026-07-12,STORE_1,1045,21,False
2026-07-13,STORE_1,1045,13,False
2026-07-14,STORE_1,1045,16,False
2026-07-15,STORE_1,1045,13,False
2026-07-16,STORE_1,1045,12,False
2026-07-17,STORE_1,1045,11,False
2026-07-18,STORE_1,1045,19,False
2026-07-19,STORE_1,1045,19,False
2026-07-20,STORE_1,1045,11,False
2026-07-21,STORE_1,1045,12,False
2026-07-22,STORE_1,1045,15,False
2026-07-23,STORE_1,1045,14,False
2026-07-24,STORE_1,1045,21,False
2026-07-25,STORE_1,1045,12,False
2026-07-26,STORE_1,1045,15,False
2026-07-27,STORE_1,1045,13,False
2026-07-28,STORE_1,1045,13,False
2026-07-29,STORE_1,1045,16,False
2026-07-30,STORE_1,1045,13,False
2026-07-31,STORE_1,1045,0,False
2026-08-01,STORE_1,1045,16,False
2026-08-02,STORE_1,1045,17,False
2026-08-03,STORE_1,1045,9,False
2026-08-04,STORE_1,1045,13,False
2026-08-05,STORE_1,1045,13,False
2026-08-06,STORE_1,1045,11,False
2026-08-07,STORE_1,1045,11,False
2026-08-08,STORE_1,1045,20,False
2026-08-09,STORE_1,1045,9,False
2026-08-10,STORE_1,1045,9,False
2026-08-11,STORE_1,1045,11,False
2026-08-12,STORE_1,1045,11,False
2026-08-13,STORE_1,1045,11,False
2026-08-14,STORE_1,1045,20,False
2026-08-15,STORE_1,1045,14,False
2026-08-16,STORE_1,1045,13,False
2026-08-17,STORE_1,1045,12,False
2026-08-18,STORE_1,1045,11,False
2026-08-19,STORE_1,1045,8,False
2026-08-20,STORE_1,1045,13,False
2026-08-21,STORE_1,1045,14,False
2026-08-22,STORE_1,1045,16,False
2026-08-23,STORE_1,1045,16,False
2026-08-24,STORE_1,1045,9,False
2026-08-25,STORE_1,1045,10,False
2026-08-26,STORE_1,1045,12,False
2026-08-27,STORE_1,1045,14,False
2026-08-28,STORE_1,1045,14,False
2026-08-29,STORE_1,1045,21,False
2026-08-30,STORE_1,1045,18,False
2026-08-31,STORE_1,1045,14,False
2026-09-01,STORE_1,1045,7,False
2026-09-02,STORE_1,1045,14,False
2026-09-03,STORE_1,1045,16,False
2026-09-04,STORE_1,1045,24,False
2026-09-05,STORE_1,1045,13,False
2026-09-06,STORE_1,1045,20,False
2026-09-07,STORE_1,1045,7,False
2026-09-08,STORE_1,1045,13,False
2026-09-09,STORE_1,1045,15,False
2026-09-10,STORE_1,1045,16,False
2026-09-11,STORE_1,1045,28,True
2026-09-12,STORE_1,1045,19,False
2026-09-13,STORE_1,1045,11,False
2026-09-14,STORE_1,1045,11,False
2026-09-15,STORE_1,1045,12,False
2026-09-16,STORE_1,1045,14,False
2026-09-17,STORE_1,1045,19,False
2026-09-18,STORE_1,1045,18,False
2026-09-19,STORE_1,1045,19,False
2026-09-20,STORE_1,1045,7,False
2026-09-21,STORE_1,1045,14,False
2026-09-22,STORE_1,1045,9,False
2026-09-23,STORE_1,1045,13,False
2026-09-24,STORE_1,1045,18,False
2026-09-25,STORE_1,1045,15,False
2026-09-26,STORE_1,1045,24,False
2026-09-27,STORE_1,1045,23,False
2026-09-28,STORE_1,1045,14,False
2026-09-29,STORE_1,1045,13,False
2026-09-30,STORE_1,1045,14,False
2025-10-01,STORE_1,1046,16,False
2025-10-02,STORE_1,1046,17,False
2025-10-03,STORE_1,1046,26,True
2025-10-04,STORE_1,1046,16,False
2025-10-05,STORE_1,1046,18,True
2025-10-06,STORE_1,1046,9,False
2025-10-07,STORE_1,1046,10,False
2025-10-08,STORE_1,1046,13,False
2025-10-09,STORE_1,1046,22,False
2025-10-10,STORE_1,1046,12,False
2025-10-11,STORE_1,1046,23,False
2025-10-12,STORE_1,1046,19,True
2025-10-13,STORE_1,1046,13,False
2025-10-14,STORE_1,1046,13,False
2025-10-15,STORE_1,1046,12,False
2025-10-16,STORE_1,1046,8,False
2025-10-17,STORE_1,1046,21,False
2025-10-18,STORE_1,1046,26,False
2025-10-19,STORE_1,1046,15,False
2025-10-20,STORE_1,1046,18,False
2025-10-21,STORE_1,1046,13,False
2025-10-22,STORE_1,1046,15,False
2025-10-23,STORE_1,1046,16,False
2025-10-24,STORE_1,1046,26,False
2025-10-25,STORE_1,1046,29,False
2025-10-26,STORE_1,1046,21,False
2025-10-27,STORE_1,1046,13,False
2025-10-28,STORE_1,1046,13,False
2025-10-29,STORE_1,1046,18,True
2025-10-30,STORE_1,1046,15,False
2025-10-31,STORE_1,1046,25,False
2025-11-01,STORE_1,1046,22,False
2025-11-02,STORE_1,1046,17,False
2025-11-03,STORE_1,1046,18,False
2025-11-04,STORE_1,1046,15,True
2025-11-05,STORE_1,1046,0,False
2025-11-06,STORE_1,1046,19,False
2025-11-07,STORE_1,1046,14,False
2025-11-08,STORE_1,1046,17,False
2025-11-09,STORE_1,1046,22,False
2025-11-10,STORE_1,1046,14,False
2025-11-11,STORE_1,1046,12,False
2025-11-12,STORE_1,1046,12,False
2025-11-13,STORE_1,1046,15,True
2025-11-14,STORE_1,1046,35,False
2025-11-15,STORE_1,1046,30,False
2025-11-16,STORE_1,1046,10,False
2025-11-17,STORE_1,1046,19,True
2025-11-18,STORE_1,1046,18,True
2025-11-19,STORE_1,1046,11,False
2025-11-20,STORE_1,1046,22,False
2025-11-21,STORE_1,1046,18,True
2025-11-22,STORE_1,1046,31,False
2025-11-23,STORE_1,1046,25,False
2025-11-24,STORE_1,1046,12,False
2025-11-25,STORE_1,1046,12,False
2025-11-26,STORE_1,1046,17,False
2025-11-27,STORE_1,1046,28,True
2025-11-28,STORE_1,1046,32,False
2025-11-29,STORE_1,1046,26,False
2025-11-30,STORE_1,1046,27,False
2025-12-01,STORE_1,1046,19,False
2025-12-02,STORE_1,1046,24,False
2025-12-03,STORE_1,1046,17,False
2025-12-04,STORE_1,1046,26,False
2025-12-05,STORE_1,1046,28,False
2025-12-06,STORE_1,1046,39,False
2025-12-07,STORE_1,1046,24,False
2025-12-08,STORE_1,1046,17,False
2025-12-09,STORE_1,1046,16,False
2025-12-10,STORE_1,1046,28,False
2025-12-11,STORE_1,1046,22,False
2025-12-12,STORE_1,1046,26,False
2025-12-13,STORE_1,1046,27,False
2025-12-14,STORE_1,1046,25,False
2025-12-15,STORE_1,1046,8,False
2025-12-16,STORE_1,1046,17,False
2025-12-17,STORE_1,1046,19,False
2025-12-18,STORE_1,1046,13,False
2025-12-19,STORE_1,1046,19,False
2025-12-20,STORE_1,1046,22,False
2025-12-21,STORE_1,1046,24,False
2025-12-22,STORE_1,1046,23,True
2025-12-23,STORE_1,1046,23,False
2025-12-24,STORE_1,1046,16,False
2025-12-25,STORE_1,1046,25,False
2025-12-26,STORE_1,1046,26,False
2025-12-27,STORE_1,1046,21,False
2025-12-28,STORE_1,1046,29,False
2025-12-29,STORE_1,1046,17,False
2025-12-30,STORE_1,1046,18,False
2025-12-31,STORE_1,1046,14,False
2026-01-01,STORE_1,1046,26,False
2026-01-02,STORE_1,1046,23,False
2026-01-03,STORE_1,1046,16,False
2026-01-04,STORE_1,1046,17,False
2026-01-05,STORE_1,1046,21,False
2026-01-06,STORE_1,1046,13,True
2026-01-07,STORE_1,1046,21,False
2026-01-08,STORE_1,1046,15,False
2026-01-09,STORE_1,1046,18,False
2026-01-10,STORE_1,1046,13,False
2026-01-11,STORE_1,1046,20,False
2026-01-12,STORE_1,1046,13,False
2026-01-13,STORE_1,1046,16,False
2026-01-14,STORE_1,1046,20,False
2026-01-15,STORE_1,1046,19,False
2026-01-16,STORE_1,1046,23,True
2026-01-17,STORE_1,1046,20,False
2026-01-18,STORE_1,1046,21,False
2026-01-19,STORE_1,1046,14,False
2026-01-20,STORE_1,1046,15,False
2026-01-21,STORE_1,1046,18,False
2026-01-22,STORE_1,1046,13,False
2026-01-23,STORE_1,1046,25,False
2026-01-24,STORE_1,1046,14,False
2026-01-25,STORE_1,1046,22,False
2026-01-26,STORE_1,1046,17,False
2026-01-27,STORE_1,1046,15,False
2026-01-28,STORE_1,1046,15,False
2026-01-29,STORE_1,1046,16,False
2026-01-30,STORE_1,1046,21,True
2026-01-31,STORE_1,1046,18,False
2026-02-01,STORE_1,1046,17,False
2026-02-02,STORE_1,1046,18,False
2026-02-03,STORE_1,1046,12,False
2026-02-04,STORE_1,1046,17,False
2026-02-05,STORE_1,1046,17,False
2026-02-06,STORE_1,1046,0,False
2026-02-07,STORE_1,1046,18,False
2026-02-08,STORE_1,1046,7,False
2026-02-09,STORE_1,1046,15,False
2026-02-10,STORE_1,1046,9,False
2026-02-11,STORE_1,1046,25,True
2026-02-12,STORE_1,1046,0,False
2026-02-13,STORE_1,1046,18,False
2026-02-14,STORE_1,1046,29,False
2026-02-15,STORE_1,1046,24,False
2026-02-16,STORE_1,1046,12,False
2026-02-17,STORE_1,1046,20,False
2026-02-18,STORE_1,1046,10,False
2026-02-19,STORE_1,1046,15,False
2026-02-20,STORE_1,1046,18,False
2026-02-21,STORE_1,1046,19,False
2026-02-22,STORE_1,1046,24,False
2026-02-23,STORE_1,1046,11,False
2026-02-24,STORE_1,1046,12,False
2026-02-25,STORE_1,1046,13,False
2026-02-26,STORE_1,1046,12,False
2026-02-27,STORE_1,1046,20,False
2026-02-28,STORE_1,1046,29,False
2026-03-01,STORE_1,1046,21,False
2026-03-02,STORE_1,1046,12,False
2026-03-03,STORE_1,1046,18,False
2026-03-04,STORE_1,1046,15,False
2026-03-05,STORE_1,1046,21,False
2026-03-06,STORE_1,1046,24,True
2026-03-07,STORE_1,1046,20,False
2026-03-08,STORE_1,1046,21,False
2026-03-09,STORE_1,1046,14,False
2026-03-10,STORE_1,1046,19,False
2026-03-11,STORE_1,1046,19,False
2026-03-12,STORE_1,1046,9,False
2026-03-13,STORE_1,1046,23,False
2026-03-14,STORE_1,1046,16,False
2026-03-15,STORE_1,1046,26,False
2026-03-16,STORE_1,1046,17,False
2026-03-17,STORE_1,1046,13,False
2026-03-18,STORE_1,1046,13,False
2026-03-19,STORE_1,1046,18,False
2026-03-20,STORE_1,1046,26,False
2026-03-21,STORE_1,1046,24,False
2026-03-22,STORE_1,1046,18,False
2026-03-23,STORE_1,1046,11,False
2026-03-24,STORE_1,1046,13,False
2026-03-25,STORE_1,1046,19,False
2026-03-26,STORE_1,1046,19,False
2026-03-27,STORE_1,1046,27,False
2026-03-28,STORE_1,1046,17,False
2026-03-29,STORE_1,1046,11,False
2026-03-30,STORE_1,1046,17,False
2026-03-31,STORE_1,1046,0,False
2026-04-01,STORE_1,1046,13,False
2026-04-02,STORE_1,1046,18,False
2026-04-03,STORE_1,1046,37,False
2026-04-04,STORE_1,1046,10,False
2026-04-05,STORE_1,1046,20,False
2026-04-06,STORE_1,1046,14,False
2026-04-07,STORE_1,1046,11,False
2026-04-08,STORE_1,1046,19,False
2026-04-09,STORE_1,1046,23,False
2026-04-10,STORE_1,1046,20,False
2026-04-11,STORE_1,1046,31,True
2026-04-12,STORE_1,1046,25,False
2026-04-13,STORE_1,1046,15,False
2026-04-14,STORE_1,1046,16,False
2026-04-15,STORE_1,1046,20,False
2026-04-16,STORE_1,1046,17,False
2026-04-17,STORE_1,1046,18,False
2026-04-18,STORE_1,1046,30,False
2026-04-19,STORE_1,1046,26,False
2026-04-20,STORE_1,1046,16,False
2026-04-21,STORE_1,1046,11,False
2026-04-22,STORE_1,1046,13,False
2026-04-23,STORE_1,1046,23,False
2026-04-24,STORE_1,1046,24,False
2026-04-25,STORE_1,1046,25,True
2026-04-26,STORE_1,1046,10,False
2026-04-27,STORE_1,1046,18,False
2026-04-28,STORE_1,1046,15,False
2026-04-29,STORE_1,1046,21,True
2026-04-30,STORE_1,1046,17,False
2026-05-01,STORE_1,1046,19,False
2026-05-02,STORE_1,1046,31,False
2026-05-03,STORE_1,1046,17,False
2026-05-04,STORE_1,1046,19,False
2026-05-05,STORE_1,1046,3,False
2026-05-06,STORE_1,1046,18,False
2026-05-07,STORE_1,1046,15,False
2026-05-08,STORE_1,1046,14,False
2026-05-09,STORE_1,1046,0,False
2026-05-10,STORE_1,1046,18,False
2026-05-11,STORE_1,1046,9,False
2026-05-12,STORE_1,1046,8,False
2026-05-13,STORE_1,1046,11,False
2026-05-14,STORE_1,1046,18,False
2026-05-15,STORE_1,1046,32,False
2026-05-16,STORE_1,1046,21,False
2026-05-17,STORE_1,1046,0,False
2026-05-18,STORE_1,1046,16,False
2026-05-19,STORE_1,1046,15,False
2026-05-20,STORE_1,1046,13,False
2026-05-21,STORE_1,1046,15,False
2026-05-22,STORE_1,1046,20,False
2026-05-23,STORE_1,1046,29,False
2026-05-24,STORE_1,1046,8,False
2026-05-25,STORE_1,1046,16,False
2026-05-26,STORE_1,1046,16,False
2026-05-27,STORE_1,1046,18,False
2026-05-28,STORE_1,1046,10,False
2026-05-29,STORE_1,1046,12,False
2026-05-30,STORE_1,1046,19,False
2026-05-31,STORE_1,1046,22,False
2026-06-01,STORE_1,1046,18,False
2026-06-02,STORE_1,1046,8,False
2026-06-03,STORE_1,1046,21,True
2026-06-04,STORE_1,1046,24,False
2026-06-05,STORE_1,1046,38,True
2026-06-06,STORE_1,1046,26,False
2026-06-07,STORE_1,1046,16,False
2026-06-08,STORE_1,1046,14,False
2026-06-09,STORE_1,1046,13,False
2026-06-10,STORE_1,1046,14,False
2026-06-11,STORE_1,1046,22,False
2026-06-12,STORE_1,1046,17,False
2026-06-13,STORE_1,1046,21,False
2026-06-14,STORE_1,1046,15,False
2026-06-15,STORE_1,1046,15,False
2026-06-16,STORE_1,1046,11,True
2026-06-17,STORE_1,1046,12,False
2026-06-18,STORE_1,1046,16,False
2026-06-19,STORE_1,1046,21,False
2026-06-20,STORE_1,1046,33,False
2026-06-21,STORE_1,1046,19,False
2026-06-22,STORE_1,1046,16,False
2026-06-23,STORE_1,1046,17,False
2026-06-24,STORE_1,1046,11,False
2026-06-25,STORE_1,1046,18,False
2026-06-26,STORE_1,1046,23,False
2026-06-27,STORE_1,1046,32,True
2026-06-28,STORE_1,1046,0,False
2026-06-29,STORE_1,1046,15,False
2026-06-30,STORE_1,1046,10,False
2026-07-01,STORE_1,1046,13,False
2026-07-02,STORE_1,1046,20,True
2026-07-03,STORE_1,1046,18,False
2026-07-04,STORE_1,1046,26,False
2026-07-05,STORE_1,1046,28,False
2026-07-06,STORE_1,1046,17,False
2026-07-07,STORE_1,1046,17,False
2026-07-08,STORE_1,1046,12,False
2026-07-09,STORE_1,1046,16,False
2026-07-10,STORE_1,1046,25,False
2026-07-11,STORE_1,1046,22,False
2026-07-12,STORE_1,1046,23,False
2026-07-13,STORE_1,1046,14,False
2026-07-14,STORE_1,1046,21,True
2026-07-15,STORE_1,1046,0,False
2026-07-16,STORE_1,1046,15,False
2026-07-17,STORE_1,1046,19,False
2026-07-18,STORE_1,1046,20,False
2026-07-19,STORE_1,1046,19,False
2026-07-20,STORE_1,1046,15,False
2026-07-21,STORE_1,1046,14,False
2026-07-22,STORE_1,1046,13,False
2026-07-23,STORE_1,1046,16,False
2026-07-24,STORE_1,1046,26,False
2026-07-25,STORE_1,1046,31,False
2026-07-26,STORE_1,1046,19,False
2026-07-27,STORE_1,1046,16,False
2026-07-28,STORE_1,1046,15,False
2026-07-29,STORE_1,1046,13,False
2026-07-30,STORE_1,1046,25,False
2026-07-31,STORE_1,1046,21,False
2026-08-01,STORE_1,1046,28,False
2026-08-02,STORE_1,1046,15,False
2026-08-03,STORE_1,1046,10,False
2026-08-04,STORE_1,1046,16,False
2026-08-05,STORE_1,1046,11,False
2026-08-06,STORE_1,1046,17,False
2026-08-07,STORE_1,1046,27,False
2026-08-08,STORE_1,1046,20,False
2026-08-09,STORE_1,1046,19,False
2026-08-10,STORE_1,1046,21,False
2026-08-11,STORE_1,1046,10,False
2026-08-12,STORE_1,1046,11,False
2026-08-13,STORE_1,1046,9,False
2026-08-14,STORE_1,1046,19,False
2026-08-15,STORE_1,1046,10,False
2026-08-16,STORE_1,1046,15,False
2026-08-17,STORE_1,1046,13,False
2026-08-18,STORE_1,1046,13,False
2026-08-19,STORE_1,1046,18,False
2026-08-20,STORE_1,1046,19,False
2026-08-21,STORE_1,1046,18,False
2026-08-22,STORE_1,1046,27,False
2026-08-23,STORE_1,1046,18,False
2026-08-24,STORE_1,1046,15,True
2026-08-25,STORE_1,1046,11,False
2026-08-26,STORE_1,1046,12,False
2026-08-27,STORE_1,1046,7,False
2026-08-28,STORE_1,1046,28,False
2026-08-29,STORE_1,1046,28,False
2026-08-30,STORE_1,1046,26,False
2026-08-31,STORE_1,1046,22,False
2026-09-01,STORE_1,1046,0,True
2026-09-02,STORE_1,1046,12,False
2026-09-03,STORE_1,1046,18,False
2026-09-04,STORE_1,1046,23,False
2026-09-05,STORE_1,1046,19,False
2026-09-06,STORE_1,1046,16,False
2026-09-07,STORE_1,1046,14,False
2026-09-08,STORE_1,1046,11,False
2026-09-09,STORE_1,1046,16,False
2026-09-10,STORE_1,1046,11,False
2026-09-11,STORE_1,1046,24,False
2026-09-12,STORE_1,1046,30,False
2026-09-13,STORE_1,1046,23,True
2026-09-14,STORE_1,1046,11,False
2026-09-15,STORE_1,1046,15,False
2026-09-16,STORE_1,1046,18,False
2026-09-17,STORE_1,1046,11,False
2026-09-18,STORE_1,1046,22,False
2026-09-19,STORE_1,1046,17,False
2026-09-20,STORE_1,1046,17,False
2026-09-21,STORE_1,1046,14,False
2026-09-22,STORE_1,1046,15,False
2026-09-23,STORE_1,1046,9,False
2026-09-24,STORE_1,1046,18,False
2026-09-25,STORE_1,1046,23,False
2026-09-26,STORE_1,1046,31,False
2026-09-27,STORE_1,1046,0,False
2026-09-28,STORE_1,1046,17,False
2026-09-29,STORE_1,1046,11,False
2026-09-30,STORE_1,1046,25,True
2025-10-01,STORE_1,1047,22,False
2025-10-02,STORE_1,1047,44,True
2025-10-03,STORE_1,1047,30,False
2025-10-04,STORE_1,1047,31,False
2025-10-05,STORE_1,1047,23,False
2025-10-06,STORE_1,1047,31,False
2025-10-07,STORE_1,1047,0,False
2025-10-08,STORE_1,1047,18,False
2025-10-09,STORE_1,1047,18,False
2025-10-10,STORE_1,1047,27,False
2025-10-11,STORE_1,1047,45,False
2025-10-12,STORE_1,1047,34,False
2025-10-13,STORE_1,1047,21,False
2025-10-14,STORE_1,1047,23,False
2025-10-15,STORE_1,1047,23,False
2025-10-16,STORE_1,1047,22,False
2025-10-17,STORE_1,1047,24,False
2025-10-18,STORE_1,1047,32,False
2025-10-19,STORE_1,1047,32,False
2025-10-20,STORE_1,1047,30,False
2025-10-21,STORE_1,1047,22,False
2025-10-22,STORE_1,1047,18,False
2025-10-23,STORE_1,1047,34,True
2025-10-24,STORE_1,1047,21,False
2025-10-25,STORE_1,1047,39,False
2025-10-26,STORE_1,1047,29,False
2025-10-27,STORE_1,1047,16,False
2025-10-28,STORE_1,1047,17,False
2025-10-29,STORE_1,1047,23,False
2025-10-30,STORE_1,1047,26,False
2025-10-31,STORE_1,1047,30,False
2025-11-01,STORE_1,1047,26,False
2025-11-02,STORE_1,1047,36,False
2025-11-03,STORE_1,1047,18,False
2025-11-04,STORE_1,1047,23,False
2025-11-05,STORE_1,1047,24,False
2025-11-06,STORE_1,1047,0,False
2025-11-07,STORE_1,1047,28,False
2025-11-08,STORE_1,1047,17,False
2025-11-09,STORE_1,1047,31,False
2025-11-10,STORE_1,1047,22,False
2025-11-11,STORE_1,1047,20,False
2025-11-12,STORE_1,1047,27,False
2025-11-13,STORE_1,1047,29,False
2025-11-14,STORE_1,1047,36,False
2025-11-15,STORE_1,1047,32,False
2025-11-16,STORE_1,1047,24,False
2025-11-17,STORE_1,1047,22,False
2025-11-18,STORE_1,1047,22,False
2025-11-19,STORE_1,1047,25,False
2025-11-20,STORE_1,1047,26,True
2025-11-21,STORE_1,1047,41,False
2025-11-22,STORE_1,1047,45,False
2025-11-23,STORE_1,1047,35,False
2025-11-24,STORE_1,1047,24,False
2025-11-25,STORE_1,1047,27,False
2025-11-26,STORE_1,1047,25,False
2025-11-27,STORE_1,1047,24,False
2025-11-28,STORE_1,1047,23,False
2025-11-29,STORE_1,1047,33,False
2025-11-30,STORE_1,1047,44,False
2025-12-01,STORE_1,1047,23,False
2025-12-02,STORE_1,1047,23,False
2025-12-03,STORE_1,1047,22,False
2025-12-04,STORE_1,1047,45,False
2025-12-05,STORE_1,1047,46,False
2025-12-06,STORE_1,1047,24,False
2025-12-07,STORE_1,1047,33,False
2025-12-08,STORE_1,1047,36,False
2025-12-09,STORE_1,1047,33,False
2025-12-10,STORE_1,1047,37,True
2025-12-11,STORE_1,1047,38,False
2025-12-12,STORE_1,1047,30,False
2025-12-13,STORE_1,1047,49,False
2025-12-14,STORE_1,1047,35,False
2025-12-15,STORE_1,1047,32,True
2025-12-16,STORE_1,1047,37,False
2025-12-17,STORE_1,1047,30,False
2025-12-18,STORE_1,1047,20,False
2025-12-19,STORE_1,1047,36,False
2025-12-20,STORE_1,1047,60,False
2025-12-21,STORE_1,1047,30,False
2025-12-22,STORE_1,1047,25,False
2025-12-23,STORE_1,1047,21,False
2025-12-24,STORE_1,1047,33,False
2025-12-25,STORE_1,1047,33,False
2025-12-26,STORE_1,1047,49,False
2025-12-27,STORE_1,1047,40,False
2025-12-28,STORE_1,1047,32,True
2025-12-29,STORE_1,1047,30,False
2025-12-30,STORE_1,1047,40,True
2025-12-31,STORE_1,1047,37,True
2026-01-01,STORE_1,1047,29,False
2026-01-02,STORE_1,1047,65,True
2026-01-03,STORE_1,1047,29,False
2026-01-04,STORE_1,1047,28,False
2026-01-05,STORE_1,1047,18,False
2026-01-06,STORE_1,1047,21,False
2026-01-07,STORE_1,1047,17,False
2026-01-08,STORE_1,1047,23,False
2026-01-09,STORE_1,1047,19,False
2026-01-10,STORE_1,1047,22,False
2026-01-11,STORE_1,1047,20,False
2026-01-12,STORE_1,1047,17,False
2026-01-13,STORE_1,1047,31,True
2026-01-14,STORE_1,1047,30,False
2026-01-15,STORE_1,1047,27,False
2026-01-16,STORE_1,1047,36,False
2026-01-17,STORE_1,1047,41,False
2026-01-18,STORE_1,1047,19,False
2026-01-19,STORE_1,1047,20,False
2026-01-20,STORE_1,1047,0,False
2026-01-21,STORE_1,1047,15,False
2026-01-22,STORE_1,1047,13,False
2026-01-23,STORE_1,1047,28,False
2026-01-24,STORE_1,1047,33,False
2026-01-25,STORE_1,1047,31,False
2026-01-26,STORE_1,1047,22,False
2026-01-27,STORE_1,1047,18,False
2026-01-28,STORE_1,1047,30,False
2026-01-29,STORE_1,1047,15,False
2026-01-30,STORE_1,1047,34,False
2026-01-31,STORE_1,1047,17,False
2026-02-01,STORE_1,1047,27,False
2026-02-02,STORE_1,1047,26,False
2026-02-03,STORE_1,1047,22,True
2026-02-04,STORE_1,1047,21,False
2026-02-05,STORE_1,1047,29,False
2026-02-06,STORE_1,1047,32,False
2026-02-07,STORE_1,1047,28,False
2026-02-08,STORE_1,1047,32,False
2026-02-09,STORE_1,1047,11,False
2026-02-10,STORE_1,1047,30,False
2026-02-11,STORE_1,1047,17,False
2026-02-12,STORE_1,1047,27,False
2026-02-13,STORE_1,1047,28,True
2026-02-14,STORE_1,1047,22,True
2026-02-15,STORE_1,1047,48,True
2026-02-16,STORE_1,1047,28,False
2026-02-17,STORE_1,1047,20,False
2026-02-18,STORE_1,1047,14,False
2026-02-19,STORE_1,1047,32,False
2026-02-20,STORE_1,1047,23,False
2026-02-21,STORE_1,1047,20,False
2026-02-22,STORE_1,1047,21,False
2026-02-23,STORE_1,1047,15,False
2026-02-24,STORE_1,1047,13,False
2026-02-25,STORE_1,1047,17,False
2026-02-26,STORE_1,1047,23,False
2026-02-27,STORE_1,1047,34,False
2026-02-28,STORE_1,1047,30,False
2026-03-01,STORE_1,1047,25,False
2026-03-02,STORE_1,1047,19,False
2026-03-03,STORE_1,1047,12,False
2026-03-04,STORE_1,1047,24,False
2026-03-05,STORE_1,1047,29,False
2026-03-06,STORE_1,1047,40,False
2026-03-07,STORE_1,1047,29,False
2026-03-08,STORE_1,1047,36,False
2026-03-09,STORE_1,1047,25,False
2026-03-10,STORE_1,1047,14,False
2026-03-11,STORE_1,1047,16,False
2026-03-12,STORE_1,1047,29,True
2026-03-13,STORE_1,1047,25,False
2026-03-14,STORE_1,1047,45,False
2026-03-15,STORE_1,1047,16,False
2026-03-16,STORE_1,1047,28,False
2026-03-17,STORE_1,1047,22,True
2026-03-18,STORE_1,1047,16,False
2026-03-19,STORE_1,1047,14,False
2026-03-20,STORE_1,1047,31,False
2026-03-21,STORE_1,1047,33,False
2026-03-22,STORE_1,1047,38,False
2026-03-23,STORE_1,1047,25,False
2026-03-24,STORE_1,1047,17,False
2026-03-25,STORE_1,1047,21,False
2026-03-26,STORE_1,1047,15,False
2026-03-27,STORE_1,1047,26,False
2026-03-28,STORE_1,1047,0,False
2026-03-29,STORE_1,1047,54,True
2026-03-30,STORE_1,1047,15,False
2026-03-31,STORE_1,1047,26,False
2026-04-01,STORE_1,1047,22,False
2026-04-02,STORE_1,1047,27,False
2026-04-03,STORE_1,1047,29,False
2026-04-04,STORE_1,1047,26,False
2026-04-05,STORE_1,1047,35,False
2026-04-06,STORE_1,1047,18,False
2026-04-07,STORE_1,1047,23,False
2026-04-08,STORE_1,1047,0,False
2026-04-09,STORE_1,1047,28,False
2026-04-10,STORE_1,1047,18,True
2026-04-11,STORE_1,1047,31,False
2026-04-12,STORE_1,1047,28,False
2026-04-13,STORE_1,1047,21,False
2026-04-14,STORE_1,1047,12,False
2026-04-15,STORE_1,1047,15,False
2026-04-16,STORE_1,1047,27,False
2026-04-17,STORE_1,1047,25,False
2026-04-18,STORE_1,1047,33,False
2026-04-19,STORE_1,1047,22,False
2026-04-20,STORE_1,1047,24,False
2026-04-21,STORE_1,1047,16,False
2026-04-22,STORE_1,1047,19,False
2026-04-23,STORE_1,1047,29,False
2026-04-24,STORE_1,1047,29,False
2026-04-25,STORE_1,1047,25,False
2026-04-26,STORE_1,1047,17,False
2026-04-27,STORE_1,1047,23,False
2026-04-28,STORE_1,1047,12,False
2026-04-29,STORE_1,1047,19,True
2026-04-30,STORE_1,1047,21,False
2026-05-01,STORE_1,1047,23,False
2026-05-02,STORE_1,1047,54,True
2026-05-03,STORE_1,1047,28,False
2026-05-04,STORE_1,1047,27,False
2026-05-05,STORE_1,1047,20,False
2026-05-06,STORE_1,1047,17,False
2026-05-07,STORE_1,1047,18,False
2026-05-08,STORE_1,1047,30,False
2026-05-09,STORE_1,1047,42,False
2026-05-10,STORE_1,1047,18,False
2026-05-11,STORE_1,1047,23,False
2026-05-12,STORE_1,1047,18,False
2026-05-13,STORE_1,1047,26,False
2026-05-14,STORE_1,1047,13,False
2026-05-15,STORE_1,1047,41,False
2026-05-16,STORE_1,1047,30,False
2026-05-17,STORE_1,1047,14,False
2026-05-18,STORE_1,1047,14,False
2026-05-19,STORE_1,1047,29,False
2026-05-20,STORE_1,1047,23,False
2026-05-21,STORE_1,1047,21,False
2026-05-22,STORE_1,1047,45,False
2026-05-23,STORE_1,1047,33,False
2026-05-24,STORE_1,1047,33,False
2026-05-25,STORE_1,1047,15,False
2026-05-26,STORE_1,1047,17,True
2026-05-27,STORE_1,1047,24,False
2026-05-28,STORE_1,1047,21,False
2026-05-29,STORE_1,1047,35,False
2026-05-30,STORE_1,1047,14,False
2026-05-31,STORE_1,1047,28,False
2026-06-01,STORE_1,1047,15,False
2026-06-02,STORE_1,1047,12,False
2026-06-03,STORE_1,1047,18,False
2026-06-04,STORE_1,1047,18,False
2026-06-05,STORE_1,1047,36,False
2026-06-06,STORE_1,1047,33,False
2026-06-07,STORE_1,1047,30,True
2026-06-08,STORE_1,1047,28,False
2026-06-09,STORE_1,1047,14,False
2026-06-10,STORE_1,1047,16,False
2026-06-11,STORE_1,1047,21,False
2026-06-12,STORE_1,1047,31,False
2026-06-13,STORE_1,1047,32,True
2026-06-14,STORE_1,1047,29,False
2026-06-15,STORE_1,1047,17,False
2026-06-16,STORE_1,1047,19,False
2026-06-17,STORE_1,1047,20,False
2026-06-18,STORE_1,1047,27,True
2026-06-19,STORE_1,1047,33,False
2026-06-20,STORE_1,1047,48,False
2026-06-21,STORE_1,1047,21,False
2026-06-22,STORE_1,1047,23,False
2026-06-23,STORE_1,1047,26,False
2026-06-24,STORE_1,1047,27,False
2026-06-25,STORE_1,1047,17,False
2026-06-26,STORE_1,1047,37,False
2026-06-27,STORE_1,1047,29,True
2026-06-28,STORE_1,1047,21,False
2026-06-29,STORE_1,1047,14,False
2026-06-30,STORE_1,1047,26,False
2026-07-01,STORE_1,1047,16,True
2026-07-02,STORE_1,1047,23,False
2026-07-03,STORE_1,1047,36,False
2026-07-04,STORE_1,1047,17,False
2026-07-05,STORE_1,1047,23,False
2026-07-06,STORE_1,1047,25,False
2026-07-07,STORE_1,1047,19,False
2026-07-08,STORE_1,1047,20,False
2026-07-09,STORE_1,1047,29,False
2026-07-10,STORE_1,1047,32,False
2026-07-11,STORE_1,1047,0,False
2026-07-12,STORE_1,1047,23,False
2026-07-13,STORE_1,1047,13,False
2026-07-14,STORE_1,1047,0,False
2026-07-15,STORE_1,1047,14,False
2026-07-16,STORE_1,1047,23,False
2026-07-17,STORE_1,1047,28,False
2026-07-18,STORE_1,1047,35,False
2026-07-19,STORE_1,1047,0,False
2026-07-20,STORE_1,1047,25,False
2026-07-21,STORE_1,1047,24,False
2026-07-22,STORE_1,1047,24,False
2026-07-23,STORE_1,1047,33,False
2026-07-24,STORE_1,1047,30,True
2026-07-25,STORE_1,1047,38,False
2026-07-26,STORE_1,1047,31,False
2026-07-27,STORE_1,1047,11,False
2026-07-28,STORE_1,1047,3,False
2026-07-29,STORE_1,1047,0,False
2026-07-30,STORE_1,1047,9,False
2026-07-31,STORE_1,1047,23,False
2026-08-01,STORE_1,1047,42,False
2026-08-02,STORE_1,1047,24,False
2026-08-03,STORE_1,1047,29,False
2026-08-04,STORE_1,1047,15,False
2026-08-05,STORE_1,1047,14,False
2026-08-06,STORE_1,1047,32,False
2026-08-07,STORE_1,1047,19,False
2026-08-08,STORE_1,1047,28,False
2026-08-09,STORE_1,1047,24,False
2026-08-10,STORE_1,1047,15,False
2026-08-11,STORE_1,1047,24,False
2026-08-12,STORE_1,1047,19,False
2026-08-13,STORE_1,1047,10,False
2026-08-14,STORE_1,1047,17,False
2026-08-15,STORE_1,1047,23,False
2026-08-16,STORE_1,1047,21,False
2026-08-17,STORE_1,1047,21,False
2026-08-18,STORE_1,1047,13,False
2026-08-19,STORE_1,1047,31,False
2026-08-20,STORE_1,1047,19,False
2026-08-21,STORE_1,1047,37,False
2026-08-22,STORE_1,1047,28,False
2026-08-23,STORE_1,1047,20,False
2026-08-24,STORE_1,1047,25,False
2026-08-25,STORE_1,1047,25,False
2026-08-26,STORE_1,1047,8,False
2026-08-27,STORE_1,1047,24,False
2026-08-28,STORE_1,1047,23,False
2026-08-29,STORE_1,1047,33,False
2026-08-30,STORE_1,1047,24,False
2026-08-31,STORE_1,1047,22,False
2026-09-01,STORE_1,1047,28,False
2026-09-02,STORE_1,1047,10,False
2026-09-03,STORE_1,1047,16,False
2026-09-04,STORE_1,1047,26,False
2026-09-05,STORE_1,1047,40,False
2026-09-06,STORE_1,1047,19,False
2026-09-07,STORE_1,1047,27,False
2026-09-08,STORE_1,1047,20,False
2026-09-09,STORE_1,1047,13,False
2026-09-10,STORE_1,1047,13,False
2026-09-11,STORE_1,1047,23,False
2026-09-12,STORE_1,1047,27,False
2026-09-13,STORE_1,1047,38,True
2026-09-14,STORE_1,1047,25,False
2026-09-15,STORE_1,1047,21,False
2026-09-16,STORE_1,1047,24,False
2026-09-17,STORE_1,1047,14,False
2026-09-18,STORE_1,1047,17,False
2026-09-19,STORE_1,1047,45,False
2026-09-20,STORE_1,1047,22,False
2026-09-21,STORE_1,1047,22,False
2026-09-22,STORE_1,1047,13,False
2026-09-23,STORE_1,1047,14,False
2026-09-24,STORE_1,1047,28,False
2026-09-25,STORE_1,1047,29,False
2026-09-26,STORE_1,1047,32,False
2026-09-27,STORE_1,1047,27,False
2026-09-28,STORE_1,1047,16,False
2026-09-29,STORE_1,1047,35,True
2026-09-30,STORE_1,1047,22,False
2025-10-01,STORE_1,1048,28,False
2025-10-02,STORE_1,1048,27,False
2025-10-03,STORE_1,1048,22,False
2025-10-04,STORE_1,1048,42,False
2025-10-05,STORE_1,1048,26,False
2025-10-06,STORE_1,1048,27,False
2025-10-07,STORE_1,1048,30,False
2025-10-08,STORE_1,1048,29,False
2025-10-09,STORE_1,1048,10,False
2025-10-10,STORE_1,1048,33,False
2025-10-11,STORE_1,1048,42,True
2025-10-12,STORE_1,1048,36,False
2025-10-13,STORE_1,1048,29,False
2025-10-14,STORE_1,1048,25,False
2025-10-15,STORE_1,1048,36,False
2025-10-16,STORE_1,1048,23,False
2025-10-17,STORE_1,1048,58,False
2025-10-18,STORE_1,1048,32,False
2025-10-19,STORE_1,1048,38,False
2025-10-20,STORE_1,1048,31,False
2025-10-21,STORE_1,1048,26,False
2025-10-22,STORE_1,1048,36,False
2025-10-23,STORE_1,1048,20,False
2025-10-24,STORE_1,1048,38,True
2025-10-25,STORE_1,1048,51,False
2025-10-26,STORE_1,1048,29,False
2025-10-27,STORE_1,1048,25,False
2025-10-28,STORE_1,1048,45,True
2025-10-29,STORE_1,1048,0,False
2025-10-30,STORE_1,1048,27,False
2025-10-31,STORE_1,1048,36,False
2025-11-01,STORE_1,1048,42,False
2025-11-02,STORE_1,1048,39,False
2025-11-03,STORE_1,1048,28,False
2025-11-04,STORE_1,1048,34,False
2025-11-05,STORE_1,1048,31,False
2025-11-06,STORE_1,1048,34,False
2025-11-07,STORE_1,1048,23,False
2025-11-08,STORE_1,1048,25,False
2025-11-09,STORE_1,1048,27,True
2025-11-10,STORE_1,1048,25,False
2025-11-11,STORE_1,1048,30,False
2025-11-12,STORE_1,1048,39,False
2025-11-13,STORE_1,1048,23,False
2025-11-14,STORE_1,1048,48,True
2025-11-15,STORE_1,1048,16,False
2025-11-16,STORE_1,1048,40,False
2025-11-17,STORE_1,1048,29,False
2025-11-18,STORE_1,1048,39,True
2025-11-19,STORE_1,1048,34,False
2025-11-20,STORE_1,1048,37,False
2025-11-21,STORE_1,1048,43,False
2025-11-22,STORE_1,1048,0,False
2025-11-23,STORE_1,1048,43,False
2025-11-24,STORE_1,1048,28,False
2025-11-25,STORE_1,1048,23,False
2025-11-26,STORE_1,1048,47,False
2025-11-27,STORE_1,1048,22,True
2025-11-28,STORE_1,1048,46,False
2025-11-29,STORE_1,1048,34,False
2025-11-30,STORE_1,1048,42,False
2025-12-01,STORE_1,1048,25,False
2025-12-02,STORE_1,1048,27,False
2025-12-03,STORE_1,1048,30,False
2025-12-04,STORE_1,1048,39,False
2025-12-05,STORE_1,1048,50,False
2025-12-06,STORE_1,1048,50,False
2025-12-07,STORE_1,1048,38,False
2025-12-08,STORE_1,1048,29,False
2025-12-09,STORE_1,1048,52,True
2025-12-10,STORE_1,1048,24,False
2025-12-11,STORE_1,1048,42,False
2025-12-12,STORE_1,1048,40,False
2025-12-13,STORE_1,1048,57,False
2025-12-14,STORE_1,1048,49,False
2025-12-15,STORE_1,1048,25,False
2025-12-16,STORE_1,1048,34,False
2025-12-17,STORE_1,1048,47,True
2025-12-18,STORE_1,1048,0,False
2025-12-19,STORE_1,1048,55,True
2025-12-20,STORE_1,1048,88,False
2025-12-21,STORE_1,1048,30,False
2025-12-22,STORE_1,1048,34,False
2025-12-23,STORE_1,1048,42,False
2025-12-24,STORE_1,1048,39,False
2025-12-25,STORE_1,1048,52,False
2025-12-26,STORE_1,1048,48,False
2025-12-27,STORE_1,1048,0,False
2025-12-28,STORE_1,1048,58,False
2025-12-29,STORE_1,1048,14,False
2025-12-30,STORE_1,1048,30,False
2025-12-31,STORE_1,1048,28,True
2026-01-01,STORE_1,1048,29,False
2026-01-02,STORE_1,1048,58,False
2026-01-03,STORE_1,1048,56,False
2026-01-04,STORE_1,1048,25,False
2026-01-05,STORE_1,1048,21,False
2026-01-06,STORE_1,1048,28,False
2026-01-07,STORE_1,1048,23,False
2026-01-08,STORE_1,1048,36,False
2026-01-09,STORE_1,1048,42,False
2026-01-10,STORE_1,1048,52,False
2026-01-11,STORE_1,1048,30,False
2026-01-12,STORE_1,1048,22,False
2026-01-13,STORE_1,1048,19,False
2026-01-14,STORE_1,1048,36,False
2026-01-15,STORE_1,1048,19,False
2026-01-16,STORE_1,1048,23,False
2026-01-17,STORE_1,1048,42,False
2026-01-18,STORE_1,1048,29,False
2026-01-19,STORE_1,1048,33,False
2026-01-20,STORE_1,1048,15,False
2026-01-21,STORE_1,1048,24,False
2026-01-22,STORE_1,1048,15,False
2026-01-23,STORE_1,1048,33,False
2026-01-24,STORE_1,1048,41,False
2026-01-25,STORE_1,1048,33,False
2026-01-26,STORE_1,1048,25,False
2026-01-27,STORE_1,1048,29,False
2026-01-28,STORE_1,1048,19,False
2026-01-29,STORE_1,1048,31,False
2026-01-30,STORE_1,1048,34,False
2026-01-31,STORE_1,1048,37,False
2026-02-01,STORE_1,1048,37,False
2026-02-02,STORE_1,1048,27,False
2026-02-03,STORE_1,1048,27,False
2026-02-04,STORE_1,1048,39,False
2026-02-05,STORE_1,1048,27,False
2026-02-06,STORE_1,1048,24,False
2026-02-07,STORE_1,1048,31,False
2026-02-08,STORE_1,1048,46,False
2026-02-09,STORE_1,1048,23,False
2026-02-10,STORE_1,1048,23,True
2026-02-11,STORE_1,1048,24,False
2026-02-12,STORE_1,1048,21,False
2026-02-13,STORE_1,1048,37,False
2026-02-14,STORE_1,1048,42,False
2026-02-15,STORE_1,1048,45,False
2026-02-16,STORE_1,1048,0,False
2026-02-17,STORE_1,1048,14,False
2026-02-18,STORE_1,1048,30,False
2026-02-19,STORE_1,1048,25,False
2026-02-20,STORE_1,1048,43,False
2026-02-21,STORE_1,1048,48,False
2026-02-22,STORE_1,1048,31,False
2026-02-23,STORE_1,1048,26,False
2026-02-24,STORE_1,1048,27,False
2026-02-25,STORE_1,1048,23,False
2026-02-26,STORE_1,1048,15,False
2026-02-27,STORE_1,1048,37,False
2026-02-28,STORE_1,1048,51,False
2026-03-01,STORE_1,1048,27,False
2026-03-02,STORE_1,1048,9,False
2026-03-03,STORE_1,1048,30,False
2026-03-04,STORE_1,1048,18,False
2026-03-05,STORE_1,1048,27,False
2026-03-06,STORE_1,1048,35,False
2026-03-07,STORE_1,1048,40,False
2026-03-08,STORE_1,1048,25,False
2026-03-09,STORE_1,1048,18,False
2026-03-10,STORE_1,1048,23,False
2026-03-11,STORE_1,1048,29,False
2026-03-12,STORE_1,1048,23,False
2026-03-13,STORE_1,1048,34,False
2026-03-14,STORE_1,1048,61,False
2026-03-15,STORE_1,1048,35,False
2026-03-16,STORE_1,1048,24,False
2026-03-17,STORE_1,1048,24,False
2026-03-18,STORE_1,1048,37,False
2026-03-19,STORE_1,1048,33,False
2026-03-20,STORE_1,1048,29,False
2026-03-21,STORE_1,1048,47,False
2026-03-22,STORE_1,1048,24,False
2026-03-23,STORE_1,1048,26,False
2026-03-24,STORE_1,1048,39,True
2026-03-25,STORE_1,1048,26,False
2026-03-26,STORE_1,1048,37,False
2026-03-27,STORE_1,1048,42,False
2026-03-28,STORE_1,1048,43,True
2026-03-29,STORE_1,1048,38,False
2026-03-30,STORE_1,1048,34,False
2026-03-31,STORE_1,1048,27,False
2026-04-01,STORE_1,1048,26,False
2026-04-02,STORE_1,1048,67,True
2026-04-03,STORE_1,1048,30,False
2026-04-04,STORE_1,1048,38,False
2026-04-05,STORE_1,1048,39,False
2026-04-06,STORE_1,1048,32,True
2026-04-07,STORE_1,1048,28,False
2026-04-08,STORE_1,1048,32,False
2026-04-09,STORE_1,1048,29,False
2026-04-10,STORE_1,1048,30,True
2026-04-11,STORE_1,1048,38,False
2026-04-12,STORE_1,1048,54,False
2026-04-13,STORE_1,1048,26,False
2026-04-14,STORE_1,1048,0,False
2026-04-15,STORE_1,1048,28,False
2026-04-16,STORE_1,1048,22,False
2026-04-17,STORE_1,1048,29,False
2026-04-18,STORE_1,1048,42,False
2026-04-19,STORE_1,1048,46,False
2026-04-20,STORE_1,1048,25,False
2026-04-21,STORE_1,1048,24,False
2026-04-22,STORE_1,1048,26,False
2026-04-23,STORE_1,1048,21,False
2026-04-24,STORE_1,1048,33,False
2026-04-25,STORE_1,1048,50,True
2026-04-26,STORE_1,1048,30,False
2026-04-27,STORE_1,1048,21,False
2026-04-28,STORE_1,1048,19,False
2026-04-29,STORE_1,1048,17,False
2026-04-30,STORE_1,1048,33,False
2026-05-01,STORE_1,1048,42,False
2026-05-02,STORE_1,1048,23,False
2026-05-03,STORE_1,1048,0,False
2026-05-04,STORE_1,1048,25,False
2026-05-05,STORE_1,1048,10,False
2026-05-06,STORE_1,1048,18,False
2026-05-07,STORE_1,1048,28,False
2026-05-08,STORE_1,1048,41,False
2026-05-09,STORE_1,1048,45,False
2026-05-10,STORE_1,1048,22,False
2026-05-11,STORE_1,1048,19,False
2026-05-12,STORE_1,1048,26,False
2026-05-13,STORE_1,1048,29,False
2026-05-14,STORE_1,1048,18,False
2026-05-15,STORE_1,1048,39,False
2026-05-16,STORE_1,1048,39,False
2026-05-17,STORE_1,1048,31,False
2026-05-18,STORE_1,1048,36,False
2026-05-19,STORE_1,1048,23,False
2026-05-20,STORE_1,1048,22,False
2026-05-21,STORE_1,1048,34,False
2026-05-22,STORE_1,1048,42,False
2026-05-23,STORE_1,1048,53,False
2026-05-24,STORE_1,1048,38,False
2026-05-25,STORE_1,1048,30,False
2026-05-26,STORE_1,1048,24,False
2026-05-27,STORE_1,1048,0,False
2026-05-28,STORE_1,1048,31,False
2026-05-29,STORE_1,1048,44,False
2026-05-30,STORE_1,1048,0,False
2026-05-31,STORE_1,1048,24,False
2026-06-01,STORE_1,1048,26,False
2026-06-02,STORE_1,1048,24,False
2026-06-03,STORE_1,1048,26,False
2026-06-04,STORE_1,1048,16,False
2026-06-05,STORE_1,1048,32,False
2026-06-06,STORE_1,1048,65,False
2026-06-07,STORE_1,1048,34,False
2026-06-08,STORE_1,1048,32,False
2026-06-09,STORE_1,1048,26,False
2026-06-10,STORE_1,1048,39,False
2026-06-11,STORE_1,1048,31,False
2026-06-12,STORE_1,1048,37,False
2026-06-13,STORE_1,1048,27,False
2026-06-14,STORE_1,1048,23,False
2026-06-15,STORE_1,1048,22,False
2026-06-16,STORE_1,1048,23,False
2026-06-17,STORE_1,1048,18,False
2026-06-18,STORE_1,1048,29,False
2026-06-19,STORE_1,1048,36,False
2026-06-20,STORE_1,1048,58,False
2026-06-21,STORE_1,1048,49,False
2026-06-22,STORE_1,1048,31,False
2026-06-23,STORE_1,1048,29,False
2026-06-24,STORE_1,1048,34,True
2026-06-25,STORE_1,1048,55,True
2026-06-26,STORE_1,1048,24,False
2026-06-27,STORE_1,1048,49,False
2026-06-28,STORE_1,1048,24,False
2026-06-29,STORE_1,1048,19,False
2026-06-30,STORE_1,1048,31,False
2026-07-01,STORE_1,1048,21,False
2026-07-02,STORE_1,1048,22,False
2026-07-03,STORE_1,1048,0,False
2026-07-04,STORE_1,1048,48,False
2026-07-05,STORE_1,1048,36,True
2026-07-06,STORE_1,1048,55,True
2026-07-07,STORE_1,1048,28,False
2026-07-08,STORE_1,1048,18,False
2026-07-09,STORE_1,1048,25,False
2026-07-10,STORE_1,1048,62,True
2026-07-11,STORE_1,1048,45,False
2026-07-12,STORE_1,1048,71,True
2026-07-13,STORE_1,1048,27,False
2026-07-14,STORE_1,1048,31,False
2026-07-15,STORE_1,1048,32,False
2026-07-16,STORE_1,1048,0,False
2026-07-17,STORE_1,1048,16,False
2026-07-18,STORE_1,1048,41,False
2026-07-19,STORE_1,1048,0,False
2026-07-20,STORE_1,1048,37,True
2026-07-21,STORE_1,1048,36,False
2026-07-22,STORE_1,1048,38,False
2026-07-23,STORE_1,1048,16,False
2026-07-24,STORE_1,1048,49,False
2026-07-25,STORE_1,1048,58,False
2026-07-26,STORE_1,1048,16,False
2026-07-27,STORE_1,1048,30,False
2026-07-28,STORE_1,1048,15,False
2026-07-29,STORE_1,1048,26,False
2026-07-30,STORE_1,1048,35,True
2026-07-31,STORE_1,1048,63,False
2026-08-01,STORE_1,1048,48,False
2026-08-02,STORE_1,1048,37,False
2026-08-03,STORE_1,1048,20,False
2026-08-04,STORE_1,1048,21,False
2026-08-05,STORE_1,1048,30,False
2026-08-06,STORE_1,1048,25,False
2026-08-07,STORE_1,1048,36,False
2026-08-08,STORE_1,1048,24,False
2026-08-09,STORE_1,1048,34,False
2026-08-10,STORE_1,1048,13,False
2026-08-11,STORE_1,1048,16,False
2026-08-12,STORE_1,1048,33,False
2026-08-13,STORE_1,1048,30,False
2026-08-14,STORE_1,1048,30,False
2026-08-15,STORE_1,1048,39,False
2026-08-16,STORE_1,1048,31,True
2026-08-17,STORE_1,1048,22,False
2026-08-18,STORE_1,1048,18,False
2026-08-19,STORE_1,1048,34,False
2026-08-20,STORE_1,1048,0,False
2026-08-21,STORE_1,1048,16,False
2026-08-22,STORE_1,1048,53,False
2026-08-23,STORE_1,1048,0,False
2026-08-24,STORE_1,1048,30,False
2026-08-25,STORE_1,1048,17,False
2026-08-26,STORE_1,1048,23,False
2026-08-27,STORE_1,1048,29,False
2026-08-28,STORE_1,1048,42,False
2026-08-29,STORE_1,1048,35,False
2026-08-30,STORE_1,1048,38,False
2026-08-31,STORE_1,1048,36,False
2026-09-01,STORE_1,1048,35,False
2026-09-02,STORE_1,1048,30,False
2026-09-03,STORE_1,1048,24,False
2026-09-04,STORE_1,1048,34,False
2026-09-05,STORE_1,1048,46,False
2026-09-06,STORE_1,1048,38,False
2026-09-07,STORE_1,1048,32,False
2026-09-08,STORE_1,1048,27,False
2026-09-09,STORE_1,1048,27,False
2026-09-10,STORE_1,1048,16,False
2026-09-11,STORE_1,1048,30,False
2026-09-12,STORE_1,1048,32,False
2026-09-13,STORE_1,1048,31,False
2026-09-14,STORE_1,1048,30,False
2026-09-15,STORE_1,1048,35,False
2026-09-16,STORE_1,1048,13,False
2026-09-17,STORE_1,1048,29,False
2026-09-18,STORE_1,1048,47,False
2026-09-19,STORE_1,1048,29,False
2026-09-20,STORE_1,1048,40,False
2026-09-21,STORE_1,1048,23,True
2026-09-22,STORE_1,1048,27,False
2026-09-23,STORE_1,1048,22,False
2026-09-24,STORE_1,1048,44,True
2026-09-25,STORE_1,1048,51,False
2026-09-26,STORE_1,1048,60,False
2026-09-27,STORE_1,1048,37,False
2026-09-28,STORE_1,1048,22,False
2026-09-29,STORE_1,1048,16,False
2026-09-30,STORE_1,1048,20,False
2025-10-01,STORE_1,1049,15,False
2025-10-02,STORE_1,1049,18,False
2025-10-03,STORE_1,1049,34,True
2025-10-04,STORE_1,1049,22,False
2025-10-05,STORE_1,1049,33,False
2025-10-06,STORE_1,1049,18,False
2025-10-07,STORE_1,1049,15,False
2025-10-08,STORE_1,1049,22,False
2025-10-09,STORE_1,1049,15,False
2025-10-10,STORE_1,1049,22,False
2025-10-11,STORE_1,1049,39,False
2025-10-12,STORE_1,1049,26,False
2025-10-13,STORE_1,1049,14,False
2025-10-14,STORE_1,1049,22,False
2025-10-15,STORE_1,1049,17,False
2025-10-16,STORE_1,1049,23,False
2025-10-17,STORE_1,1049,32,False
2025-10-18,STORE_1,1049,32,False
2025-10-19,STORE_1,1049,19,False
2025-10-20,STORE_1,1049,23,False
2025-10-21,STORE_1,1049,13,False
2025-10-22,STORE_1,1049,20,False
2025-10-23,STORE_1,1049,27,False
2025-10-24,STORE_1,1049,43,False
2025-10-25,STORE_1,1049,35,False
2025-10-26,STORE_1,1049,24,False
2025-10-27,STORE_1,1049,0,False
2025-10-28,STORE_1,1049,23,False
2025-10-29,STORE_1,1049,25,False
2025-10-30,STORE_1,1049,26,False
2025-10-31,STORE_1,1049,35,False
2025-11-01,STORE_1,1049,24,False
2025-11-02,STORE_1,1049,29,False
2025-11-03,STORE_1,1049,24,False
2025-11-04,STORE_1,1049,11,False
2025-11-05,STORE_1,1049,26,True
2025-11-06,STORE_1,1049,13,False
2025-11-07,STORE_1,1049,28,False
2025-11-08,STORE_1,1049,19,False
2025-11-09,STORE_1,1049,21,False
2025-11-10,STORE_1,1049,18,False
2025-11-11,STORE_1,1049,18,False
2025-11-12,STORE_1,1049,17,False
2025-11-13,STORE_1,1049,21,False
2025-11-14,STORE_1,1049,27,False
2025-11-15,STORE_1,1049,22,False
2025-11-16,STORE_1,1049,21,False
2025-11-17,STORE_1,1049,29,False
2025-11-18,STORE_1,1049,8,False
2025-11-19,STORE_1,1049,20,False
2025-11-20,STORE_1,1049,31,False
2025-11-21,STORE_1,1049,35,False
2025-11-22,STORE_1,1049,44,False
2025-11-23,STORE_1,1049,48,False
2025-11-24,STORE_1,1049,25,False
2025-11-25,STORE_1,1049,26,False
2025-11-26,STORE_1,1049,21,False
2025-11-27,STORE_1,1049,29,False
2025-11-28,STORE_1,1049,29,False
2025-11-29,STORE_1,1049,61,True
2025-11-30,STORE_1,1049,28,False
2025-12-01,STORE_1,1049,23,False
2025-12-02,STORE_1,1049,17,False
2025-12-03,STORE_1,1049,33,False
2025-12-04,STORE_1,1049,17,False
2025-12-05,STORE_1,1049,33,False
2025-12-06,STORE_1,1049,29,False
2025-12-07,STORE_1,1049,41,False
2025-12-08,STORE_1,1049,21,False
2025-12-09,STORE_1,1049,31,False
2025-12-10,STORE_1,1049,18,False
2025-12-11,STORE_1,1049,44,False
2025-12-12,STORE_1,1049,33,False
2025-12-13,STORE_1,1049,36,False
2025-12-14,STORE_1,1049,40,False
2025-12-15,STORE_1,1049,28,False
2025-12-16,STORE_1,1049,22,False
2025-12-17,STORE_1,1049,22,False
2025-12-18,STORE_1,1049,41,False
2025-12-19,STORE_1,1049,35,False
2025-12-20,STORE_1,1049,39,False
2025-12-21,STORE_1,1049,23,False
2025-12-22,STORE_1,1049,35,False
2025-12-23,STORE_1,1049,19,False
2025-12-24,STORE_1,1049,19,False
2025-12-25,STORE_1,1049,36,False
2025-12-26,STORE_1,1049,10,False
2025-12-27,STORE_1,1049,42,False
2025-12-28,STORE_1,1049,29,False
2025-12-29,STORE_1,1049,24,False
2025-12-30,STORE_1,1049,0,False
2025-12-31,STORE_1,1049,26,False
2026-01-01,STORE_1,1049,23,True
2026-01-02,STORE_1,1049,43,False
2026-01-03,STORE_1,1049,28,False
2026-01-04,STORE_1,1049,32,False
2026-01-05,STORE_1,1049,31,False
2026-01-06,STORE_1,1049,13,False
2026-01-07,STORE_1,1049,23,False
2026-01-08,STORE_1,1049,16,False
2026-01-09,STORE_1,1049,22,False
2026-01-10,STORE_1,1049,30,False
2026-01-11,STORE_1,1049,38,False
2026-01-12,STORE_1,1049,18,False
2026-01-13,STORE_1,1049,18,False
2026-01-14,STORE_1,1049,20,False
2026-01-15,STORE_1,1049,21,False
2026-01-16,STORE_1,1049,19,False
2026-01-17,STORE_1,1049,40,False
2026-01-18,STORE_1,1049,22,False
2026-01-19,STORE_1,1049,12,False
2026-01-20,STORE_1,1049,20,False
2026-01-21,STORE_1,1049,26,False
2026-01-22,STORE_1,1049,17,False
2026-01-23,STORE_1,1049,25,False
2026-01-24,STORE_1,1049,30,False
2026-01-25,STORE_1,1049,40,True
2026-01-26,STORE_1,1049,0,False
2026-01-27,STORE_1,1049,26,False
2026-01-28,STORE_1,1049,19,False
2026-01-29,STORE_1,1049,24,False
2026-01-30,STORE_1,1049,24,False
2026-01-31,STORE_1,1049,33,False
2026-02-01,STORE_1,1049,27,False
2026-02-02,STORE_1,1049,23,False
2026-02-03,STORE_1,1049,16,False
2026-02-04,STORE_1,1049,18,False
2026-02-05,STORE_1,1049,27,False
2026-02-06,STORE_1,1049,24,False
2026-02-07,STORE_1,1049,22,False
2026-02-08,STORE_1,1049,21,False
2026-02-09,STORE_1,1049,24,False
2026-02-10,STORE_1,1049,23,False
2026-02-11,STORE_1,1049,23,False
2026-02-12,STORE_1,1049,28,False
2026-02-13,STORE_1,1049,38,False
2026-02-14,STORE_1,1049,32,True
2026-02-15,STORE_1,1049,15,False
2026-02-16,STORE_1,1049,14,False
2026-02-17,STORE_1,1049,24,False
2026-02-18,STORE_1,1049,16,False
2026-02-19,STORE_1,1049,28,False
2026-02-20,STORE_1,1049,37,False
2026-02-21,STORE_1,1049,42,False
2026-02-22,STORE_1,1049,20,False
2026-02-23,STORE_1,1049,29,True
2026-02-24,STORE_1,1049,20,False
2026-02-25,STORE_1,1049,21,False
2026-02-26,STORE_1,1049,18,False
2026-02-27,STORE_1,1049,34,False
2026-02-28,STORE_1,1049,30,False
2026-03-01,STORE_1,1049,30,False
2026-03-02,STORE_1,1049,20,False
2026-03-03,STORE_1,1049,15,False
2026-03-04,STORE_1,1049,17,False
2026-03-05,STORE_1,1049,17,False
2026-03-06,STORE_1,1049,17,False
2026-03-07,STORE_1,1049,32,False
2026-03-08,STORE_1,1049,19,False
2026-03-09,STORE_1,1049,13,False
2026-03-10,STORE_1,1049,22,False
2026-03-11,STORE_1,1049,26,False
2026-03-12,STORE_1,1049,18,False
2026-03-13,STORE_1,1049,51,False
2026-03-14,STORE_1,1049,36,False
2026-03-15,STORE_1,1049,26,False
2026-03-16,STORE_1,1049,10,False
2026-03-17,STORE_1,1049,21,False
2026-03-18,STORE_1,1049,14,False
2026-03-19,STORE_1,1049,16,False
2026-03-20,STORE_1,1049,28,True
2026-03-21,STORE_1,1049,33,False
2026-03-22,STORE_1,1049,24,False
2026-03-23,STORE_1,1049,22,False
2026-03-24,STORE_1,1049,13,False
2026-03-25,STORE_1,1049,16,False
2026-03-26,STORE_1,1049,37,True
2026-03-27,STORE_1,1049,35,False
2026-03-28,STORE_1,1049,40,False
2026-03-29,STORE_1,1049,22,False
2026-03-30,STORE_1,1049,21,False
2026-03-31,STORE_1,1049,25,False
2026-04-01,STORE_1,1049,31,True
2026-04-02,STORE_1,1049,22,False
2026-04-03,STORE_1,1049,27,False
2026-04-04,STORE_1,1049,31,False
2026-04-05,STORE_1,1049,19,False
2026-04-06,STORE_1,1049,17,False
2026-04-07,STORE_1,1049,13,False
2026-04-08,STORE_1,1049,22,False
2026-04-09,STORE_1,1049,18,False
2026-04-10,STORE_1,1049,38,False
2026-04-11,STORE_1,1049,31,False
2026-04-12,STORE_1,1049,20,False
2026-04-13,STORE_1,1049,26,True
2026-04-14,STORE_1,1049,20,False
2026-04-15,STORE_1,1049,14,False
2026-04-16,STORE_1,1049,3,False
2026-04-17,STORE_1,1049,37,False
2026-04-18,STORE_1,1049,48,False
2026-04-19,STORE_1,1049,30,False
2026-04-20,STORE_1,1049,0,False
2026-04-21,STORE_1,1049,0,False
2026-04-22,STORE_1,1049,22,False
2026-04-23,STORE_1,1049,18,False
2026-04-24,STORE_1,1049,18,False
2026-04-25,STORE_1,1049,39,False
2026-04-26,STORE_1,1049,30,False
2026-04-27,STORE_1,1049,23,True
2026-04-28,STORE_1,1049,24,False
2026-04-29,STORE_1,1049,17,False
2026-04-30,STORE_1,1049,18,True
2026-05-01,STORE_1,1049,35,True
2026-05-02,STORE_1,1049,28,False
2026-05-03,STORE_1,1049,26,False
2026-05-04,STORE_1,1049,16,False
2026-05-05,STORE_1,1049,24,False
2026-05-06,STORE_1,1049,31,True
2026-05-07,STORE_1,1049,31,False
2026-05-08,STORE_1,1049,43,True
2026-05-09,STORE_1,1049,34,False
2026-05-10,STORE_1,1049,32,False
2026-05-11,STORE_1,1049,21,False
2026-05-12,STORE_1,1049,21,False
2026-05-13,STORE_1,1049,21,False
2026-05-14,STORE_1,1049,20,False
2026-05-15,STORE_1,1049,44,False
2026-05-16,STORE_1,1049,12,False
2026-05-17,STORE_1,1049,18,False
2026-05-18,STORE_1,1049,19,False
2026-05-19,STORE_1,1049,22,False
2026-05-20,STORE_1,1049,14,False
2026-05-21,STORE_1,1049,30,False
2026-05-22,STORE_1,1049,25,False
2026-05-23,STORE_1,1049,32,False
2026-05-24,STORE_1,1049,30,False
2026-05-25,STORE_1,1049,24,False
2026-05-26,STORE_1,1049,19,False
2026-05-27,STORE_1,1049,25,False
2026-05-28,STORE_1,1049,22,False
2026-05-29,STORE_1,1049,33,False
2026-05-30,STORE_1,1049,24,False
2026-05-31,STORE_1,1049,22,False
2026-06-01,STORE_1,1049,23,True
2026-06-02,STORE_1,1049,24,False
2026-06-03,STORE_1,1049,20,False
2026-06-04,STORE_1,1049,20,False
2026-06-05,STORE_1,1049,25,False
2026-06-06,STORE_1,1049,38,False
2026-06-07,STORE_1,1049,28,False
2026-06-08,STORE_1,1049,24,False
2026-06-09,STORE_1,1049,25,False
2026-06-10,STORE_1,1049,19,False
2026-06-11,STORE_1,1049,25,False
2026-06-12,STORE_1,1049,27,False
2026-06-13,STORE_1,1049,28,False
2026-06-14,STORE_1,1049,28,False
2026-06-15,STORE_1,1049,24,True
2026-06-16,STORE_1,1049,14,False
2026-06-17,STORE_1,1049,11,False
2026-06-18,STORE_1,1049,19,False
2026-06-19,STORE_1,1049,21,False
2026-06-20,STORE_1,1049,34,False
2026-06-21,STORE_1,1049,33,False
2026-06-22,STORE_1,1049,22,False
2026-06-23,STORE_1,1049,16,False
2026-06-24,STORE_1,1049,17,False
2026-06-25,STORE_1,1049,16,False
2026-06-26,STORE_1,1049,31,False
2026-06-27,STORE_1,1049,60,True
2026-06-28,STORE_1,1049,13,False
2026-06-29,STORE_1,1049,41,True
2026-06-30,STORE_1,1049,16,False
2026-07-01,STORE_1,1049,19,False
2026-07-02,STORE_1,1049,26,False
2026-07-03,STORE_1,1049,37,False
2026-07-04,STORE_1,1049,58,True
2026-07-05,STORE_1,1049,36,False
2026-07-06,STORE_1,1049,20,True
2026-07-07,STORE_1,1049,17,False
2026-07-08,STORE_1,1049,35,True
2026-07-09,STORE_1,1049,32,True
2026-07-10,STORE_1,1049,27,False
2026-07-11,STORE_1,1049,33,True
2026-07-12,STORE_1,1049,0,False
2026-07-13,STORE_1,1049,16,False
2026-07-14,STORE_1,1049,23,False
2026-07-15,STORE_1,1049,13,False
2026-07-16,STORE_1,1049,30,False
2026-07-17,STORE_1,1049,34,False
2026-07-18,STORE_1,1049,23,False
2026-07-19,STORE_1,1049,10,False
2026-07-20,STORE_1,1049,16,False
2026-07-21,STORE_1,1049,20,False
2026-07-22,STORE_1,1049,20,False
2026-07-23,STORE_1,1049,12,False
2026-07-24,STORE_1,1049,22,False
2026-07-25,STORE_1,1049,41,False
2026-07-26,STORE_1,1049,21,False
2026-07-27,STORE_1,1049,11,False
2026-07-28,STORE_1,1049,22,False
2026-07-29,STORE_1,1049,22,False
2026-07-30,STORE_1,1049,18,False
2026-07-31,STORE_1,1049,15,False
2026-08-01,STORE_1,1049,32,False
2026-08-02,STORE_1,1049,25,False
2026-08-03,STORE_1,1049,17,True
2026-08-04,STORE_1,1049,21,False
2026-08-05,STORE_1,1049,20,False
2026-08-06,STORE_1,1049,12,False
2026-08-07,STORE_1,1049,38,False
2026-08-08,STORE_1,1049,32,False
2026-08-09,STORE_1,1049,22,False
2026-08-10,STORE_1,1049,24,False
2026-08-11,STORE_1,1049,7,False
2026-08-12,STORE_1,1049,26,False
2026-08-13,STORE_1,1049,16,False
2026-08-14,STORE_1,1049,19,False
2026-08-15,STORE_1,1049,28,False
2026-08-16,STORE_1,1049,29,False
2026-08-17,STORE_1,1049,28,False
2026-08-18,STORE_1,1049,14,True
2026-08-19,STORE_1,1049,18,False
2026-08-20,STORE_1,1049,22,False
2026-08-21,STORE_1,1049,51,True
2026-08-22,STORE_1,1049,31,False
2026-08-23,STORE_1,1049,23,False
2026-08-24,STORE_1,1049,23,False
2026-08-25,STORE_1,1049,20,False
2026-08-26,STORE_1,1049,17,False
2026-08-27,STORE_1,1049,22,False
2026-08-28,STORE_1,1049,26,False
2026-08-29,STORE_1,1049,32,False
2026-08-30,STORE_1,1049,0,False
2026-08-31,STORE_1,1049,11,False
2026-09-01,STORE_1,1049,16,False
2026-09-02,STORE_1,1049,21,False
2026-09-03,STORE_1,1049,18,False
2026-09-04,STORE_1,1049,30,False
2026-09-05,STORE_1,1049,40,False
2026-09-06,STORE_1,1049,25,False
2026-09-07,STORE_1,1049,19,False
2026-09-08,STORE_1,1049,17,False
2026-09-09,STORE_1,1049,19,False
2026-09-10,STORE_1,1049,30,False
2026-09-11,STORE_1,1049,18,False
2026-09-12,STORE_1,1049,34,False
2026-09-13,STORE_1,1049,15,False
2026-09-14,STORE_1,1049,32,False
2026-09-15,STORE_1,1049,31,False
2026-09-16,STORE_1,1049,16,False
2026-09-17,STORE_1,1049,15,False
2026-09-18,STORE_1,1049,26,False
2026-09-19,STORE_1,1049,0,False
2026-09-20,STORE_1,1049,22,False
2026-09-21,STORE_1,1049,25,False
2026-09-22,STORE_1,1049,21,False
2026-09-23,STORE_1,1049,26,True
2026-09-24,STORE_1,1049,22,False
2026-09-25,STORE_1,1049,18,False
2026-09-26,STORE_1,1049,38,False
2026-09-27,STORE_1,1049,14,False
2026-09-28,STORE_1,1049,30,False
2026-09-29,STORE_1,1049,22,False
2026-09-30,STORE_1,1049,18,False
2025-10-01,STORE_1,1050,22,False
2025-10-02,STORE_1,1050,21,True
2025-10-03,STORE_1,1050,0,False
2025-10-04,STORE_1,1050,13,False
2025-10-05,STORE_1,1050,35,False
2025-10-06,STORE_1,1050,18,False
2025-10-07,STORE_1,1050,20,True
2025-10-08,STORE_1,1050,7,False
2025-10-09,STORE_1,1050,27,False
2025-10-10,STORE_1,1050,22,False
2025-10-11,STORE_1,1050,42,True
2025-10-12,STORE_1,1050,19,False
2025-10-13,STORE_1,1050,20,False
2025-10-14,STORE_1,1050,20,False
2025-10-15,STORE_1,1050,14,False
2025-10-16,STORE_1,1050,22,False
2025-10-17,STORE_1,1050,23,False
2025-10-18,STORE_1,1050,37,False
2025-10-19,STORE_1,1050,21,False
2025-10-20,STORE_1,1050,17,False
2025-10-21,STORE_1,1050,6,False
2025-10-22,STORE_1,1050,23,False
2025-10-23,STORE_1,1050,18,False
2025-10-24,STORE_1,1050,23,False
2025-10-25,STORE_1,1050,37,False
2025-10-26,STORE_1,1050,11,False
2025-10-27,STORE_1,1050,20,False
2025-10-28,STORE_1,1050,13,False
2025-10-29,STORE_1,1050,10,True
2025-10-30,STORE_1,1050,25,False
2025-10-31,STORE_1,1050,23,False
2025-11-01,STORE_1,1050,22,False
2025-11-02,STORE_1,1050,24,False
2025-11-03,STORE_1,1050,16,False
2025-11-04,STORE_1,1050,24,True
2025-11-05,STORE_1,1050,14,False
2025-11-06,STORE_1,1050,24,False
2025-11-07,STORE_1,1050,39,False
2025-11-08,STORE_1,1050,18,False
2025-11-09,STORE_1,1050,18,False
2025-11-10,STORE_1,1050,11,False
2025-11-11,STORE_1,1050,7,False
2025-11-12,STORE_1,1050,14,False
2025-11-13,STORE_1,1050,16,False
2025-11-14,STORE_1,1050,30,False
2025-11-15,STORE_1,1050,36,False
2025-11-16,STORE_1,1050,24,False
2025-11-17,STORE_1,1050,23,False
2025-11-18,STORE_1,1050,19,True
2025-11-19,STORE_1,1050,16,False
2025-11-20,STORE_1,1050,18,False
2025-11-21,STORE_1,1050,27,False
2025-11-22,STORE_1,1050,27,False
2025-11-23,STORE_1,1050,0,False
2025-11-24,STORE_1,1050,27,False
2025-11-25,STORE_1,1050,0,False
2025-11-26,STORE_1,1050,23,False
2025-11-27,STORE_1,1050,24,False
2025-11-28,STORE_1,1050,24,False
2025-11-29,STORE_1,1050,33,False
2025-11-30,STORE_1,1050,31,False
2025-12-01,STORE_1,1050,28,False
2025-12-02,STORE_1,1050,22,False
2025-12-03,STORE_1,1050,20,False
2025-12-04,STORE_1,1050,23,False
2025-12-05,STORE_1,1050,31,True
2025-12-06,STORE_1,1050,26,False
2025-12-07,STORE_1,1050,33,False
2025-12-08,STORE_1,1050,26,False
2025-12-09,STORE_1,1050,22,False
2025-12-10,STORE_1,1050,16,False
2025-12-11,STORE_1,1050,19,False
2025-12-12,STORE_1,1050,35,False
2025-12-13,STORE_1,1050,23,False
2025-12-14,STORE_1,1050,16,False
2025-12-15,STORE_1,1050,20,False
2025-12-16,STORE_1,1050,22,False
2025-12-17,STORE_1,1050,13,False
2025-12-18,STORE_1,1050,28,False
2025-12-19,STORE_1,1050,31,False
2025-12-20,STORE_1,1050,26,False
2025-12-21,STORE_1,1050,30,False
2025-12-22,STORE_1,1050,11,False
2025-12-23,STORE_1,1050,22,True
2025-12-24,STORE_1,1050,21,False
2025-12-25,STORE_1,1050,24,False
2025-12-26,STORE_1,1050,31,False
2025-12-27,STORE_1,1050,50,False
2025-12-28,STORE_1,1050,0,False
2025-12-29,STORE_1,1050,14,False
2025-12-30,STORE_1,1050,17,False
2025-12-31,STORE_1,1050,39,False
2026-01-01,STORE_1,1050,43,True
2026-01-02,STORE_1,1050,21,False
2026-01-03,STORE_1,1050,14,False
2026-01-04,STORE_1,1050,24,False
2026-01-05,STORE_1,1050,17,False
2026-01-06,STORE_1,1050,21,False
2026-01-07,STORE_1,1050,15,False
2026-01-08,STORE_1,1050,25,False
2026-01-09,STORE_1,1050,28,False
2026-01-10,STORE_1,1050,32,False
2026-01-11,STORE_1,1050,24,False
2026-01-12,STORE_1,1050,18,False
2026-01-13,STORE_1,1050,12,False
2026-01-14,STORE_1,1050,17,False
2026-01-15,STORE_1,1050,13,False
2026-01-16,STORE_1,1050,24,False
2026-01-17,STORE_1,1050,19,False
2026-01-18,STORE_1,1050,28,False
2026-01-19,STORE_1,1050,17,False
2026-01-20,STORE_1,1050,13,False
2026-01-21,STORE_1,1050,15,False
2026-01-22,STORE_1,1050,19,False
2026-01-23,STORE_1,1050,13,False
2026-01-24,STORE_1,1050,39,False
2026-01-25,STORE_1,1050,26,False
2026-01-26,STORE_1,1050,18,False
2026-01-27,STORE_1,1050,15,False
2026-01-28,STORE_1,1050,23,False
2026-01-29,STORE_1,1050,28,False
2026-01-30,STORE_1,1050,43,True
2026-01-31,STORE_1,1050,30,False
2026-02-01,STORE_1,1050,16,False
2026-02-02,STORE_1,1050,20,False
2026-02-03,STORE_1,1050,7,False
2026-02-04,STORE_1,1050,22,False
2026-02-05,STORE_1,1050,17,False
2026-02-06,STORE_1,1050,15,False
2026-02-07,STORE_1,1050,0,False
2026-02-08,STORE_1,1050,21,False
2026-02-09,STORE_1,1050,12,False
2026-02-10,STORE_1,1050,24,False
2026-02-11,STORE_1,1050,18,False
2026-02-12,STORE_1,1050,23,False
2026-02-13,STORE_1,1050,23,False
2026-02-14,STORE_1,1050,39,True
2026-02-15,STORE_1,1050,46,True
2026-02-16,STORE_1,1050,22,False
2026-02-17,STORE_1,1050,19,False
2026-02-18,STORE_1,1050,28,True
2026-02-19,STORE_1,1050,13,False
2026-02-20,STORE_1,1050,21,False
2026-02-21,STORE_1,1050,26,False
2026-02-22,STORE_1,1050,29,False
2026-02-23,STORE_1,1050,16,False
2026-02-24,STORE_1,1050,13,False
2026-02-25,STORE_1,1050,19,False
2026-02-26,STORE_1,1050,15,False
2026-02-27,STORE_1,1050,24,False
2026-02-28,STORE_1,1050,35,False
2026-03-01,STORE_1,1050,21,False
2026-03-02,STORE_1,1050,16,False
2026-03-03,STORE_1,1050,26,False
2026-03-04,STORE_1,1050,22,False
2026-03-05,STORE_1,1050,25,False
2026-03-06,STORE_1,1050,36,True
2026-03-07,STORE_1,1050,34,False
2026-03-08,STORE_1,1050,24,False
2026-03-09,STORE_1,1050,19,False
2026-03-10,STORE_1,1050,17,False
2026-03-11,STORE_1,1050,21,False
2026-03-12,STORE_1,1050,19,False
2026-03-13,STORE_1,1050,11,False
2026-03-14,STORE_1,1050,21,False
2026-03-15,STORE_1,1050,18,False
2026-03-16,STORE_1,1050,16,False
2026-03-17,STORE_1,1050,16,False
2026-03-18,STORE_1,1050,24,False
2026-03-19,STORE_1,1050,20,False
2026-03-20,STORE_1,1050,27,False
2026-03-21,STORE_1,1050,27,False
2026-03-22,STORE_1,1050,23,False
2026-03-23,STORE_1,1050,19,False
2026-03-24,STORE_1,1050,20,True
2026-03-25,STORE_1,1050,17,False
2026-03-26,STORE_1,1050,18,False
2026-03-27,STORE_1,1050,27,False
2026-03-28,STORE_1,1050,28,False
2026-03-29,STORE_1,1050,31,False
2026-03-30,STORE_1,1050,22,False
2026-03-31,STORE_1,1050,10,False
2026-04-01,STORE_1,1050,17,False
2026-04-02,STORE_1,1050,18,False
2026-04-03,STORE_1,1050,36,False
2026-04-04,STORE_1,1050,42,False
2026-04-05,STORE_1,1050,33,False
2026-04-06,STORE_1,1050,0,False
2026-04-07,STORE_1,1050,16,False
2026-04-08,STORE_1,1050,24,False
2026-04-09,STORE_1,1050,17,False
2026-04-10,STORE_1,1050,20,False
2026-04-11,STORE_1,1050,22,False
2026-04-12,STORE_1,1050,16,False
2026-04-13,STORE_1,1050,17,False
2026-04-14,STORE_1,1050,20,False
2026-04-15,STORE_1,1050,21,False
2026-04-16,STORE_1,1050,14,False
2026-04-17,STORE_1,1050,31,False
2026-04-18,STORE_1,1050,28,False
2026-04-19,STORE_1,1050,12,False
2026-04-20,STORE_1,1050,21,False
2026-04-21,STORE_1,1050,21,False
2026-04-22,STORE_1,1050,15,False
2026-04-23,STORE_1,1050,12,True
2026-04-24,STORE_1,1050,18,False
2026-04-25,STORE_1,1050,0,False
2026-04-26,STORE_1,1050,21,False
2026-04-27,STORE_1,1050,18,False
2026-04-28,STORE_1,1050,7,False
2026-04-29,STORE_1,1050,15,False
2026-04-30,STORE_1,1050,19,False
2026-05-01,STORE_1,1050,28,False
2026-05-02,STORE_1,1050,12,False
2026-05-03,STORE_1,1050,29,False
2026-05-04,STORE_1,1050,18,False
2026-05-05,STORE_1,1050,21,False
2026-05-06,STORE_1,1050,19,False
2026-05-07,STORE_1,1050,26,False
2026-05-08,STORE_1,1050,27,False
2026-05-09,STORE_1,1050,16,False
2026-05-10,STORE_1,1050,28,True
2026-05-11,STORE_1,1050,16,False
2026-05-12,STORE_1,1050,7,False
2026-05-13,STORE_1,1050,0,True
2026-05-14,STORE_1,1050,19,False
2026-05-15,STORE_1,1050,18,False
2026-05-16,STORE_1,1050,23,False
2026-05-17,STORE_1,1050,16,False
2026-05-18,STORE_1,1050,15,False
2026-05-19,STORE_1,1050,15,False
2026-05-20,STORE_1,1050,26,False
2026-05-21,STORE_1,1050,17,False
2026-05-22,STORE_1,1050,16,False
2026-05-23,STORE_1,1050,17,False
2026-05-24,STORE_1,1050,11,True
2026-05-25,STORE_1,1050,11,False
2026-05-26,STORE_1,1050,18,False
2026-05-27,STORE_1,1050,14,False
2026-05-28,STORE_1,1050,19,False
2026-05-29,STORE_1,1050,27,False
2026-05-30,STORE_1,1050,8,False
2026-05-31,STORE_1,1050,23,False
2026-06-01,STORE_1,1050,23,False
2026-06-02,STORE_1,1050,11,False
2026-06-03,STORE_1,1050,7,False
2026-06-04,STORE_1,1050,24,False
2026-06-05,STORE_1,1050,28,True
2026-06-06,STORE_1,1050,24,False
2026-06-07,STORE_1,1050,14,False
2026-06-08,STORE_1,1050,14,False
2026-06-09,STORE_1,1050,17,False
2026-06-10,STORE_1,1050,23,False
2026-06-11,STORE_1,1050,12,False
2026-06-12,STORE_1,1050,26,False
2026-06-13,STORE_1,1050,13,False
2026-06-14,STORE_1,1050,15,False
2026-06-15,STORE_1,1050,12,False
2026-06-16,STORE_1,1050,13,False
2026-06-17,STORE_1,1050,18,False
2026-06-18,STORE_1,1050,11,False
2026-06-19,STORE_1,1050,25,False
2026-06-20,STORE_1,1050,23,False
2026-06-21,STORE_1,1050,20,False
2026-06-22,STORE_1,1050,27,False
2026-06-23,STORE_1,1050,17,False
2026-06-24,STORE_1,1050,12,False
2026-06-25,STORE_1,1050,25,False
2026-06-26,STORE_1,1050,23,False
2026-06-27,STORE_1,1050,15,False
2026-06-28,STORE_1,1050,21,False
2026-06-29,STORE_1,1050,18,False
2026-06-30,STORE_1,1050,17,False
2026-07-01,STORE_1,1050,18,False
2026-07-02,STORE_1,1050,27,False
2026-07-03,STORE_1,1050,32,True
2026-07-04,STORE_1,1050,8,False
2026-07-05,STORE_1,1050,21,False
2026-07-06,STORE_1,1050,16,False
2026-07-07,STORE_1,1050,11,False
2026-07-08,STORE_1,1050,21,False
2026-07-09,STORE_1,1050,17,False
2026-07-10,STORE_1,1050,25,False
2026-07-11,STORE_1,1050,32,False
2026-07-12,STORE_1,1050,24,True
2026-07-13,STORE_1,1050,13,False
2026-07-14,STORE_1,1050,22,False
2026-07-15,STORE_1,1050,15,False
2026-07-16,STORE_1,1050,17,False
2026-07-17,STORE_1,1050,23,False
2026-07-18,STORE_1,1050,30,False
2026-07-19,STORE_1,1050,29,True
2026-07-20,STORE_1,1050,21,False
2026-07-21,STORE_1,1050,9,False
2026-07-22,STORE_1,1050,14,False
2026-07-23,STORE_1,1050,22,False
2026-07-24,STORE_1,1050,23,False
2026-07-25,STORE_1,1050,20,False
2026-07-26,STORE_1,1050,25,False
2026-07-27,STORE_1,1050,20,True
2026-07-28,STORE_1,1050,18,True
2026-07-29,STORE_1,1050,25,False
2026-07-30,STORE_1,1050,17,False
2026-07-31,STORE_1,1050,25,False
2026-08-01,STORE_1,1050,34,False
2026-08-02,STORE_1,1050,10,False
2026-08-03,STORE_1,1050,18,False
2026-08-04,STORE_1,1050,13,False
2026-08-05,STORE_1,1050,16,False
2026-08-06,STORE_1,1050,24,False
2026-08-07,STORE_1,1050,21,False
2026-08-08,STORE_1,1050,27,False
2026-08-09,STORE_1,1050,22,False
2026-08-10,STORE_1,1050,20,True
2026-08-11,STORE_1,1050,20,False
2026-08-12,STORE_1,1050,16,False
2026-08-13,STORE_1,1050,14,False
2026-08-14,STORE_1,1050,21,False
2026-08-15,STORE_1,1050,32,False
2026-08-16,STORE_1,1050,25,False
2026-08-17,STORE_1,1050,17,False
2026-08-18,STORE_1,1050,18,False
2026-08-19,STORE_1,1050,19,False
2026-08-20,STORE_1,1050,21,False
2026-08-21,STORE_1,1050,27,False
2026-08-22,STORE_1,1050,31,False
2026-08-23,STORE_1,1050,16,False
2026-08-24,STORE_1,1050,27,False
2026-08-25,STORE_1,1050,17,False
2026-08-26,STORE_1,1050,28,True
2026-08-27,STORE_1,1050,24,False
2026-08-28,STORE_1,1050,24,False
2026-08-29,STORE_1,1050,25,False
2026-08-30,STORE_1,1050,22,False
2026-08-31,STORE_1,1050,34,True
2026-09-01,STORE_1,1050,21,False
2026-09-02,STORE_1,1050,15,False
2026-09-03,STORE_1,1050,20,False
2026-09-04,STORE_1,1050,28,False
2026-09-05,STORE_1,1050,20,False
2026-09-06,STORE_1,1050,18,False
2026-09-07,STORE_1,1050,0,False
2026-09-08,STORE_1,1050,11,False
2026-09-09,STORE_1,1050,21,False
2026-09-10,STORE_1,1050,19,False
2026-09-11,STORE_1,1050,26,False
2026-09-12,STORE_1,1050,26,False
2026-09-13,STORE_1,1050,15,False
2026-09-14,STORE_1,1050,25,False
2026-09-15,STORE_1,1050,11,False
2026-09-16,STORE_1,1050,23,False
2026-09-17,STORE_1,1050,19,False
2026-09-18,STORE_1,1050,44,True
2026-09-19,STORE_1,1050,18,False
2026-09-20,STORE_1,1050,19,False
2026-09-21,STORE_1,1050,19,False
2026-09-22,STORE_1,1050,17,False
2026-09-23,STORE_1,1050,14,False
2026-09-24,STORE_1,1050,27,False
2026-09-25,STORE_1,1050,18,False
2026-09-26,STORE_1,1050,33,False
2026-09-27,STORE_1,1050,26,False
2026-09-28,STORE_1,1050,20,False
2026-09-29,STORE_1,1050,10,False
2026-09-30,STORE_1,1050,17,False
2025-10-01,STORE_1,1051,12,False
2025-10-02,STORE_1,1051,11,False
2025-10-03,STORE_1,1051,19,False
2025-10-04,STORE_1,1051,33,True
2025-10-05,STORE_1,1051,14,False
2025-10-06,STORE_1,1051,10,False
2025-10-07,STORE_1,1051,14,False
2025-10-08,STORE_1,1051,11,False
2025-10-09,STORE_1,1051,10,False
2025-10-10,STORE_1,1051,16,False
2025-10-11,STORE_1,1051,15,False
2025-10-12,STORE_1,1051,19,False
2025-10-13,STORE_1,1051,10,False
2025-10-14,STORE_1,1051,11,False
2025-10-15,STORE_1,1051,13,False
2025-10-16,STORE_1,1051,10,False
2025-10-17,STORE_1,1051,17,False
2025-10-18,STORE_1,1051,13,False
2025-10-19,STORE_1,1051,18,False
2025-10-20,STORE_1,1051,12,False
2025-10-21,STORE_1,1051,9,False
2025-10-22,STORE_1,1051,13,False
2025-10-23,STORE_1,1051,12,False
2025-10-24,STORE_1,1051,8,False
2025-10-25,STORE_1,1051,8,False
2025-10-26,STORE_1,1051,15,False
2025-10-27,STORE_1,1051,11,False
2025-10-28,STORE_1,1051,12,False
2025-10-29,STORE_1,1051,12,False
2025-10-30,STORE_1,1051,11,False
2025-10-31,STORE_1,1051,15,False
2025-11-01,STORE_1,1051,18,False
2025-11-02,STORE_1,1051,19,False
2025-11-03,STORE_1,1051,13,False
2025-11-04,STORE_1,1051,7,False
2025-11-05,STORE_1,1051,16,False
2025-11-06,STORE_1,1051,19,False
2025-11-07,STORE_1,1051,14,False
2025-11-08,STORE_1,1051,20,False
2025-11-09,STORE_1,1051,25,False
2025-11-10,STORE_1,1051,11,False
2025-11-11,STORE_1,1051,11,False
2025-11-12,STORE_1,1051,14,False
2025-11-13,STORE_1,1051,17,False
2025-11-14,STORE_1,1051,23,True
2025-11-15,STORE_1,1051,18,False
2025-11-16,STORE_1,1051,16,False
2025-11-17,STORE_1,1051,11,False
2025-11-18,STORE_1,1051,7,False
2025-11-19,STORE_1,1051,9,False
2025-11-20,STORE_1,1051,17,False
2025-11-21,STORE_1,1051,43,True
2025-11-22,STORE_1,1051,25,True
2025-11-23,STORE_1,1051,14,False
2025-11-24,STORE_1,1051,15,False
2025-11-25,STORE_1,1051,14,False
2025-11-26,STORE_1,1051,16,False
2025-11-27,STORE_1,1051,15,False
2025-11-28,STORE_1,1051,14,False
2025-11-29,STORE_1,1051,30,False
2025-11-30,STORE_1,1051,6,False
2025-12-01,STORE_1,1051,24,False
2025-12-02,STORE_1,1051,14,False
2025-12-03,STORE_1,1051,7,False
2025-12-04,STORE_1,1051,22,False
2025-12-05,STORE_1,1051,12,False
2025-12-06,STORE_1,1051,20,False
2025-12-07,STORE_1,1051,29,False
2025-12-08,STORE_1,1051,17,False
2025-12-09,STORE_1,1051,15,False
2025-12-10,STORE_1,1051,17,False
2025-12-11,STORE_1,1051,13,False
2025-12-12,STORE_1,1051,9,False
2025-12-13,STORE_1,1051,27,False
2025-12-14,STORE_1,1051,21,False
2025-12-15,STORE_1,1051,15,False
2025-12-16,STORE_1,1051,20,False
2025-12-17,STORE_1,1051,18,False
2025-12-18,STORE_1,1051,0,False
2025-12-19,STORE_1,1051,13,False
2025-12-20,STORE_1,1051,28,False
2025-12-21,STORE_1,1051,22,False
2025-12-22,STORE_1,1051,12,False
2025-12-23,STORE_1,1051,17,False
2025-12-24,STORE_1,1051,12,False
2025-12-25,STORE_1,1051,20,False
2025-12-26,STORE_1,1051,20,False
2025-12-27,STORE_1,1051,23,False
2025-12-28,STORE_1,1051,15,False
2025-12-29,STORE_1,1051,0,False
2025-12-30,STORE_1,1051,13,False
2025-12-31,STORE_1,1051,10,False
2026-01-01,STORE_1,1051,13,False
2026-01-02,STORE_1,1051,32,True
2026-01-03,STORE_1,1051,11,False
2026-01-04,STORE_1,1051,14,False
2026-01-05,STORE_1,1051,10,False
2026-01-06,STORE_1,1051,14,False
2026-01-07,STORE_1,1051,15,True
2026-01-08,STORE_1,1051,6,False
2026-01-09,STORE_1,1051,9,False
2026-01-10,STORE_1,1051,15,False
2026-01-11,STORE_1,1051,16,False
2026-01-12,STORE_1,1051,9,False
2026-01-13,STORE_1,1051,8,False
2026-01-14,STORE_1,1051,15,False
2026-01-15,STORE_1,1051,12,False
2026-01-16,STORE_1,1051,10,False
2026-01-17,STORE_1,1051,20,False
2026-01-18,STORE_1,1051,10,False
2026-01-19,STORE_1,1051,0,False
2026-01-20,STORE_1,1051,9,False
2026-01-21,STORE_1,1051,13,False
2026-01-22,STORE_1,1051,13,False
2026-01-23,STORE_1,1051,16,False
2026-01-24,STORE_1,1051,16,False
2026-01-25,STORE_1,1051,14,False
2026-01-26,STORE_1,1051,11,False
2026-01-27,STORE_1,1051,8,False
2026-01-28,STORE_1,1051,14,False
2026-01-29,STORE_1,1051,10,False
2026-01-30,STORE_1,1051,12,False
2026-01-31,STORE_1,1051,20,True
2026-02-01,STORE_1,1051,13,False
2026-02-02,STORE_1,1051,0,False
2026-02-03,STORE_1,1051,11,False
2026-02-04,STORE_1,1051,12,False
2026-02-05,STORE_1,1051,16,False
2026-02-06,STORE_1,1051,11,False
2026-02-07,STORE_1,1051,17,False
2026-02-08,STORE_1,1051,12,False
2026-02-09,STORE_1,1051,10,False
2026-02-10,STORE_1,1051,8,False
2026-02-11,STORE_1,1051,12,False
2026-02-12,STORE_1,1051,12,False
2026-02-13,STORE_1,1051,16,False
2026-02-14,STORE_1,1051,15,False
2026-02-15,STORE_1,1051,35,True
2026-02-16,STORE_1,1051,19,False
2026-02-17,STORE_1,1051,14,False
2026-02-18,STORE_1,1051,9,False
2026-02-19,STORE_1,1051,11,False
2026-02-20,STORE_1,1051,16,False
2026-02-21,STORE_1,1051,0,False
2026-02-22,STORE_1,1051,16,False
2026-02-23,STORE_1,1051,9,False
2026-02-24,STORE_1,1051,12,False
2026-02-25,STORE_1,1051,8,False
2026-02-26,STORE_1,1051,16,False
2026-02-27,STORE_1,1051,11,False
2026-02-28,STORE_1,1051,27,False
2026-03-01,STORE_1,1051,12,False
2026-03-02,STORE_1,1051,14,False
2026-03-03,STORE_1,1051,17,True
2026-03-04,STORE_1,1051,10,False
2026-03-05,STORE_1,1051,11,False
2026-03-06,STORE_1,1051,15,False
2026-03-07,STORE_1,1051,21,False
2026-03-08,STORE_1,1051,0,False
2026-03-09,STORE_1,1051,15,False
2026-03-10,STORE_1,1051,10,False
2026-03-11,STORE_1,1051,17,False
2026-03-12,STORE_1,1051,19,False
2026-03-13,STORE_1,1051,17,False
2026-03-14,STORE_1,1051,0,True
2026-03-15,STORE_1,1051,15,False
2026-03-16,STORE_1,1051,16,False
2026-03-17,STORE_1,1051,15,False
2026-03-18,STORE_1,1051,13,True
2026-03-19,STORE_1,1051,10,False
2026-03-20,STORE_1,1051,10,False
2026-03-21,STORE_1,1051,19,False
2026-03-22,STORE_1,1051,18,False
2026-03-23,STORE_1,1051,7,False
2026-03-24,STORE_1,1051,10,False
2026-03-25,STORE_1,1051,10,False
2026-03-26,STORE_1,1051,15,True
2026-03-27,STORE_1,1051,17,False
2026-03-28,STORE_1,1051,16,False
2026-03-29,STORE_1,1051,11,False
2026-03-30,STORE_1,1051,11,False
2026-03-31,STORE_1,1051,13,False
2026-04-01,STORE_1,1051,9,False
2026-04-02,STORE_1,1051,14,False
2026-04-03,STORE_1,1051,0,False
2026-04-04,STORE_1,1051,15,False
2026-04-05,STORE_1,1051,0,False
2026-04-06,STORE_1,1051,23,True
2026-04-07,STORE_1,1051,9,False
2026-04-08,STORE_1,1051,10,False
2026-04-09,STORE_1,1051,9,False
2026-04-10,STORE_1,1051,14,False
2026-04-11,STORE_1,1051,18,True
2026-04-12,STORE_1,1051,14,False
2026-04-13,STORE_1,1051,14,False
2026-04-14,STORE_1,1051,15,False
2026-04-15,STORE_1,1051,18,False
2026-04-16,STORE_1,1051,11,False
2026-04-17,STORE_1,1051,8,False
2026-04-18,STORE_1,1051,13,True
2026-04-19,STORE_1,1051,13,True
2026-04-20,STORE_1,1051,14,False
2026-04-21,STORE_1,1051,12,False
2026-04-22,STORE_1,1051,16,False
2026-04-23,STORE_1,1051,18,True
2026-04-24,STORE_1,1051,10,False
2026-04-25,STORE_1,1051,16,False
2026-04-26,STORE_1,1051,10,False
2026-04-27,STORE_1,1051,11,False
2026-04-28,STORE_1,1051,10,False
2026-04-29,STORE_1,1051,11,False
2026-04-30,STORE_1,1051,12,False
2026-05-01,STORE_1,1051,11,False
2026-05-02,STORE_1,1051,13,False
2026-05-03,STORE_1,1051,9,False
2026-05-04,STORE_1,1051,11,False
2026-05-05,STORE_1,1051,13,False
2026-05-06,STORE_1,1051,11,False
2026-05-07,STORE_1,1051,12,False
2026-05-08,STORE_1,1051,17,False
2026-05-09,STORE_1,1051,25,True
2026-05-10,STORE_1,1051,11,False
2026-05-11,STORE_1,1051,13,False
2026-05-12,STORE_1,1051,8,False
2026-05-13,STORE_1,1051,7,False
2026-05-14,STORE_1,1051,13,False
2026-05-15,STORE_1,1051,14,False
2026-05-16,STORE_1,1051,17,False
2026-05-17,STORE_1,1051,32,True
2026-05-18,STORE_1,1051,8,False
2026-05-19,STORE_1,1051,21,True
2026-05-20,STORE_1,1051,5,False
2026-05-21,STORE_1,1051,21,True
2026-05-22,STORE_1,1051,28,True
2026-05-23,STORE_1,1051,13,False
2026-05-24,STORE_1,1051,11,False
2026-05-25,STORE_1,1051,9,False
2026-05-26,STORE_1,1051,10,False
2026-05-27,STORE_1,1051,18,True
2026-05-28,STORE_1,1051,21,False
2026-05-29,STORE_1,1051,12,False
2026-05-30,STORE_1,1051,7,False
2026-05-31,STORE_1,1051,14,False
2026-06-01,STORE_1,1051,9,False
2026-06-02,STORE_1,1051,11,False
2026-06-03,STORE_1,1051,9,False
2026-06-04,STORE_1,1051,12,False
2026-06-05,STORE_1,1051,11,False
2026-06-06,STORE_1,1051,8,False
2026-06-07,STORE_1,1051,14,False
2026-06-08,STORE_1,1051,13,False
2026-06-09,STORE_1,1051,7,False
2026-06-10,STORE_1,1051,18,False
2026-06-11,STORE_1,1051,14,False
2026-06-12,STORE_1,1051,14,False
2026-06-13,STORE_1,1051,24,False
2026-06-14,STORE_1,1051,18,False
2026-06-15,STORE_1,1051,13,False
2026-06-16,STORE_1,1051,11,False
2026-06-17,STORE_1,1051,10,False
2026-06-18,STORE_1,1051,14,False
2026-06-19,STORE_1,1051,16,False
2026-06-20,STORE_1,1051,24,False
2026-06-21,STORE_1,1051,17,False
2026-06-22,STORE_1,1051,10,False
2026-06-23,STORE_1,1051,10,False
2026-06-24,STORE_1,1051,9,False
2026-06-25,STORE_1,1051,13,False
2026-06-26,STORE_1,1051,29,True
2026-06-27,STORE_1,1051,15,False
2026-06-28,STORE_1,1051,15,False
2026-06-29,STORE_1,1051,10,False
2026-06-30,STORE_1,1051,11,False
2026-07-01,STORE_1,1051,13,False
2026-07-02,STORE_1,1051,11,False
2026-07-03,STORE_1,1051,10,False
2026-07-04,STORE_1,1051,18,False
2026-07-05,STORE_1,1051,20,False
2026-07-06,STORE_1,1051,9,False
2026-07-07,STORE_1,1051,10,False
2026-07-08,STORE_1,1051,13,False
2026-07-09,STORE_1,1051,15,False
2026-07-10,STORE_1,1051,13,False
2026-07-11,STORE_1,1051,14,False
2026-07-12,STORE_1,1051,10,False
2026-07-13,STORE_1,1051,10,False
2026-07-14,STORE_1,1051,8,False
2026-07-15,STORE_1,1051,0,False
2026-07-16,STORE_1,1051,14,False
2026-07-17,STORE_1,1051,19,True
2026-07-18,STORE_1,1051,17,False
2026-07-19,STORE_1,1051,0,False
2026-07-20,STORE_1,1051,10,False
2026-07-21,STORE_1,1051,11,False
2026-07-22,STORE_1,1051,11,False
2026-07-23,STORE_1,1051,13,False
2026-07-24,STORE_1,1051,10,False
2026-07-25,STORE_1,1051,15,False
2026-07-26,STORE_1,1051,0,False
2026-07-27,STORE_1,1051,13,False
2026-07-28,STORE_1,1051,4,False
2026-07-29,STORE_1,1051,10,False
2026-07-30,STORE_1,1051,19,True
2026-07-31,STORE_1,1051,12,False
2026-08-01,STORE_1,1051,15,False
2026-08-02,STORE_1,1051,16,False
2026-08-03,STORE_1,1051,14,False
2026-08-04,STORE_1,1051,9,False
2026-08-05,STORE_1,1051,14,False
2026-08-06,STORE_1,1051,17,False
2026-08-07,STORE_1,1051,15,False
2026-08-08,STORE_1,1051,24,True
2026-08-09,STORE_1,1051,11,False
2026-08-10,STORE_1,1051,15,False
2026-08-11,STORE_1,1051,12,False
2026-08-12,STORE_1,1051,11,False
2026-08-13,STORE_1,1051,11,False
2026-08-14,STORE_1,1051,14,False
2026-08-15,STORE_1,1051,22,False
2026-08-16,STORE_1,1051,14,False
2026-08-17,STORE_1,1051,11,False
2026-08-18,STORE_1,1051,16,False
2026-08-19,STORE_1,1051,14,False
2026-08-20,STORE_1,1051,9,False
2026-08-21,STORE_1,1051,22,False
2026-08-22,STORE_1,1051,16,False
2026-08-23,STORE_1,1051,10,False
2026-08-24,STORE_1,1051,0,False
2026-08-25,STORE_1,1051,4,False
2026-08-26,STORE_1,1051,12,False
2026-08-27,STORE_1,1051,11,False
2026-08-28,STORE_1,1051,10,False
2026-08-29,STORE_1,1051,20,False
2026-08-30,STORE_1,1051,16,False
2026-08-31,STORE_1,1051,9,False
2026-09-01,STORE_1,1051,5,False
2026-09-02,STORE_1,1051,13,False
2026-09-03,STORE_1,1051,16,False
2026-09-04,STORE_1,1051,7,False
2026-09-05,STORE_1,1051,13,False
2026-09-06,STORE_1,1051,6,False
2026-09-07,STORE_1,1051,13,False
2026-09-08,STORE_1,1051,15,True
2026-09-09,STORE_1,1051,10,False
2026-09-10,STORE_1,1051,10,False
2026-09-11,STORE_1,1051,9,False
2026-09-12,STORE_1,1051,16,False
2026-09-13,STORE_1,1051,18,False
2026-09-14,STORE_1,1051,9,False
2026-09-15,STORE_1,1051,10,False
2026-09-16,STORE_1,1051,14,False
2026-09-17,STORE_1,1051,22,False
2026-09-18,STORE_1,1051,7,False
2026-09-19,STORE_1,1051,17,False
2026-09-20,STORE_1,1051,16,False
2026-09-21,STORE_1,1051,5,False
2026-09-22,STORE_1,1051,6,False
2026-09-23,STORE_1,1051,13,False
2026-09-24,STORE_1,1051,11,False
2026-09-25,STORE_1,1051,13,False
2026-09-26,STORE_1,1051,21,False
2026-09-27,STORE_1,1051,11,False
2026-09-28,STORE_1,1051,13,False
2026-09-29,STORE_1,1051,16,False
2026-09-30,STORE_1,1051,11,True
2025-10-01,STORE_1,1052,35,False
2025-10-02,STORE_1,1052,0,False
2025-10-03,STORE_1,1052,41,False
2025-10-04,STORE_1,1052,51,False
2025-10-05,STORE_1,1052,53,False
2025-10-06,STORE_1,1052,39,False
2025-10-07,STORE_1,1052,32,False
2025-10-08,STORE_1,1052,24,False
2025-10-09,STORE_1,1052,39,False
2025-10-10,STORE_1,1052,52,False
2025-10-11,STORE_1,1052,69,False
2025-10-12,STORE_1,1052,35,False
2025-10-13,STORE_1,1052,27,False
2025-10-14,STORE_1,1052,34,False
2025-10-15,STORE_1,1052,28,False
2025-10-16,STORE_1,1052,23,False
2025-10-17,STORE_1,1052,33,False
2025-10-18,STORE_1,1052,82,False
2025-10-19,STORE_1,1052,0,False
2025-10-20,STORE_1,1052,18,False
2025-10-21,STORE_1,1052,39,False
2025-10-22,STORE_1,1052,61,True
2025-10-23,STORE_1,1052,17,False
2025-10-24,STORE_1,1052,67,False
2025-10-25,STORE_1,1052,59,True
2025-10-26,STORE_1,1052,56,False
2025-10-27,STORE_1,1052,40,False
2025-10-28,STORE_1,1052,37,False
2025-10-29,STORE_1,1052,23,False
2025-10-30,STORE_1,1052,50,False
2025-10-31,STORE_1,1052,52,False
2025-11-01,STORE_1,1052,56,False
2025-11-02,STORE_1,1052,50,False
2025-11-03,STORE_1,1052,44,False
2025-11-04,STORE_1,1052,34,False
2025-11-05,STORE_1,1052,32,False
2025-11-06,STORE_1,1052,37,False
2025-11-07,STORE_1,1052,48,False
2025-11-08,STORE_1,1052,63,False
2025-11-09,STORE_1,1052,42,False
2025-11-10,STORE_1,1052,39,False
2025-11-11,STORE_1,1052,37,False
2025-11-12,STORE_1,1052,38,False
2025-11-13,STORE_1,1052,40,False
2025-11-14,STORE_1,1052,26,False
2025-11-15,STORE_1,1052,78,True
2025-11-16,STORE_1,1052,55,False
2025-11-17,STORE_1,1052,0,False
2025-11-18,STORE_1,1052,33,False
2025-11-19,STORE_1,1052,40,False
2025-11-20,STORE_1,1052,57,False
2025-11-21,STORE_1,1052,72,False
2025-11-22,STORE_1,1052,88,False
2025-11-23,STORE_1,1052,33,False
2025-11-24,STORE_1,1052,51,False
2025-11-25,STORE_1,1052,47,False
2025-11-26,STORE_1,1052,23,False
2025-11-27,STORE_1,1052,54,False
2025-11-28,STORE_1,1052,85,False
2025-11-29,STORE_1,1052,63,False
2025-11-30,STORE_1,1052,67,False
2025-12-01,STORE_1,1052,34,False
2025-12-02,STORE_1,1052,44,False
2025-12-03,STORE_1,1052,37,False
2025-12-04,STORE_1,1052,44,False
2025-12-05,STORE_1,1052,87,False
2025-12-06,STORE_1,1052,69,False
2025-12-07,STORE_1,1052,51,True
2025-12-08,STORE_1,1052,37,False
2025-12-09,STORE_1,1052,31,False
2025-12-10,STORE_1,1052,39,False
2025-12-11,STORE_1,1052,46,False
2025-12-12,STORE_1,1052,67,False
2025-12-13,STORE_1,1052,99,False
2025-12-14,STORE_1,1052,48,False
2025-12-15,STORE_1,1052,44,False
2025-12-16,STORE_1,1052,32,False
2025-12-17,STORE_1,1052,43,False
2025-12-18,STORE_1,1052,61,False
2025-12-19,STORE_1,1052,61,False
2025-12-20,STORE_1,1052,90,False
2025-12-21,STORE_1,1052,67,False
2025-12-22,STORE_1,1052,64,False
2025-12-23,STORE_1,1052,47,False
2025-12-24,STORE_1,1052,29,False
2025-12-25,STORE_1,1052,51,False
2025-12-26,STORE_1,1052,60,False
2025-12-27,STORE_1,1052,54,False
2025-12-28,STORE_1,1052,81,True
2025-12-29,STORE_1,1052,50,False
2025-12-30,STORE_1,1052,44,False
2025-12-31,STORE_1,1052,33,False
2026-01-01,STORE_1,1052,46,False
2026-01-02,STORE_1,1052,64,False
2026-01-03,STORE_1,1052,0,False
2026-01-04,STORE_1,1052,71,False
2026-01-05,STORE_1,1052,35,False
2026-01-06,STORE_1,1052,32,False
2026-01-07,STORE_1,1052,40,False
2026-01-08,STORE_1,1052,54,False
2026-01-09,STORE_1,1052,44,False
2026-01-10,STORE_1,1052,37,False
2026-01-11,STORE_1,1052,63,False
2026-01-12,STORE_1,1052,36,False
2026-01-13,STORE_1,1052,51,False
2026-01-14,STORE_1,1052,47,False
2026-01-15,STORE_1,1052,31,False
2026-01-16,STORE_1,1052,46,False
2026-01-17,STORE_1,1052,22,False
2026-01-18,STORE_1,1052,36,False
2026-01-19,STORE_1,1052,22,False
2026-01-20,STORE_1,1052,27,False
2026-01-21,STORE_1,1052,20,False
2026-01-22,STORE_1,1052,30,False
2026-01-23,STORE_1,1052,40,False
2026-01-24,STORE_1,1052,53,False
2026-01-25,STORE_1,1052,27,False
2026-01-26,STORE_1,1052,19,False
2026-01-27,STORE_1,1052,42,False
2026-01-28,STORE_1,1052,28,False
2026-01-29,STORE_1,1052,41,False
2026-01-30,STORE_1,1052,39,False
2026-01-31,STORE_1,1052,54,False
2026-02-01,STORE_1,1052,43,False
2026-02-02,STORE_1,1052,45,False
2026-02-03,STORE_1,1052,30,False
2026-02-04,STORE_1,1052,33,False
2026-02-05,STORE_1,1052,81,True
2026-02-06,STORE_1,1052,0,True
2026-02-07,STORE_1,1052,66,False
2026-02-08,STORE_1,1052,63,False
2026-02-09,STORE_1,1052,45,False
2026-02-10,STORE_1,1052,44,False
2026-02-11,STORE_1,1052,37,False
2026-02-12,STORE_1,1052,39,False
2026-02-13,STORE_1,1052,22,False
2026-02-14,STORE_1,1052,64,False
2026-02-15,STORE_1,1052,32,False
2026-02-16,STORE_1,1052,45,False
2026-02-17,STORE_1,1052,33,False
2026-02-18,STORE_1,1052,42,True
2026-02-19,STORE_1,1052,0,False
2026-02-20,STORE_1,1052,35,False
2026-02-21,STORE_1,1052,54,False
2026-02-22,STORE_1,1052,30,False
2026-02-23,STORE_1,1052,39,False
2026-02-24,STORE_1,1052,33,False
2026-02-25,STORE_1,1052,0,False
2026-02-26,STORE_1,1052,23,False
2026-02-27,STORE_1,1052,64,False
2026-02-28,STORE_1,1052,42,False
2026-03-01,STORE_1,1052,39,False
2026-03-02,STORE_1,1052,36,False
2026-03-03,STORE_1,1052,23,False
2026-03-04,STORE_1,1052,28,False
2026-03-05,STORE_1,1052,35,False
2026-03-06,STORE_1,1052,28,False
2026-03-07,STORE_1,1052,55,False
2026-03-08,STORE_1,1052,30,False
2026-03-09,STORE_1,1052,40,False
2026-03-10,STORE_1,1052,41,False
2026-03-11,STORE_1,1052,40,False
2026-03-12,STORE_1,1052,46,False
2026-03-13,STORE_1,1052,44,False
2026-03-14,STORE_1,1052,35,False
2026-03-15,STORE_1,1052,55,False
2026-03-16,STORE_1,1052,28,False
2026-03-17,STORE_1,1052,31,False
2026-03-18,STORE_1,1052,26,False
2026-03-19,STORE_1,1052,27,False
2026-03-20,STORE_1,1052,50,False
2026-03-21,STORE_1,1052,54,False
2026-03-22,STORE_1,1052,74,True
2026-03-23,STORE_1,1052,31,False
2026-03-24,STORE_1,1052,20,False
2026-03-25,STORE_1,1052,43,False
2026-03-26,STORE_1,1052,31,False
2026-03-27,STORE_1,1052,39,False
2026-03-28,STORE_1,1052,64,False
2026-03-29,STORE_1,1052,53,False
2026-03-30,STORE_1,1052,37,False
2026-03-31,STORE_1,1052,27,False
2026-04-01,STORE_1,1052,38,False
2026-04-02,STORE_1,1052,40,False
2026-04-03,STORE_1,1052,40,False
2026-04-04,STORE_1,1052,72,False
2026-04-05,STORE_1,1052,57,False
2026-04-06,STORE_1,1052,23,False
2026-04-07,STORE_1,1052,27,False
2026-04-08,STORE_1,1052,31,False
2026-04-09,STORE_1,1052,32,False
2026-04-10,STORE_1,1052,30,False
2026-04-11,STORE_1,1052,42,False
2026-04-12,STORE_1,1052,28,False
2026-04-13,STORE_1,1052,40,False
2026-04-14,STORE_1,1052,37,False
2026-04-15,STORE_1,1052,27,False
2026-04-16,STORE_1,1052,32,False
2026-04-17,STORE_1,1052,39,False
2026-04-18,STORE_1,1052,53,False
2026-04-19,STORE_1,1052,48,False
2026-04-20,STORE_1,1052,41,False
2026-04-21,STORE_1,1052,27,False
2026-04-22,STORE_1,1052,20,False
2026-04-23,STORE_1,1052,34,False
2026-04-24,STORE_1,1052,61,False
2026-04-25,STORE_1,1052,65,False
2026-04-26,STORE_1,1052,34,False
2026-04-27,STORE_1,1052,38,False
2026-04-28,STORE_1,1052,53,True
2026-04-29,STORE_1,1052,30,True
2026-04-30,STORE_1,1052,17,False
2026-05-01,STORE_1,1052,48,False
2026-05-02,STORE_1,1052,52,False
2026-05-03,STORE_1,1052,37,False
2026-05-04,STORE_1,1052,38,False
2026-05-05,STORE_1,1052,25,False
2026-05-06,STORE_1,1052,51,False
2026-05-07,STORE_1,1052,52,False
2026-05-08,STORE_1,1052,37,False
2026-05-09,STORE_1,1052,65,False
2026-05-10,STORE_1,1052,57,False
2026-05-11,STORE_1,1052,33,False
2026-05-12,STORE_1,1052,48,False
2026-05-13,STORE_1,1052,29,False
2026-05-14,STORE_1,1052,43,False
2026-05-15,STORE_1,1052,68,False
2026-05-16,STORE_1,1052,78,True
2026-05-17,STORE_1,1052,44,False
2026-05-18,STORE_1,1052,38,False
2026-05-19,STORE_1,1052,24,False
2026-05-20,STORE_1,1052,22,True
2026-05-21,STORE_1,1052,52,False
2026-05-22,STORE_1,1052,40,False
2026-05-23,STORE_1,1052,45,False
2026-05-24,STORE_1,1052,48,False
2026-05-25,STORE_1,1052,30,False
2026-05-26,STORE_1,1052,44,False
2026-05-27,STORE_1,1052,28,False
2026-05-28,STORE_1,1052,36,False
2026-05-29,STORE_1,1052,58,False
2026-05-30,STORE_1,1052,84,False
2026-05-31,STORE_1,1052,45,False
2026-06-01,STORE_1,1052,51,False
2026-06-02,STORE_1,1052,15,False
2026-06-03,STORE_1,1052,36,False
2026-06-04,STORE_1,1052,30,False
2026-06-05,STORE_1,1052,44,False
2026-06-06,STORE_1,1052,57,False
2026-06-07,STORE_1,1052,54,False
2026-06-08,STORE_1,1052,39,False
2026-06-09,STORE_1,1052,43,False
2026-06-10,STORE_1,1052,41,False
2026-06-11,STORE_1,1052,58,True
2026-06-12,STORE_1,1052,40,False
2026-06-13,STORE_1,1052,78,False
2026-06-14,STORE_1,1052,16,False
2026-06-15,STORE_1,1052,33,False
2026-06-16,STORE_1,1052,32,False
2026-06-17,STORE_1,1052,42,False
2026-06-18,STORE_1,1052,31,False
2026-06-19,STORE_1,1052,40,False
2026-06-20,STORE_1,1052,0,False
2026-06-21,STORE_1,1052,40,False
2026-06-22,STORE_1,1052,18,False
2026-06-23,STORE_1,1052,33,False
2026-06-24,STORE_1,1052,34,False
2026-06-25,STORE_1,1052,22,False
2026-06-26,STORE_1,1052,24,False
2026-06-27,STORE_1,1052,31,False
2026-06-28,STORE_1,1052,29,False
2026-06-29,STORE_1,1052,58,True
2026-06-30,STORE_1,1052,29,False
2026-07-01,STORE_1,1052,0,False
2026-07-02,STORE_1,1052,41,False
2026-07-03,STORE_1,1052,73,False
2026-07-04,STORE_1,1052,68,False
2026-07-05,STORE_1,1052,45,True
2026-07-06,STORE_1,1052,29,False
2026-07-07,STORE_1,1052,38,False
2026-07-08,STORE_1,1052,51,True
2026-07-09,STORE_1,1052,36,False
2026-07-10,STORE_1,1052,29,False
2026-07-11,STORE_1,1052,51,False
2026-07-12,STORE_1,1052,65,True
2026-07-13,STORE_1,1052,35,False
2026-07-14,STORE_1,1052,31,False
2026-07-15,STORE_1,1052,30,False
2026-07-16,STORE_1,1052,35,False
2026-07-17,STORE_1,1052,47,False
2026-07-18,STORE_1,1052,97,True
2026-07-19,STORE_1,1052,49,False
2026-07-20,STORE_1,1052,34,False
2026-07-21,STORE_1,1052,28,False
2026-07-22,STORE_1,1052,37,False
2026-07-23,STORE_1,1052,46,True
2026-07-24,STORE_1,1052,38,False
2026-07-25,STORE_1,1052,46,False
2026-07-26,STORE_1,1052,53,False
2026-07-27,STORE_1,1052,19,False
2026-07-28,STORE_1,1052,40,False
2026-07-29,STORE_1,1052,18,False
2026-07-30,STORE_1,1052,37,True
2026-07-31,STORE_1,1052,55,False
2026-08-01,STORE_1,1052,35,False
2026-08-02,STORE_1,1052,86,True
2026-08-03,STORE_1,1052,51,False
2026-08-04,STORE_1,1052,39,False
2026-08-05,STORE_1,1052,27,False
2026-08-06,STORE_1,1052,41,False
2026-08-07,STORE_1,1052,47,False
2026-08-08,STORE_1,1052,45,False
2026-08-09,STORE_1,1052,0,False
2026-08-10,STORE_1,1052,28,False
2026-08-11,STORE_1,1052,26,False
2026-08-12,STORE_1,1052,25,True
2026-08-13,STORE_1,1052,28,False
2026-08-14,STORE_1,1052,37,False
2026-08-15,STORE_1,1052,50,False
2026-08-16,STORE_1,1052,54,False
2026-08-17,STORE_1,1052,29,False
2026-08-18,STORE_1,1052,40,False
2026-08-19,STORE_1,1052,50,False
2026-08-20,STORE_1,1052,48,False
2026-08-21,STORE_1,1052,36,False
2026-08-22,STORE_1,1052,43,False
2026-08-23,STORE_1,1052,54,False
2026-08-24,STORE_1,1052,28,False
2026-08-25,STORE_1,1052,32,False
2026-08-26,STORE_1,1052,37,False
2026-08-27,STORE_1,1052,44,False
2026-08-28,STORE_1,1052,0,False
2026-08-29,STORE_1,1052,50,True
2026-08-30,STORE_1,1052,38,False
2026-08-31,STORE_1,1052,26,True
2026-09-01,STORE_1,1052,27,False
2026-09-02,STORE_1,1052,41,False
2026-09-03,STORE_1,1052,32,True
2026-09-04,STORE_1,1052,37,False
2026-09-05,STORE_1,1052,60,False
2026-09-06,STORE_1,1052,56,False
2026-09-07,STORE_1,1052,34,False
2026-09-08,STORE_1,1052,33,False
2026-09-09,STORE_1,1052,36,False
2026-09-10,STORE_1,1052,42,False
2026-09-11,STORE_1,1052,39,False
2026-09-12,STORE_1,1052,57,True
2026-09-13,STORE_1,1052,53,False
2026-09-14,STORE_1,1052,35,False
2026-09-15,STORE_1,1052,37,False
2026-09-16,STORE_1,1052,25,False
2026-09-17,STORE_1,1052,56,False
2026-09-18,STORE_1,1052,45,False
2026-09-19,STORE_1,1052,56,True
2026-09-20,STORE_1,1052,39,False
2026-09-21,STORE_1,1052,22,False
2026-09-22,STORE_1,1052,38,True
2026-09-23,STORE_1,1052,14,False
2026-09-24,STORE_1,1052,29,False
2026-09-25,STORE_1,1052,41,False
2026-09-26,STORE_1,1052,59,False
2026-09-27,STORE_1,1052,52,False
2026-09-28,STORE_1,1052,33,False
2026-09-29,STORE_1,1052,47,False
2026-09-30,STORE_1,1052,29,False
2025-10-01,STORE_1,1053,16,False
2025-10-02,STORE_1,1053,19,False
2025-10-03,STORE_1,1053,23,False
2025-10-04,STORE_1,1053,35,False
2025-10-05,STORE_1,1053,20,False
2025-10-06,STORE_1,1053,27,False
2025-10-07,STORE_1,1053,9,False
2025-10-08,STORE_1,1053,23,False
2025-10-09,STORE_1,1053,19,False
2025-10-10,STORE_1,1053,28,False
2025-10-11,STORE_1,1053,22,False
2025-10-12,STORE_1,1053,14,False
2025-10-13,STORE_1,1053,22,False
2025-10-14,STORE_1,1053,22,False
2025-10-15,STORE_1,1053,18,False
2025-10-16,STORE_1,1053,18,False
2025-10-17,STORE_1,1053,25,False
2025-10-18,STORE_1,1053,28,False
2025-10-19,STORE_1,1053,21,False
2025-10-20,STORE_1,1053,18,False
2025-10-21,STORE_1,1053,19,False
2025-10-22,STORE_1,1053,20,False
2025-10-23,STORE_1,1053,17,False
2025-10-24,STORE_1,1053,23,False
2025-10-25,STORE_1,1053,0,False
2025-10-26,STORE_1,1053,35,False
2025-10-27,STORE_1,1053,15,False
2025-10-28,STORE_1,1053,17,False
2025-10-29,STORE_1,1053,23,False
2025-10-30,STORE_1,1053,22,False
2025-10-31,STORE_1,1053,31,False
2025-11-01,STORE_1,1053,33,False
2025-11-02,STORE_1,1053,21,False
2025-11-03,STORE_1,1053,19,False
2025-11-04,STORE_1,1053,13,False
2025-11-05,STORE_1,1053,20,False
2025-11-06,STORE_1,1053,29,False
2025-11-07,STORE_1,1053,29,False
2025-11-08,STORE_1,1053,44,False
2025-11-09,STORE_1,1053,35,False
2025-11-10,STORE_1,1053,8,False
2025-11-11,STORE_1,1053,17,False
2025-11-12,STORE_1,1053,21,False
2025-11-13,STORE_1,1053,22,False
2025-11-14,STORE_1,1053,27,False
2025-11-15,STORE_1,1053,24,False
2025-11-16,STORE_1,1053,20,False
2025-11-17,STORE_1,1053,17,False
2025-11-18,STORE_1,1053,0,False
2025-11-19,STORE_1,1053,11,False
2025-11-20,STORE_1,1053,22,False
2025-11-21,STORE_1,1053,23,False
2025-11-22,STORE_1,1053,41,False
2025-11-23,STORE_1,1053,21,False
2025-11-24,STORE_1,1053,16,False
2025-11-25,STORE_1,1053,0,False
2025-11-26,STORE_1,1053,27,False
2025-11-27,STORE_1,1053,49,True
2025-11-28,STORE_1,1053,30,False
2025-11-29,STORE_1,1053,47,False
2025-11-30,STORE_1,1053,21,False
2025-12-01,STORE_1,1053,25,False
2025-12-02,STORE_1,1053,25,False
2025-12-03,STORE_1,1053,18,False
2025-12-04,STORE_1,1053,31,False
2025-12-05,STORE_1,1053,27,False
2025-12-06,STORE_1,1053,32,False
2025-12-07,STORE_1,1053,23,False
2025-12-08,STORE_1,1053,28,False
2025-12-09,STORE_1,1053,24,False
2025-12-10,STORE_1,1053,25,False
2025-12-11,STORE_1,1053,27,False
2025-12-12,STORE_1,1053,35,False
2025-12-13,STORE_1,1053,30,False
2025-12-14,STORE_1,1053,35,False
2025-12-15,STORE_1,1053,18,False
2025-12-16,STORE_1,1053,23,False
2025-12-17,STORE_1,1053,22,False
2025-12-18,STORE_1,1053,23,False
2025-12-19,STORE_1,1053,31,False
2025-12-20,STORE_1,1053,70,True
2025-12-21,STORE_1,1053,32,False
2025-12-22,STORE_1,1053,20,False
2025-12-23,STORE_1,1053,20,False
2025-12-24,STORE_1,1053,26,False
2025-12-25,STORE_1,1053,35,False
2025-12-26,STORE_1,1053,26,False
2025-12-27,STORE_1,1053,87,True
2025-12-28,STORE_1,1053,36,False
2025-12-29,STORE_1,1053,32,True
2025-12-30,STORE_1,1053,15,False
2025-12-31,STORE_1,1053,29,False
2026-01-01,STORE_1,1053,29,False
2026-01-02,STORE_1,1053,25,False
2026-01-03,STORE_1,1053,20,False
2026-01-04,STORE_1,1053,24,False
2026-01-05,STORE_1,1053,19,False
2026-01-06,STORE_1,1053,14,False
2026-01-07,STORE_1,1053,13,False
2026-01-08,STORE_1,1053,24,False
2026-01-09,STORE_1,1053,33,False
2026-01-10,STORE_1,1053,40,True
2026-01-11,STORE_1,1053,15,False
2026-01-12,STORE_1,1053,0,False
2026-01-13,STORE_1,1053,16,False
2026-01-14,STORE_1,1053,18,False
2026-01-15,STORE_1,1053,24,False
2026-01-16,STORE_1,1053,30,False
2026-01-17,STORE_1,1053,22,False
2026-01-18,STORE_1,1053,46,True
2026-01-19,STORE_1,1053,0,False
2026-01-20,STORE_1,1053,21,False
2026-01-21,STORE_1,1053,14,False
2026-01-22,STORE_1,1053,14,False
2026-01-23,STORE_1,1053,31,True
2026-01-24,STORE_1,1053,38,False
2026-01-25,STORE_1,1053,37,False
2026-01-26,STORE_1,1053,17,False
2026-01-27,STORE_1,1053,18,False
2026-01-28,STORE_1,1053,21,False
2026-01-29,STORE_1,1053,24,False
2026-01-30,STORE_1,1053,0,False
2026-01-31,STORE_1,1053,24,False
2026-02-01,STORE_1,1053,33,False
2026-02-02,STORE_1,1053,3,False
2026-02-03,STORE_1,1053,17,False
2026-02-04,STORE_1,1053,18,False
2026-02-05,STORE_1,1053,26,False
2026-02-06,STORE_1,1053,15,False
2026-02-07,STORE_1,1053,29,False
2026-02-08,STORE_1,1053,16,False
2026-02-09,STORE_1,1053,10,False
2026-02-10,STORE_1,1053,13,False
2026-02-11,STORE_1,1053,25,False
2026-02-12,STORE_1,1053,36,True
2026-02-13,STORE_1,1053,34,False
2026-02-14,STORE_1,1053,35,False
2026-02-15,STORE_1,1053,26,False
2026-02-16,STORE_1,1053,23,True
2026-02-17,STORE_1,1053,10,False
2026-02-18,STORE_1,1053,14,False
2026-02-19,STORE_1,1053,12,False
2026-02-20,STORE_1,1053,20,False
2026-02-21,STORE_1,1053,26,False
2026-02-22,STORE_1,1053,27,False
2026-02-23,STORE_1,1053,28,False
2026-02-24,STORE_1,1053,16,False
2026-02-25,STORE_1,1053,25,True
2026-02-26,STORE_1,1053,19,False
2026-02-27,STORE_1,1053,10,False
2026-02-28,STORE_1,1053,38,False
2026-03-01,STORE_1,1053,28,False
2026-03-02,STORE_1,1053,14,False
2026-03-03,STORE_1,1053,12,False
2026-03-04,STORE_1,1053,26,False
2026-03-05,STORE_1,1053,36,True
2026-03-06,STORE_1,1053,26,False
2026-03-07,STORE_1,1053,10,False
2026-03-08,STORE_1,1053,18,False
2026-03-09,STORE_1,1053,18,False
2026-03-10,STORE_1,1053,18,False
2026-03-11,STORE_1,1053,0,False
2026-03-12,STORE_1,1053,20,False
2026-03-13,STORE_1,1053,24,False
2026-03-14,STORE_1,1053,21,False
2026-03-15,STORE_1,1053,22,False
2026-03-16,STORE_1,1053,20,False
2026-03-17,STORE_1,1053,22,False
2026-03-18,STORE_1,1053,18,False
2026-03-19,STORE_1,1053,21,False
2026-03-20,STORE_1,1053,19,True
2026-03-21,STORE_1,1053,33,False
2026-03-22,STORE_1,1053,25,False
2026-03-23,STORE_1,1053,18,False
2026-03-24,STORE_1,1053,20,False
2026-03-25,STORE_1,1053,17,False
2026-03-26,STORE_1,1053,22,False
2026-03-27,STORE_1,1053,0,False
2026-03-28,STORE_1,1053,20,False
2026-03-29,STORE_1,1053,34,False
2026-03-30,STORE_1,1053,19,False
2026-03-31,STORE_1,1053,28,False
2026-04-01,STORE_1,1053,12,False
2026-04-02,STORE_1,1053,15,False
2026-04-03,STORE_1,1053,15,False
2026-04-04,STORE_1,1053,35,False
2026-04-05,STORE_1,1053,13,False
2026-04-06,STORE_1,1053,18,True
2026-04-07,STORE_1,1053,21,False
2026-04-08,STORE_1,1053,18,False
2026-04-09,STORE_1,1053,19,False
2026-04-10,STORE_1,1053,26,False
2026-04-11,STORE_1,1053,43,True
2026-04-12,STORE_1,1053,23,False
2026-04-13,STORE_1,1053,23,False
2026-04-14,STORE_1,1053,13,False
2026-04-15,STORE_1,1053,21,False
2026-04-16,STORE_1,1053,13,False
2026-04-17,STORE_1,1053,37,False
2026-04-18,STORE_1,1053,26,False
2026-04-19,STORE_1,1053,35,False
2026-04-20,STORE_1,1053,11,False
2026-04-21,STORE_1,1053,21,False
2026-04-22,STORE_1,1053,15,False
2026-04-23,STORE_1,1053,0,False
2026-04-24,STORE_1,1053,31,False
2026-04-25,STORE_1,1053,30,False
2026-04-26,STORE_1,1053,15,False
2026-04-27,STORE_1,1053,19,False
2026-04-28,STORE_1,1053,16,False
2026-04-29,STORE_1,1053,15,False
2026-04-30,STORE_1,1053,27,False
2026-05-01,STORE_1,1053,22,False
2026-05-02,STORE_1,1053,27,False
2026-05-03,STORE_1,1053,14,False
2026-05-04,STORE_1,1053,11,True
2026-05-05,STORE_1,1053,22,False
2026-05-06,STORE_1,1053,14,False
2026-05-07,STORE_1,1053,17,False
2026-05-08,STORE_1,1053,18,False
2026-05-09,STORE_1,1053,35,False
2026-05-10,STORE_1,1053,27,False
2026-05-11,STORE_1,1053,23,False
2026-05-12,STORE_1,1053,24,False
2026-05-13,STORE_1,1053,19,False
2026-05-14,STORE_1,1053,18,False
2026-05-15,STORE_1,1053,27,False
2026-05-16,STORE_1,1053,24,False
2026-05-17,STORE_1,1053,26,False
2026-05-18,STORE_1,1053,24,False
2026-05-19,STORE_1,1053,14,True
2026-05-20,STORE_1,1053,24,False
2026-05-21,STORE_1,1053,24,True
2026-05-22,STORE_1,1053,31,False
2026-05-23,STORE_1,1053,32,False
2026-05-24,STORE_1,1053,28,True
2026-05-25,STORE_1,1053,16,False
2026-05-26,STORE_1,1053,20,False
2026-05-27,STORE_1,1053,17,False
2026-05-28,STORE_1,1053,15,False
2026-05-29,STORE_1,1053,22,False
2026-05-30,STORE_1,1053,31,False
2026-05-31,STORE_1,1053,18,False
2026-06-01,STORE_1,1053,21,False
2026-06-02,STORE_1,1053,23,True
2026-06-03,STORE_1,1053,20,False
2026-06-04,STORE_1,1053,25,False
2026-06-05,STORE_1,1053,28,False
2026-06-06,STORE_1,1053,15,False
2026-06-07,STORE_1,1053,28,True
2026-06-08,STORE_1,1053,18,False
2026-06-09,STORE_1,1053,17,False
2026-06-10,STORE_1,1053,17,False
2026-06-11,STORE_1,1053,18,False
2026-06-12,STORE_1,1053,16,False
2026-06-13,STORE_1,1053,17,False
2026-06-14,STORE_1,1053,15,False
2026-06-15,STORE_1,1053,24,False
2026-06-16,STORE_1,1053,19,False
2026-06-17,STORE_1,1053,14,False
2026-06-18,STORE_1,1053,37,True
2026-06-19,STORE_1,1053,20,False
2026-06-20,STORE_1,1053,31,False
2026-06-21,STORE_1,1053,24,False
2026-06-22,STORE_1,1053,14,False
2026-06-23,STORE_1,1053,11,False
2026-06-24,STORE_1,1053,21,False
2026-06-25,STORE_1,1053,48,True
2026-06-26,STORE_1,1053,27,False
2026-06-27,STORE_1,1053,35,False
2026-06-28,STORE_1,1053,15,False
2026-06-29,STORE_1,1053,20,False
2026-06-30,STORE_1,1053,14,False
2026-07-01,STORE_1,1053,18,True
2026-07-02,STORE_1,1053,23,False
2026-07-03,STORE_1,1053,29,False
2026-07-04,STORE_1,1053,0,False
2026-07-05,STORE_1,1053,23,False
2026-07-06,STORE_1,1053,0,False
2026-07-07,STORE_1,1053,15,False
2026-07-08,STORE_1,1053,23,False
2026-07-09,STORE_1,1053,18,False
2026-07-10,STORE_1,1053,17,False
2026-07-11,STORE_1,1053,23,False
2026-07-12,STORE_1,1053,27,False
2026-07-13,STORE_1,1053,20,False
2026-07-14,STORE_1,1053,16,False
2026-07-15,STORE_1,1053,11,False
2026-07-16,STORE_1,1053,22,False
2026-07-17,STORE_1,1053,23,False
2026-07-18,STORE_1,1053,19,False
2026-07-19,STORE_1,1053,27,False
2026-07-20,STORE_1,1053,17,False
2026-07-21,STORE_1,1053,17,False
2026-07-22,STORE_1,1053,24,False
2026-07-23,STORE_1,1053,22,False
2026-07-24,STORE_1,1053,29,False
2026-07-25,STORE_1,1053,0,False
2026-07-26,STORE_1,1053,25,False
2026-07-27,STORE_1,1053,26,False
2026-07-28,STORE_1,1053,9,False
2026-07-29,STORE_1,1053,10,False
2026-07-30,STORE_1,1053,13,False
2026-07-31,STORE_1,1053,30,False
2026-08-01,STORE_1,1053,24,False
2026-08-02,STORE_1,1053,36,True
2026-08-03,STORE_1,1053,18,False
2026-08-04,STORE_1,1053,26,False
2026-08-05,STORE_1,1053,19,False
2026-08-06,STORE_1,1053,17,False
2026-08-07,STORE_1,1053,28,False
2026-08-08,STORE_1,1053,28,False
2026-08-09,STORE_1,1053,17,False
2026-08-10,STORE_1,1053,17,False
2026-08-11,STORE_1,1053,16,False
2026-08-12,STORE_1,1053,17,False
2026-08-13,STORE_1,1053,25,True
2026-08-14,STORE_1,1053,24,False
2026-08-15,STORE_1,1053,39,False
2026-08-16,STORE_1,1053,31,False
2026-08-17,STORE_1,1053,14,False
2026-08-18,STORE_1,1053,22,False
2026-08-19,STORE_1,1053,14,False
2026-08-20,STORE_1,1053,20,False
2026-08-21,STORE_1,1053,20,False
2026-08-22,STORE_1,1053,27,True
2026-08-23,STORE_1,1053,22,False
2026-08-24,STORE_1,1053,20,False
2026-08-25,STORE_1,1053,11,False
2026-08-26,STORE_1,1053,19,False
2026-08-27,STORE_1,1053,0,False
2026-08-28,STORE_1,1053,28,False
2026-08-29,STORE_1,1053,7,False
2026-08-30,STORE_1,1053,27,False
2026-08-31,STORE_1,1053,21,False
2026-09-01,STORE_1,1053,15,False
2026-09-02,STORE_1,1053,21,False
2026-09-03,STORE_1,1053,30,False
2026-09-04,STORE_1,1053,29,True
2026-09-05,STORE_1,1053,37,False
2026-09-06,STORE_1,1053,25,False
2026-09-07,STORE_1,1053,19,False
2026-09-08,STORE_1,1053,17,False
2026-09-09,STORE_1,1053,19,False
2026-09-10,STORE_1,1053,15,True
2026-09-11,STORE_1,1053,20,False
2026-09-12,STORE_1,1053,17,False
2026-09-13,STORE_1,1053,28,False
2026-09-14,STORE_1,1053,6,False
2026-09-15,STORE_1,1053,22,False
2026-09-16,STORE_1,1053,20,False
2026-09-17,STORE_1,1053,26,True
2026-09-18,STORE_1,1053,26,False
2026-09-19,STORE_1,1053,28,False
2026-09-20,STORE_1,1053,27,False
2026-09-21,STORE_1,1053,14,False
2026-09-22,STORE_1,1053,18,False
2026-09-23,STORE_1,1053,10,False
2026-09-24,STORE_1,1053,0,False
2026-09-25,STORE_1,1053,28,False
2026-09-26,STORE_1,1053,16,False
2026-09-27,STORE_1,1053,20,False
2026-09-28,STORE_1,1053,13,False
2026-09-29,STORE_1,1053,20,False
2026-09-30,STORE_1,1053,19,False
